0.	1.0060599312394312
0.00009973985507391304	1.0051277325644312
0.0001994797101478261	0.9933992591936189
0.00029921956522173913	0.9936939215588417
0.0003989594202956522	0.9965901381689041
0.0004986992753695653	0.9988964131415082
0.0005984391304434783	0.9983491920416305
0.0006981789855173913	0.9945229429794008
0.0007979188405913044	0.9928725460716294
0.0008976586956652175	1.00189912445514
0.0009973985507391306	0.993157866487784
0.0010971384058130434	1.0009918312882575
0.0011968782608869565	0.9898075861826002
0.0012966181159608696	1.0005525810545062
0.0013963579710347825	0.9883237455677895
0.0014960978261086956	0.99922396787263
0.0015958376811826087	0.9882209049217554
0.0016955775362565218	0.9926081880275482
0.001795317391330435	0.9905514778112592
0.0018950572464043478	1.0016540029729677
0.001994797101478261	0.9875803476891092
0.002094536956552174	0.9967479259425641
0.002194276811626087	0.9871734875291314
0.0022940166667	0.9959158374172398
0.002393756521773913	0.997536865153274
0.002493496376847826	0.9895939242755905
0.0025932362319217393	0.9880930179852988
0.002692976086995652	0.9932739762765741
0.002792715942069565	0.9894889031251385
0.0028924557971434783	0.9882555498324114
0.0029921956522173912	0.9960309756683332
0.0030919355072913045	0.9867598110708994
0.0031916753623652174	0.9852106325681046
0.0032914152174391303	0.997370329511595
0.0033911550725130436	0.9897811467956146
0.0034908949275869565	0.9902043492341173
0.00359063478266087	0.9884805876103493
0.0036903746377347827	0.9855505104935055
0.0037901144928086956	0.9872100312742125
0.003889854347882609	0.9957626494181527
0.003989594202956522	0.9855238705357714
0.004089334058030435	0.993301403869874
0.004189073913104348	0.9857457765642985
0.004288813768178261	0.984643330936169
0.004388553623252174	0.9914321016039551
0.004488293478326087	0.9925113729833158
0.0045880333334	0.9827758327286825
0.004687773188473913	0.9903643254344575
0.004787513043547826	0.9900922054715243
0.0048872528986217394	0.9845860065658633
0.004986992753695652	0.9861602131839039
0.005086732608769565	0.9877805331978177
0.0051864724638434785	0.9866453757932706
0.005286212318917391	0.9821544003123777
0.005385952173991304	0.9907351756053424
0.005485692029065218	0.9833686387339016
0.00558543188413913	0.9830206385431036
0.005685171739213043	0.9908729034297536
0.005784911594286957	0.9873662807040632
0.00588465144936087	0.9814401983050728
0.0059843913044347824	0.9852624144337251
0.006084131159508696	0.9860821483171015
0.006183871014582609	0.9777777428787517
0.0062836108696565215	0.9877547722857846
0.006383350724730435	0.9834623059673961
0.006483090579804348	0.9883757374655698
0.006582830434878261	0.9896350114119097
0.006682570289952174	0.9882768845698326
0.006782310145026087	0.9829702508681835
0.0068820500001	0.9825494689719767
0.006981789855173913	0.9856968532508513
0.007081529710247826	0.9878954721945188
0.00718126956532174	0.9832191314026926
0.007281009420395652	0.9753354464395854
0.007380749275469565	0.9771092900912454
0.007480489130543479	0.9797242646339133
0.007580228985617391	0.9855677958327793
0.0076799688406913045	0.9784627398975521
0.007779708695765218	0.9815833133337103
0.00787944855083913	0.9782045893325741
0.007979188405913044	0.9849335487893551
0.008078928260986957	0.9840471350781758
0.00817866811606087	0.9820894302756218
0.008278407971134783	0.9816235423792489
0.008378147826208696	0.9850512724474016
0.008477887681282608	0.9842226602184624
0.008577627536356523	0.9826182662623036
0.008677367391430435	0.9773017684145762
0.008777107246504347	0.9719671753409123
0.008876847101578262	0.9776007294741665
0.008976586956652174	0.9724086487213299
0.009076326811726087	0.9785852746935682
0.0091760666668	0.9734511250223039
0.009275806521873913	0.9746399396824593
0.009375546376947826	0.977241413372701
0.00947528623202174	0.9711369516453754
0.009575026087095652	0.969183118790318
0.009674765942169565	0.9710796019847996
0.009774505797243479	0.968948211893263
0.009874245652317391	0.9808164157361277
0.009973985507391304	0.9764261678455292
0.010073725362465218	0.9773102111170996
0.01017346521753913	0.9693475274378103
0.010273205072613043	0.9775339290774024
0.010372944927686957	0.9788807471988995
0.01047268478276087	0.9730574083282904
0.010572424637834782	0.974415658100168
0.010672164492908696	0.9674816634503032
0.010771904347982609	0.9698618812247357
0.010871644203056521	0.9734962367505432
0.010971384058130435	0.9764062563922171
0.011071123913204348	0.9763915277450602
0.01117086376827826	0.9797740244238511
0.011270603623352174	0.9755032634615881
0.011370343478426087	0.9771352837967865
0.011470083333500001	0.9789537685562727
0.011569823188573913	0.975512727789713
0.011669563043647826	0.9648804992256765
0.01176930289872174	0.9748669821477031
0.011869042753795652	0.9732608006602635
0.011968782608869565	0.9685533748282135
0.012068522463943479	0.9737125826936738
0.012168262319017391	0.9714809602044595
0.012268002174091304	0.9724145371408938
0.012367742029165218	0.9772202950094473
0.01246748188423913	0.971205178594407
0.012567221739313043	0.9654578723138596
0.012666961594386957	0.9667103771548949
0.01276670144946087	0.9735114394779718
0.012866441304534782	0.9745444934732402
0.012966181159608696	0.9643395480969549
0.013065921014682609	0.9681682570433575
0.013165660869756521	0.9628337533777371
0.013265400724830435	0.9611591292747416
0.013365140579904348	0.9702888092849701
0.01346488043497826	0.9646422650308318
0.013564620290052174	0.9679528949795032
0.013664360145126087	0.9690564173430898
0.0137641000002	0.9653224619736706
0.013863839855273914	0.9737580756667599
0.013963579710347826	0.9618370638208201
0.014063319565421738	0.9626117268274762
0.014163059420495653	0.9692130488368839
0.014262799275569565	0.96415403922974
0.01436253913064348	0.9714183419798395
0.014462278985717392	0.973068674121888
0.014562018840791304	0.9647018447897131
0.014661758695865218	0.9669485725420588
0.01476149855093913	0.9704545096372272
0.014861238406013043	0.9724154464668661
0.014960978261086957	0.9638827466480233
0.01506071811616087	0.958749243341943
0.015160457971234782	0.9705892381334181
0.015260197826308696	0.9688940534309833
0.015359937681382609	0.9676299107357604
0.015459677536456521	0.96057339562923
0.015559417391530436	0.9623135762430732
0.015659157246604348	0.9635272870667264
0.01575889710167826	0.9581825674132394
0.015858636956752173	0.9563506259318391
0.01595837681182609	0.9625937064967062
0.0160581166669	0.9581069335286412
0.016157856521973914	0.9629346676674313
0.016257596377047826	0.9574073923978198
0.01635733623212174	0.9569935291187875
0.01645707608719565	0.9625269230618793
0.016556815942269567	0.9605609299275245
0.01665655579734348	0.9659587340163197
0.016756295652417392	0.955312517972269
0.016856035507491304	0.9565074198565632
0.016955775362565217	0.9553409209923956
0.01705551521763913	0.9583048304830314
0.017155255072713045	0.9613146862680443
0.017254994927786958	0.9564592614502117
0.01735473478286087	0.963267960336465
0.017454474637934782	0.9629460858825659
0.017554214493008695	0.9556098668880042
0.017653954348082607	0.9568359879118402
0.017753694203156523	0.9551459556627018
0.017853434058230436	0.9579567371803336
0.017953173913304348	0.954582309859203
0.01805291376837826	0.9647668695612559
0.018152653623452173	0.958233979718876
0.018252393478526086	0.9592263955645245
0.0183521333336	0.9524199586541722
0.018451873188673914	0.9576847989695926
0.018551613043747826	0.9576642609451163
0.01865135289882174	0.9590517176303707
0.01875109275389565	0.9597568572549701
0.018850832608969564	0.9617888664649777
0.01895057246404348	0.9625325120714417
0.019050312319117392	0.9612920342260965
0.019150052174191304	0.9522815028478081
0.019249792029265217	0.9552027214486587
0.01934953188433913	0.9625689459064182
0.019449271739413045	0.95545997922821
0.019549011594486958	0.9599134479279331
0.01964875144956087	0.9593453115913609
0.019748491304634783	0.9547367468742761
0.019848231159708695	0.9565714434557128
0.019947971014782608	0.9562478875951598
0.020047710869856523	0.9601038986403418
0.020147450724930436	0.9530230241680314
0.02024719058000435	0.9568652752558405
0.02034693043507826	0.9569126768744413
0.020446670290152173	0.9590610822856003
0.020546410145226086	0.9626754253403315
0.0206461500003	0.9564972333098448
0.020745889855373914	0.9529648553645905
0.020845629710447827	0.9566335114550333
0.02094536956552174	0.9612130873055708
0.02104510942059565	0.9619060818481249
0.021144849275669564	0.9593973861109532
0.02124458913074348	0.9486825418426331
0.021344328985817392	0.9513302773266574
0.021444068840891305	0.9612569216491079
0.021543808695965217	0.9594148252824554
0.02164354855103913	0.9600708249445833
0.021743288406113042	0.9472883172367054
0.021843028261186958	0.948293507199242
0.02194276811626087	0.9513205885195473
0.022042507971334783	0.9478222088873869
0.022142247826408695	0.9585040220361312
0.022241987681482608	0.9542116848533087
0.02234172753655652	0.9504031121732659
0.022441467391630436	0.9524412382193845
0.02254120724670435	0.9513721824823009
0.02264094710177826	0.9585102208544884
0.022740686956852173	0.94697568591759
0.022840426811926086	0.9522847280429521
0.022940166667000002	0.9586725758650068
0.023039906522073914	0.9522048288092889
0.023139646377147827	0.9496240440799806
0.02323938623222174	0.952736698666387
0.02333912608729565	0.9487134772641903
0.023438865942369564	0.9563017101525747
0.02353860579744348	0.9442445903416414
0.023638345652517392	0.9446979261573607
0.023738085507591305	0.9502875262460477
0.023837825362665217	0.9532157954059194
0.02393756521773913	0.9510498176059082
0.024037305072813042	0.9573972846139289
0.024137044927886958	0.950465492900427
0.02423678478296087	0.9463727344034565
0.024336524638034783	0.9437097094016763
0.024436264493108695	0.9501333568189628
0.024536004348182608	0.9438519637119952
0.02463574420325652	0.9500425290781765
0.024735484058330436	0.9564846253006415
0.02483522391340435	0.953344452458069
0.02493496376847826	0.9486595936722666
0.025034703623552174	0.945787404037983
0.025134443478626086	0.9492269650388881
0.0252341833337	0.9505893221284756
0.025333923188773914	0.9555158402356058
0.025433663043847827	0.9492214280879469
0.02553340289892174	0.9415562841952603
0.025633142753995652	0.9419405339712057
0.025732882609069564	0.9429547330559382
0.02583262246414348	0.9479600216359882
0.025932362319217393	0.9491239380012328
0.026032102174291305	0.9454622286767312
0.026131842029365217	0.951183228555223
0.02623158188443913	0.9506484681763597
0.026331321739513042	0.9414928915516454
0.02643106159458696	0.9416355943954646
0.02653080144966087	0.9487538291875534
0.026630541304734783	0.9479622882406484
0.026730281159808696	0.9526584204915164
0.026830021014882608	0.9526874200691288
0.02692976086995652	0.9461163828409542
0.027029500725030436	0.9446080671874209
0.02712924058010435	0.9395604306512236
0.02722898043517826	0.9444352114881948
0.027328720290252174	0.9476242369094683
0.027428460145326086	0.9443992481200962
0.0275282000004	0.9422542554200092
0.027627939855473915	0.9503346605799075
0.027727679710547827	0.9419057244419372
0.02782741956562174	0.943532340400943
0.027927159420695652	0.941437580754435
0.028026899275769564	0.9428043975610064
0.028126639130843477	0.9475361994921533
0.028226378985917393	0.938145488158329
0.028326118840991305	0.947187236914211
0.028425858696065218	0.9445855143514764
0.02852559855113913	0.9433086975712667
0.028625338406213043	0.9505991448728478
0.02872507826128696	0.9467579463437851
0.02882481811636087	0.9472563878831584
0.028924557971434783	0.9448848831981829
0.029024297826508696	0.9441222032547258
0.029124037681582608	0.94493311458352
0.02922377753665652	0.9391893168270934
0.029323517391730437	0.937052663004904
0.02942325724680435	0.9480071895720357
0.02952299710187826	0.9380721602660581
0.029622736956952174	0.936744097466249
0.029722476812026086	0.9471939357394493
0.0298222166671	0.9404715476487454
0.029921956522173915	0.9390041544480057
0.030021696377247827	0.9409309897345134
0.03012143623232174	0.9393581505811682
0.030221176087395652	0.938907129034342
0.030320915942469565	0.9435426157906596
0.030420655797543477	0.9396328738116686
0.030520395652617393	0.9442165793853944
0.030620135507691305	0.9453505579717477
0.030719875362765218	0.9393252271990359
0.03081961521783913	0.9460560538556054
0.030919355072913043	0.9421128013036394
0.031019094927986955	0.9390854524879891
0.03111883478306087	0.9484387900157024
0.031218574638134784	0.9471739701022025
0.031318314493208696	0.9355030654445214
0.03141805434828261	0.9456032983175668
0.03151779420335652	0.9451911210232675
0.03161753405843044	0.9375515144514617
0.031717273913504346	0.9359172520871353
0.03181701376857826	0.9405734211226077
0.03191675362365218	0.9473788581598283
0.03201649347872609	0.9352065712239092
0.0321162333338	0.9389565967381537
0.03221597318887391	0.9341874332472049
0.03231571304394783	0.943421227203344
0.032415452899021736	0.9353905719660189
0.03251519275409565	0.9372759093295433
0.03261493260916957	0.9463422894061471
0.03271467246424348	0.9412117359569867
0.03281441231931739	0.9386638166827427
0.0329141521743913	0.9331925689015503
0.03301389202946522	0.9374330573927867
0.033113631884539134	0.9418368677961066
0.03321337173961304	0.946173110434731
0.03331311159468696	0.9452071202247649
0.03341285144976087	0.9366382477534292
0.033512591304834784	0.9398384416903571
0.03361233115990869	0.9436559968199573
0.03371207101498261	0.9449804637043108
0.033811810870056525	0.9435373616439097
0.033911550725130434	0.9380102293384658
0.03401129058020435	0.9376873417871305
0.03411103043527826	0.9331856509508871
0.034210770290352174	0.936858851879707
0.03431051014542609	0.9451956027718447
0.0344102500005	0.9321451489514323
0.034509989855573915	0.9313004755149749
0.034609729710647824	0.9392175646718851
0.03470946956572174	0.9429668784933872
0.03480920942079565	0.9321574798367147
0.034908949275869565	0.9343945488559537
0.03500868913094348	0.9332147449091615
0.03510842898601739	0.9364423991283862
0.035208168841091306	0.93675280686831
0.035307908696165215	0.9347191351758605
0.03540764855123913	0.9351120496609628
0.03550738840631305	0.940418103857593
0.035607128261386956	0.9409268547537424
0.03570686811646087	0.9322576315275471
0.03580660797153478	0.9414843449375293
0.035906347826608696	0.9388985046309682
0.03600608768168261	0.9310785762642176
0.03610582753675652	0.9352356037711663
0.03620556739183044	0.9324920261866779
0.036305307246904346	0.9351883701654153
0.03640504710197826	0.9330277048148485
0.03650478695705217	0.9401938538147269
0.03660452681212609	0.9336177096931468
0.0367042666672	0.9334857598070759
0.03680400652227391	0.9424698193621244
0.03690374637734783	0.9367372288251754
0.03700348623242174	0.9397085229141396
0.03710322608749565	0.9326823247006456
0.03720296594256957	0.9421346760446064
0.03730270579764348	0.9309330881065866
0.03740244565271739	0.9321542793011591
0.0375021855077913	0.9291923223756919
0.03760192536286522	0.9301288061282333
0.03770166521793913	0.9310418552296219
0.03780140507301304	0.9292926020691511
0.03790114492808696	0.9368890112544962
0.03800088478316087	0.9291740932172565
0.038100624638234784	0.9289308662452801
0.03820036449330869	0.9327128486855599
0.03830010434838261	0.9356616635893484
0.038399844203456525	0.9317537197026623
0.038499584058530434	0.9281733149446549
0.03859932391360435	0.9334623527682985
0.03869906376867826	0.9360099309182255
0.038798803623752175	0.9351938662255165
0.03889854347882609	0.9356483435572812
0.0389982833339	0.937515519924753
0.039098023188973915	0.9286803804748172
0.039197763044047824	0.9336282764643534
0.03929750289912174	0.9341897108920224
0.03939724275419565	0.9299385695747517
0.039496982609269565	0.9407137130750848
0.03959672246434348	0.9309862568017176
0.03969646231941739	0.9269432833157696
0.039796202174491306	0.9304033466429201
0.039895942029565215	0.9293035051031736
0.03999568188463913	0.9304935336582448
0.04009542173971305	0.930428537883836
0.040195161594786956	0.9306380674929782
0.04029490144986087	0.9372654744932546
0.04039464130493478	0.9322022193409428
0.0404943811600087	0.9325110667081535
0.040594121015082606	0.9375574281793958
0.04069386087015652	0.9315257760035602
0.04079360072523044	0.9328286121349786
0.040893340580304346	0.9299759980705337
0.04099308043537826	0.9354790171504129
0.04109282029045217	0.9281268365999269
0.04119256014552609	0.9390628895958505
0.0412923000006	0.9307409476305086
0.04139203985567391	0.9256987998011582
0.04149177971074783	0.9341134444700128
0.04159151956582174	0.9369760063056966
0.04169125942089565	0.9265623485475063
0.04179099927596957	0.9313042444234914
0.04189073913104348	0.9314358216854887
0.041990478986117394	0.9340331817547751
0.0420902188411913	0.9276576348126184
0.04218995869626522	0.9318524247622225
0.04228969855133913	0.9319735620572769
0.042389438406413044	0.9268501271148545
0.04248917826148696	0.9255025979687005
0.04258891811656087	0.9351746308521789
0.042688657971634784	0.9317347368606727
0.04278839782670869	0.9310172115825874
0.04288813768178261	0.9274211964585388
0.042987877536856525	0.9348608008941102
0.043087617391930434	0.9343064656397204
0.04318735724700435	0.9317921247256351
0.04328709710207826	0.9304231805352767
0.043386836957152175	0.9253864552301286
0.043486576812226084	0.9310371369989477
0.0435863166673	0.9258831367344987
0.043686056522373916	0.9342941108278409
0.043785796377447825	0.9316030299566063
0.04388553623252174	0.9291088465657038
0.04398527608759565	0.9250683009550524
0.044085015942669566	0.9248044294229821
0.04418475579774348	0.9235470245744496
0.04428449565281739	0.9291987128550367
0.044384235507891306	0.9278929384727072
0.044483975362965215	0.9330570362110533
0.04458371521803913	0.9342190601844266
0.04468345507311304	0.9343875344317416
0.044783194928186956	0.9290357782542598
0.04488293478326087	0.9318227542388183
0.04498267463833478	0.9294835703933146
0.0450824144934087	0.9266909123701559
0.045182154348482606	0.9349897742077518
0.04528189420355652	0.9286064630754932
0.04538163405863044	0.929428427023984
0.04548137391370435	0.9258033564442631
0.04558111376877826	0.9254944925385692
0.04568085362385217	0.9292075782600546
0.04578059347892609	0.9293403602167603
0.045880333334000004	0.9263997821539769
0.04598007318907391	0.9232082757014123
0.04607981304414783	0.9294043729358266
0.04617955289922174	0.9330180931111938
0.04627929275429565	0.9268221368007483
0.04637903260936956	0.9270043747822838
0.04647877246444348	0.9294674048157535
0.046578512319517394	0.9274644299814339
0.0466782521745913	0.9337308327992242
0.04677799202966522	0.9275830806677496
0.04687773188473913	0.9255686868749219
0.046977471739813044	0.9341806334629198
0.04707721159488696	0.9213861563400236
0.04717695144996087	0.9344641174810766
0.047276691305034785	0.9232192327915735
0.047376431160108694	0.9214505931829656
0.04747617101518261	0.9269176995292564
0.04757591087025652	0.926830249220869
0.047675650725330435	0.9247645008016765
0.04777539058040435	0.923692014165117
0.04787513043547826	0.9263902999773324
0.047974870290552175	0.9338486754944626
0.048074610145626084	0.9224009121571256
0.0481743500007	0.9220528239976569
0.048274089855773916	0.9265615490927942
0.048373829710847825	0.9297139298625073
0.04847356956592174	0.9326252951829545
0.04857330942099565	0.9256904527842746
0.048673049276069566	0.9252655162263299
0.04877278913114348	0.9335452567430764
0.04887252898621739	0.9231788833579382
0.04897226884129131	0.9335814015064391
0.049072008696365216	0.9279755550976153
0.04917174855143913	0.9263318753409632
0.04927148840651304	0.9238320258728379
0.04937122826158696	0.9306477973306463
0.04947096811666087	0.929899000356237
0.04957070797173478	0.9293359275658749
0.0496704478268087	0.9327748244734341
0.049770187681882606	0.9290327715183178
0.04986992753695652	0.9284363985347295
0.04996966739203044	0.9201581310115772
0.05006940724710435	0.9234881572594956
0.05016914710217826	0.920774710553733
0.05026888695725217	0.930431040985265
0.05036862681232609	0.9225691166084212
0.0504683666674	0.9300009826769358
0.05056810652247391	0.9287859820054171
0.05066784637754783	0.9307686865917797
0.05076758623262174	0.929059917154045
0.050867326087695654	0.9212032510763688
0.05096706594276956	0.9244199867018142
0.05106680579784348	0.9224722738701358
0.051166545652917395	0.9246173406997663
0.051266285507991304	0.918417092113633
0.05136602536306522	0.9254672043761757
0.05146576521813913	0.9272896379563429
0.051565505073213044	0.9214809510966586
0.05166524492828696	0.9222377330874902
0.05176498478336087	0.9187151219375985
0.051864724638434785	0.9209957501173884
0.051964464493508694	0.9229624456160156
0.05206420434858261	0.9227313312788887
0.05216394420365652	0.9243003223300539
0.052263684058730435	0.9228895180522025
0.05236342391380435	0.9266148313278828
0.05246316376887826	0.9205142767961707
0.052562903623952176	0.9255309188740881
0.052662643479026085	0.9262871223250886
0.0527623833341	0.928803109922844
0.05286212318917392	0.9178864084944379
0.052961863044247826	0.9188111138704426
0.05306160289932174	0.9243301711887051
0.05316134275439565	0.9298598577065496
0.053261082609469566	0.9179775581931611
0.053360822464543475	0.9207516156976783
0.05346056231961739	0.9284592252824488
0.05356030217469131	0.9237722567721869
0.053660042029765216	0.9181826672340806
0.05375978188483913	0.924611054244643
0.05385952173991304	0.92549700872381
0.05395926159498696	0.925021860304084
0.05405900145006087	0.929716618681601
0.05415874130513478	0.9301215451308492
0.0542584811602087	0.9246915723656502
0.05435822101528261	0.9186425283729154
0.05445796087035652	0.9203348749103785
0.05455770072543044	0.9286333398939295
0.05465744058050435	0.9195209661847629
0.054757180435578263	0.927177511866709
0.05485692029065217	0.9295606116477283
0.05495666014572609	0.9288177454619705
0.055056400000800004	0.9260965039824769
0.05515613985587391	0.9218290812022888
0.05525587971094783	0.9263194242923604
0.05535561956602174	0.9202425140431424
0.055455359421095654	0.9298739153938571
0.05555509927616956	0.9259783898506352
0.05565483913124348	0.9224534210662894
0.05575457898631739	0.928222449640539
0.055854318841391304	0.9162990036285703
0.05595405869646522	0.924563315634397
0.05605379855153913	0.9213073350789734
0.056153538406613045	0.9289875334419301
0.056253278261686954	0.9231577738210931
0.05635301811676087	0.9186748373362106
0.056452757971834785	0.9225045913533387
0.056552497826908694	0.9165510169986933
0.05665223768198261	0.9287719640520244
0.05675197753705652	0.9201266491942394
0.056851717392130435	0.9281257082392655
0.05695145724720435	0.9174268894557778
0.05705119710227826	0.9238471783627527
0.057150936957352176	0.9172586955811026
0.057250676812426085	0.9228434352846943
0.0573504166675	0.9200323073902599
0.05745015652257392	0.9184905434228998
0.057549896377647826	0.9186304322785596
0.05764963623272174	0.9244063265296164
0.05774937608779565	0.9184030313312759
0.05784911594286957	0.9270093974959057
0.057948855797943476	0.9278955989779054
0.05804859565301739	0.9273984379707937
0.05814833550809131	0.9157719441677321
0.058248075363165217	0.9201233801819837
0.05834781521823913	0.9250334423985639
0.05844755507331304	0.9202041684403771
0.05854729492838696	0.9245180530950635
0.058647034783460866	0.916212909666291
0.05874677463853478	0.917275195114258
0.0588465144936087	0.9270691522781352
0.05894625434868261	0.9278140968336314
0.05904599420375652	0.9144542202348174
0.05914573405883043	0.9157307271963925
0.05924547391390435	0.9213863080118063
0.059345213768978264	0.9258473531102801
0.05944495362405217	0.9268604588717895
0.05954469347912609	0.920173074022012
0.0596444333342	0.9177623069678391
0.059744173189273914	0.9232396696057665
0.05984391304434783	0.9265062306549083
0.05994365289942174	0.9207894859771479
0.060043392754495654	0.9227439408489544
0.06014313260956956	0.9205001246746183
0.06024287246464348	0.9155817507881686
0.060342612319717395	0.9187234636265055
0.060442352174791304	0.9180507663793042
0.06054209202986522	0.9229105578594405
0.06064183188493913	0.9256829183496992
0.060741571740013045	0.9225218152737514
0.06084131159508696	0.9173686212102508
0.06094105145016087	0.9246063951872078
0.06104079130523478	0.9214788031794625
0.061140531160308695	0.9175539689940622
0.06124027101538261	0.9171561290182042
0.06134001087045652	0.9168400029004415
0.061439750725530436	0.9176708812492201
0.061539490580604345	0.9175547757233323
0.06163923043567826	0.9130294068857743
0.061738970290752176	0.9266901900658032
0.061838710145826085	0.9187021806557021
0.0619384500009	0.9222334086142138
0.06203818985597391	0.9223343842221005
0.062137929711047826	0.92030511996111
0.06223766956612174	0.9165738365773727
0.06233740942119565	0.922164158383535
0.06243714927626957	0.9198378056591879
0.06253688913134348	0.9157604307732762
0.06263662898641739	0.9220083798715206
0.06273636884149131	0.9150697000669638
0.06283610869656522	0.9219025972617454
0.06293584855163913	0.9129222297383226
0.06303558840671304	0.9202053126384332
0.06313532826178696	0.9155385403196
0.06323506811686087	0.9157875787134004
0.06333480797193478	0.9246243932901752
0.06343454782700869	0.9138036151338227
0.06353428768208261	0.9188659957839307
0.06363402753715652	0.9202512829547281
0.06373376739223044	0.9163706227192443
0.06383350724730436	0.9121875501242442
0.06393324710237826	0.9227988475242045
0.06403298695745217	0.9162465543118935
0.06413272681252609	0.9193406688708555
0.0642324666676	0.91572627301751
0.06433220652267391	0.9141605432056488
0.06443194637774782	0.912679630471563
0.06453168623282174	0.9126779390648119
0.06463142608789565	0.9198879553103045
0.06473116594296957	0.9143351229624044
0.06483090579804347	0.9158486027253574
0.06493064565311739	0.9122338132644185
0.0650303855081913	0.9238940504711829
0.06513012536326522	0.922401455603515
0.06522986521833914	0.9222999348191947
0.06532960507341304	0.9161624703359379
0.06542934492848695	0.9214625331372794
0.06552908478356087	0.9230072600606011
0.06562882463863479	0.9212807649725719
0.0657285644937087	0.9176516228196969
0.0658283043487826	0.9140429760237953
0.06592804420385652	0.9161873667451378
0.06602778405893044	0.9243448781979923
0.06612752391400435	0.9165539792350506
0.06622726376907825	0.9241566254518069
0.06632700362415217	0.9110521944072723
0.06642674347922609	0.9173989967994842
0.0665264833343	0.9229983351452946
0.06662622318937392	0.9146987213391405
0.06672596304444783	0.9194521990789706
0.06682570289952174	0.912119714036233
0.06692544275459565	0.9163330686347728
0.06702518260966957	0.9116245859904848
0.06712492246474348	0.9191705495056175
0.06722466231981739	0.918040508165609
0.0673244021748913	0.9167829449987469
0.06742414202996522	0.9150844612872167
0.06752388188503913	0.9126060342043005
0.06762362174011305	0.9220081585465306
0.06772336159518696	0.9213990432336042
0.06782310145026087	0.9111650017123051
0.06792284130533478	0.915554103953263
0.0680225811604087	0.9112910629228936
0.0681223210154826	0.9199441360389394
0.06822206087055652	0.9107274062413957
0.06832180072563043	0.9105490197876531
0.06842154058070435	0.9188591535234516
0.06852128043577826	0.9206609890903718
0.06862102029085218	0.9126241399268006
0.06872076014592608	0.915671097328158
0.068820500001	0.9194283474093253
0.06892023985607391	0.912129588338882
0.06901997971114783	0.9101560576590257
0.06911971956622173	0.918155328421556
0.06921945942129565	0.9165564876908459
0.06931919927636956	0.9121007942918563
0.06941893913144348	0.9180830151892587
0.0695186789865174	0.9217378519701562
0.06961841884159131	0.9097648781519266
0.06971815869666521	0.9199478786819683
0.06981789855173913	0.9095635130641482
0.06991763840681305	0.91215244575545
0.07001737826188696	0.9121795119494213
0.07011711811696086	0.9174569112611851
0.07021685797203478	0.9193645601364228
0.0703165978271087	0.9198085314920533
0.07041633768218261	0.9181042030400572
0.07051607753725653	0.9130099464304292
0.07061581739233044	0.9132756075175732
0.07071555724740435	0.9133881544975377
0.07081529710247826	0.9226424919821544
0.07091503695755218	0.9221613610674965
0.07101477681262608	0.912149986201269
0.0711145166677	0.9093164064678951
0.07121425652277391	0.9219718486769144
0.07131399637784783	0.9219284712390665
0.07141373623292174	0.9224717405587662
0.07151347608799566	0.9185709141148267
0.07161321594306956	0.9152758704741171
0.07171295579814348	0.9126268519115398
0.07181269565321739	0.9165944293327278
0.07191243550829131	0.9107079460521206
0.07201217536336521	0.9175384837261544
0.07211191521843913	0.914336077646851
0.07221165507351304	0.9141640878094043
0.07231139492858696	0.9111520111388945
0.07241113478366087	0.9177319679138815
0.07251087463873479	0.910712187699797
0.07261061449380869	0.9139252569741365
0.07271035434888261	0.9113202076364383
0.07281009420395652	0.9168265352251658
0.07290983405903044	0.9137576427875669
0.07300957391410434	0.9179402949448445
0.07310931376917826	0.916579799906467
0.07320905362425217	0.9157731983726516
0.07330879347932609	0.9199202709657807
0.0734085333344	0.9084053410292008
0.07350827318947392	0.9194482428337177
0.07360801304454782	0.9088582259925173
0.07370775289962174	0.9089185128509583
0.07380749275469566	0.9134250769643171
0.07390723260976956	0.9189594503260047
0.07400697246484347	0.9162493510579257
0.07410671231991739	0.9119901391540182
0.0742064521749913	0.9186060599012501
0.07430619203006522	0.9193994787558689
0.07440593188513914	0.9168718432488671
0.07450567174021304	0.9138293898658495
0.07460541159528696	0.9119764667442984
0.07470515145036087	0.9102127818022068
0.07480489130543479	0.9082088633854178
0.07490463116050869	0.9132198439798311
0.0750043710155826	0.9081215550140578
0.07510411087065652	0.9102296049044611
0.07520385072573044	0.9178540491208624
0.07530359058080435	0.9161988397553722
0.07540333043587827	0.9114129489426837
0.07550307029095217	0.9132387260868864
0.07560281014602609	0.9080519526384446
0.0757025500011	0.9083481215852244
0.07580228985617392	0.9079715088805204
0.07590202971124782	0.9151368300894773
0.07600176956632174	0.9203442451424757
0.07610150942139565	0.9094777060867772
0.07620124927646957	0.9076834126586018
0.07630098913154348	0.9116310402816664
0.0764007289866174	0.9130491676988359
0.0765004688416913	0.9098453682862485
0.07660020869676522	0.9163603248385471
0.07669994855183913	0.9141439541374653
0.07679968840691304	0.9104468131576775
0.07689942826198695	0.9115101714941475
0.07699916811706087	0.9171457537016253
0.07709890797213478	0.9142301587711029
0.0771986478272087	0.9073444945215426
0.07729838768228262	0.9204392315418647
0.07739812753735652	0.9119530425119873
0.07749786739243043	0.9186116975604179
0.07759760724750435	0.9188421145940329
0.07769734710257827	0.9192561987252986
0.07779708695765217	0.9175763534568253
0.07789682681272608	0.91350624953803
0.0779965666678	0.9168680655402383
0.07809630652287392	0.9140032913170134
0.07819604637794783	0.9188316235287162
0.07829578623302175	0.9081190525445125
0.07839552608809565	0.919787949976271
0.07849526594316956	0.9128450359130945
0.07859500579824348	0.9074469840343214
0.0786947456533174	0.9093341714036797
0.0787944855083913	0.9145979419726475
0.07889422536346521	0.9152985221205735
0.07899396521853913	0.9182715731387451
0.07909370507361305	0.9101231278684339
0.07919344492868696	0.9157971267099511
0.07929318478376088	0.9189450113779165
0.07939292463883478	0.9155192991997018
0.0794926644939087	0.9095891307830468
0.07959240434898261	0.9095298530110113
0.07969214420405651	0.9074331374532048
0.07979188405913043	0.9104173214640119
0.07989162391420435	0.907725060894041
0.07999136376927826	0.9099060921229648
0.08009110362435218	0.9081648395938093
0.0801908434794261	0.915944479429485
0.0802905833345	0.910490955249581
0.08039032318957391	0.9102932832671001
0.08049006304464783	0.9137004829734469
0.08058980289972174	0.9120935043895316
0.08068954275479565	0.9154676121738933
0.08078928260986956	0.9074184172678601
0.08088902246494348	0.9083378024777181
0.0809887623200174	0.9174973112916782
0.08108850217509131	0.9066668342262635
0.08118824203016523	0.9063434792589316
0.08128798188523913	0.9084134767889214
0.08138772174031304	0.9175998610377036
0.08148746159538696	0.9139404936399818
0.08158720145046088	0.9162680562467651
0.08168694130553478	0.916785278155202
0.08178668116060869	0.91469498455031
0.08188642101568261	0.915121004881066
0.08198616087075652	0.9175070003576157
0.08208590072583044	0.9150693419051565
0.08218564058090436	0.9097814477288317
0.08228538043597826	0.912517041115635
0.08238512029105217	0.9082252186212986
0.08248486014612609	0.9087889229598661
0.08258460000119999	0.9143762970749487
0.08268433985627391	0.9174530477114878
0.08278407971134782	0.9109707453525119
0.08288381956642174	0.9067298590045629
0.08298355942149566	0.9159888213885923
0.08308329927656957	0.9173131974840503
0.08318303913164349	0.9061118353295303
0.08328277898671739	0.9172326409766264
0.0833825188417913	0.911853834236954
0.08348225869686521	0.9095243835237752
0.08358199855193912	0.9068055297381861
0.08368173840701304	0.9052920673623798
0.08378147826208696	0.9129682470797107
0.08388121811716087	0.9105446043904273
0.08398095797223479	0.914461883148345
0.0840806978273087	0.9114531970553161
0.08418043768238262	0.9096973630932942
0.08428017753745652	0.914495002890912
0.08437991739253044	0.9063958889931967
0.08447965724760434	0.9126483408627439
0.08457939710267826	0.9085851384916208
0.08467913695775217	0.908055082774938
0.08477887681282609	0.9050862784391723
0.0848786166679	0.9162301190308992
0.08497835652297392	0.9094335290466214
0.08507809637804783	0.9130215719237457
0.08517783623312174	0.9050709090744616
0.08527757608819565	0.9070590514184141
0.08537731594326957	0.9108038863245788
0.08547705579834347	0.9106741388588916
0.08557679565341739	0.9082279178993499
0.0856765355084913	0.9054282344023524
0.08577627536356522	0.9143754742569662
0.08587601521863913	0.913047831617587
0.08597575507371305	0.9163681547106306
0.08607549492878697	0.9050896813592947
0.08617523478386087	0.9127958457976127
0.08627497463893478	0.9155858897434689
0.08637471449400869	0.9096191713725752
0.0864744543490826	0.9057186087706837
0.08657419420415652	0.9155155003052433
0.08667393405923043	0.9163312804566095
0.08677367391430435	0.916353209073028
0.08687341376937827	0.9059223946104137
0.08697315362445218	0.9103772976264808
0.0870728934795261	0.9158766430910026
0.0871726333346	0.9129702642914692
0.08727237318967392	0.9123030973268479
0.08737211304474782	0.9089238132281134
0.08747185289982173	0.9051191952862591
0.08757159275489565	0.9085496341284232
0.08767133260996957	0.9112623196872888
0.08777107246504348	0.9082779779090743
0.0878708123201174	0.9120301887734337
0.08797055217519131	0.9043953214703196
0.08807029203026522	0.9093670287828685
0.08817003188533913	0.9111602900492258
0.08826977174041305	0.9142055473082988
0.08836951159548695	0.9162851551943816
0.08846925145056087	0.9085542806843876
0.08856899130563478	0.907980254665815
0.0886687311607087	0.9095351769823334
0.08876847101578261	0.905068097149157
0.08886821087085653	0.9042999398163158
0.08896795072593044	0.9114039441005175
0.08906769058100435	0.9074131319790791
0.08916743043607826	0.9045828815895727
0.08926717029115216	0.9109769180784203
0.08936691014622608	0.9127342382770559
0.0894666500013	0.9092146538566641
0.08956638985637391	0.9120041066442104
0.08966612971144783	0.9096086313384792
0.08976586956652174	0.9098685224010624
0.08986560942159566	0.9057430499728402
0.08996534927666958	0.9054855839285922
0.09006508913174348	0.9068479618390445
0.0901648289868174	0.9035565043060123
0.0902645688418913	0.9109818639501619
0.09036430869696521	0.9101292604067672
0.09046404855203913	0.9133819773585818
0.09056378840711304	0.9148072115181183
0.09066352826218696	0.914280121615848
0.09076326811726088	0.9141149224447632
0.09086300797233479	0.9038454981256616
0.0909627478274087	0.9154792176681483
0.09106248768248261	0.9037932094638514
0.09116222753755653	0.9141067367710356
0.09126196739263043	0.9097146966112555
0.09136170724770434	0.9039465695581778
0.09146144710277826	0.9124025064958535
0.09156118695785218	0.915881281306879
0.09166092681292609	0.9111839019842715
0.09176066666800001	0.9112024039874042
0.09186040652307392	0.9094266957216428
0.09196014637814783	0.9099388780408361
0.09205988623322174	0.9082157264590742
0.09215962608829564	0.9051305405227723
0.09225936594336956	0.9082149751541381
0.09235910579844347	0.9072467312394038
0.09245884565351739	0.9162023547101973
0.0925585855085913	0.9076865174767094
0.09265832536366522	0.9032344313237349
0.09275806521873914	0.911044741662219
0.09285780507381305	0.9043029654781474
0.09295754492888696	0.9079447715809518
0.09305728478396087	0.9161946879512651
0.09315702463903477	0.9038734324649448
0.09325676449410869	0.9093323456443826
0.0933565043491826	0.9091202579870463
0.09345624420425652	0.9065551187433175
0.09355598405933044	0.9137754417020723
0.09365572391440435	0.9159138635687386
0.09375546376947827	0.9148104599851755
0.09385520362455217	0.9091782972233249
0.09395494347962609	0.9042139332722594
0.0940546833347	0.9085430535856904
0.0941544231897739	0.9054108414725014
0.09425416304484782	0.9043590097450332
0.09435390289992174	0.909322449905774
0.09445364275499565	0.9049761650881382
0.09455338261006957	0.9056058961617327
0.09465312246514349	0.9035775009142817
0.0947528623202174	0.9080838197203353
0.0948526021752913	0.9055794313392843
0.09495234203036522	0.907304829817671
0.09505208188543912	0.9121971719077128
0.09515182174051304	0.9086328165207403
0.09525156159558695	0.9081379549448962
0.09535130145066087	0.9155953583411309
0.09545104130573479	0.9049940244019216
0.0955507811608087	0.9057517822869271
0.09565052101588262	0.909867541814603
0.09575026087095652	0.913198424095023
0.09585000072603043	0.9044114722454588
0.09594974058110435	0.9026914146452633
0.09604948043617825	0.9026408268099901
0.09614922029125217	0.9063610962769691
0.09624896014632608	0.9095926583016537
0.0963487000014	0.9093337182210528
0.09644843985647392	0.9129026692931675
0.09654817971154783	0.9132982619512023
0.09664791956662175	0.9030322524475566
0.09674765942169565	0.9047654411538204
0.09684739927676957	0.9081858250737771
0.09694713913184348	0.9138453851174644
0.09704687898691738	0.9043229136068478
0.0971466188419913	0.9146550953572208
0.09724635869706522	0.9031340909316575
0.09734609855213913	0.9047797393239496
0.09744583840721305	0.9115870478330006
0.09754557826228696	0.9109307459007698
0.09764531811736088	0.909290355768455
0.09774505797243478	0.9028462417640749
0.0978447978275087	0.906954122287024
0.0979445376825826	0.9117639332278936
0.09804427753765652	0.9106998289038697
0.09814401739273043	0.9028540471574845
0.09824375724780435	0.9076196602045328
0.09834349710287826	0.9072601394239866
0.09844323695795218	0.9088263218166062
0.0985429768130261	0.9118467170944973
0.0986427166681	0.9041442553445731
0.09874245652317391	0.9052064458100203
0.09884219637824783	0.9121449130242804
0.09894193623332173	0.9141735788343448
0.09904167608839565	0.9055863718314672
0.09914141594346956	0.904537086056647
0.09924115579854348	0.9076285094456729
0.0993408956536174	0.9083243803686903
0.09944063550869131	0.9124957952288076
0.09954037536376523	0.9103292968127322
0.09964011521883913	0.9021038306179145
0.09973985507391304	0.9051586103607331
0.09983959492898696	0.9063351117573871
0.09993933478406086	0.901471578444777
0.10003907463913478	0.9137675432620045
0.1001388144942087	0.9082649847842182
0.10023855434928261	0.9106399026004461
0.10033829420435653	0.9099027699888158
0.10043803405943044	0.9024156467781416
0.10053777391450436	0.9120483173903294
0.10063751376957826	0.9066638896664735
0.10073725362465218	0.9026169240034261
0.10083699347972608	0.9048620280857474
0.1009367333348	0.9060677946442127
0.10103647318987391	0.9109698907880737
0.10113621304494783	0.9103056351324491
0.10123595290002174	0.9138179493668138
0.10133569275509566	0.9031614635900553
0.10143543261016957	0.9037246236116324
0.10153517246524348	0.9118741988947069
0.10163491232031739	0.9093636254512762
0.10173465217539131	0.9015331120980231
0.10183439203046521	0.9114495762384277
0.10193413188553913	0.9049147780828001
0.10203387174061304	0.9068056134357094
0.10213361159568696	0.9083971485864737
0.10223335145076087	0.9040929581770747
0.10233309130583479	0.9014117226530126
0.10243283116090869	0.9135365917317585
0.10253257101598261	0.9018047873235723
0.10263231087105652	0.9061305223979771
0.10273205072613044	0.9086585426530117
0.10283179058120435	0.911132604339139
0.10293153043627826	0.9112370073124508
0.10303127029135217	0.9069662275342606
0.10313101014642609	0.9021587566337266
0.1032307500015	0.9062287465568756
0.10333048985657392	0.9081294260330722
0.10343022971164782	0.9084193763056595
0.10352996956672174	0.9130919967643754
0.10362970942179565	0.9135086986606481
0.10372944927686957	0.9011540821945773
0.10382918913194347	0.906177905561235
0.10392892898701739	0.9041442788042945
0.1040286688420913	0.9069000908886992
0.10412840869716522	0.9123533881351202
0.10422814855223914	0.9105421482441743
0.10432788840731304	0.9088271345659725
0.10442762826238695	0.9010964794190184
0.10452736811746087	0.9066402971620102
0.10462710797253479	0.9104626630657248
0.1047268478276087	0.9095633129291674
0.1048265876826826	0.903207170977577
0.10492632753775652	0.9003688943726758
0.10502606739283044	0.9102517858077973
0.10512580724790435	0.8999986787946497
0.10522554710297827	0.9034113497055417
0.10532528695805217	0.9117361951853221
0.10542502681312609	0.9044976023855288
0.1055247666682	0.9025302690109049
0.10562450652327392	0.9125353586651461
0.10572424637834783	0.9054170386650272
0.10582398623342174	0.9074561445216635
0.10592372608849565	0.9122943057708397
0.10602346594356957	0.9054430246576555
0.10612320579864348	0.9069500846514621
0.1062229456537174	0.9108114220557672
0.1063226855087913	0.9037859979801196
0.10642242536386522	0.9115106576805018
0.10652216521893913	0.9077659838207712
0.10662190507401305	0.9122441871578449
0.10672164492908695	0.91145879675566
0.10682138478416087	0.9009300947462213
0.10692112463923478	0.9097204725156463
0.1070208644943087	0.9074576546462142
0.10712060434938261	0.9105293784504257
0.10722034420445652	0.9030671742900356
0.10732008405953043	0.9101811945426276
0.10741982391460435	0.9124228191857312
0.10751956376967826	0.9078601275999364
0.10761930362475218	0.9090075852562906
0.10771904347982608	0.9005085515700759
0.1078187833349	0.9023980433307432
0.10791852318997391	0.9059315880859006
0.10801826304504783	0.9031569679687891
0.10811800290012175	0.9072162147598064
0.10821774275519565	0.9013761557259489
0.10831748261026956	0.9015364729795884
0.10841722246534348	0.9003644103362128
0.1085169623204174	0.9129206977286805
0.10861670217549131	0.9128639502833343
0.10871644203056521	0.9021257133921964
0.10881618188563913	0.9037257349978751
0.10891592174071305	0.9011186524976813
0.10901566159578696	0.9053032684671526
0.10911540145086088	0.9072558609233544
0.10921514130593478	0.9011372417844483
0.1093148811610087	0.9099323459114562
0.10941462101608261	0.9054502103988026
0.10951436087115653	0.9044199777464456
0.10961410072623043	0.904927248221278
0.10971384058130434	0.9088047740641471
0.10981358043637826	0.9062829707425942
0.10991332029145218	0.9015723326610126
0.11001306014652609	0.9011535077487852
0.11011280000160001	0.9068434126664462
0.11021253985667391	0.9066686571263126
0.11031227971174783	0.9001791702268569
0.11041201956682174	0.9047109480540111
0.11051175942189566	0.9060107268953951
0.11061149927696956	0.9036742555099937
0.11071123913204348	0.9094263181430807
0.11081097898711739	0.9009159766397775
0.11091071884219131	0.9063841496162789
0.11101045869726522	0.9078515194932968
0.11111019855233913	0.9072604330232845
0.11120993840741304	0.9035131619178739
0.11130967826248696	0.9032237705923104
0.11140941811756087	0.901561744989643
0.11150915797263478	0.9035043881344201
0.11160889782770869	0.9045791599646668
0.11170863768278261	0.8994635231750571
0.11180837753785652	0.9061387631528324
0.11190811739293044	0.9108806175933428
0.11200785724800436	0.9039321801055498
0.11210759710307826	0.9033196368480448
0.11220733695815217	0.9012721440232865
0.11230707681322609	0.906672402042351
0.1124068166683	0.9084187564409434
0.11250655652337391	0.9061105045849942
0.11260629637844782	0.9040097906890944
0.11270603623352174	0.9072022688008308
0.11280577608859566	0.9067076857322843
0.11290551594366957	0.9087073461414936
0.11300525579874347	0.906803613943161
0.11310499565381739	0.9049478095878485
0.1132047355088913	0.8992641194942205
0.11330447536396522	0.8986920009427548
0.11340421521903914	0.9054265432266972
0.11350395507411304	0.9098388530689113
0.11360369492918695	0.9120267430818769
0.11370343478426087	0.898898920394296
0.11380317463933479	0.9018069852119877
0.1139029144944087	0.9000482803780553
0.1140026543494826	0.9061243202734204
0.11410239420455652	0.9012708300694469
0.11420213405963044	0.9025533354457402
0.11430187391470435	0.9084000863637874
0.11440161376977825	0.9011638906624092
0.11450135362485217	0.9110685896518298
0.11460109347992609	0.9063034024829733
0.114700833335	0.9008419691064836
0.11480057319007392	0.9093399827263665
0.11490031304514783	0.9066162005947428
0.11500005290022174	0.9108616584720954
0.11509979275529565	0.8999600828995725
0.11519953261036957	0.9115818185405232
0.11529927246544348	0.907555624433045
0.11539901232051739	0.9107695723364782
0.1154987521755913	0.898451207469064
0.11559849203066522	0.9068096069513437
0.11569823188573913	0.9050872540966267
0.11579797174081305	0.8991063942971553
0.11589771159588695	0.8992078591109356
0.11599745145096087	0.9045842691148057
0.11609719130603478	0.9077671574445297
0.1161969311611087	0.9112332709178593
0.11629667101618262	0.9077430355156868
0.11639641087125652	0.9092723604603811
0.11649615072633043	0.9008493176639101
0.11659589058140435	0.9032762101107678
0.11669563043647826	0.9059986294820779
0.11679537029155218	0.9026609242429509
0.11689511014662608	0.9047515266653798
0.1169948500017	0.9016160944471163
0.11709458985677391	0.9110529462139533
0.11719432971184783	0.8999350381849996
0.11729406956692173	0.9017682278680936
0.11739380942199565	0.9008422422459131
0.11749354927706956	0.9034049253562826
0.11759328913214348	0.9048740969017582
0.1176930289872174	0.9084974309678351
0.11779276884229131	0.899961288256498
0.11789250869736521	0.9052344944359811
0.11799224855243913	0.9069772045971873
0.11809198840751305	0.9086008450280062
0.11819172826258696	0.9004369882810049
0.11829146811766086	0.9092009846821136
0.11839120797273478	0.9080411401793856
0.1184909478278087	0.9109301050525794
0.11859068768288261	0.9106731601809261
0.11869042753795653	0.9017127494884484
0.11879016739303044	0.8977535050772578
0.11888990724810435	0.9079095710580671
0.11898964710317826	0.9037242693203981
0.11908938695825218	0.9058573485829288
0.11918912681332608	0.9036568511210863
0.1192888666684	0.9022312557894328
0.11938860652347391	0.9037485158999083
0.11948834637854783	0.9092233878525089
0.11958808623362174	0.9079852206899182
0.11968782608869566	0.8981732349576828
0.11978756594376956	0.9095535710522182
0.11988730579884348	0.9014073287639921
0.11998704565391739	0.9106718260170215
0.12008678550899131	0.9082903189966135
0.12018652536406521	0.9022826906759227
0.12028626521913913	0.9086653805207682
0.12038600507421304	0.9094894631376759
0.12048574492928696	0.8978270709302166
0.12058548478436087	0.9026530855192326
0.12068522463943479	0.9051080418224524
0.12078496449450869	0.9107594816416396
0.12088470434958261	0.8980326474183107
0.12098444420465652	0.9035442442589995
0.12108418405973044	0.9022826156293663
0.12118392391480434	0.904518058480935
0.12128366376987826	0.9097792332312865
0.12138340362495217	0.9064416400703105
0.12148314348002609	0.9001360547954786
0.1215828833351	0.8998671399564415
0.12168262319017392	0.9057634852326605
0.12178236304524782	0.9040189782892987
0.12188210290032174	0.910326768991172
0.12198184275539566	0.9025615972258445
0.12208158261046956	0.9087816991581216
0.12218132246554347	0.909078968295931
0.12228106232061739	0.90209868184666
0.1223808021756913	0.9032010503548767
0.12248054203076522	0.9090407892143787
0.12258028188583914	0.8988517381741031
0.12268002174091304	0.904243759486819
0.12277976159598696	0.9081290479554729
0.12287950145106087	0.8979374783599898
0.12297924130613479	0.9079720288986127
0.12307898116120869	0.9091398896221953
0.1231787210162826	0.9018972517407273
0.12327846087135652	0.9080907893263677
0.12337820072643044	0.9096548268386875
0.12347794058150435	0.899790232917577
0.12357768043657827	0.9034374649578821
0.12367742029165217	0.9039510433569111
0.12377716014672609	0.8998080302926662
0.1238769000018	0.9097058195569204
0.12397663985687392	0.9062220889528132
0.12407637971194782	0.9003320194234425
0.12417611956702174	0.9064934358861374
0.12427585942209565	0.9066386367959473
0.12437559927716957	0.898894198435589
0.12447533913224348	0.8996883928254216
0.1245750789873174	0.9087865490830975
0.1246748188423913	0.901679983667954
0.12477455869746522	0.897287910943946
0.12487429855253913	0.9013033241394153
0.12497403840761304	0.9003082374194986
0.12507377826268695	0.9040054569335187
0.12517351811776087	0.8996564118924205
0.12527325797283478	0.8968790446825904
0.1253729978279087	0.9007945630717973
0.12547273768298262	0.9008009939042664
0.12557247753805653	0.9095793029873567
0.12567221739313045	0.9017940919215736
0.12577195724820434	0.9058008307896893
0.12587169710327825	0.9092735382623415
0.12597143695835217	0.8998449710582219
0.12607117681342608	0.9036523049197445
0.1261709166685	0.9030893116635996
0.12627065652357392	0.9090452267287886
0.12637039637864783	0.9058540097030792
0.12647013623372175	0.9088695102016303
0.12656987608879566	0.8991980691718597
0.12666961594386955	0.89827954855268
0.12676935579894347	0.8976429038080168
0.12686909565401738	0.8967341184898475
0.1269688355090913	0.9093816068714686
0.12706857536416521	0.9048051981598114
0.12716831521923913	0.9089635322859962
0.12726805507431305	0.9081842219107986
0.12736779492938696	0.9055571276307376
0.12746753478446088	0.9097131056254806
0.1275672746395348	0.9031130695465751
0.1276670144946087	0.9021315401306572
0.1277667543496826	0.899322774988974
0.12786649420475651	0.908566960977566
0.12796623405983043	0.9058064010401591
0.12806597391490435	0.8963775270870161
0.12816571376997826	0.9097048632050118
0.12826545362505218	0.8998369374459215
0.1283651934801261	0.9077323768445454
0.1284649333352	0.9048808455961699
0.12856467319027393	0.9011512761021603
0.12866441304534781	0.9079538449555797
0.12876415290042173	0.8965293122265011
0.12886389275549565	0.9035727740270435
0.12896363261056956	0.9008111123371147
0.12906337246564348	0.9040752471797713
0.1291631123207174	0.9077411339512471
0.1292628521757913	0.9021531553246243
0.12936259203086523	0.8973410727140917
0.12946233188593914	0.9060563264092785
0.12956207174101303	0.9015546602509358
0.12966181159608695	0.9050060540502982
0.12976155145116086	0.9093867240190373
0.12986129130623478	0.9092462589416688
0.1299610311613087	0.8984289151125215
0.1300607710163826	0.9038768666028723
0.13016051087145653	0.9071620379839407
0.13026025072653044	0.8982961229014915
0.13035999058160436	0.9035852048934191
0.13045973043667827	0.9049495370729057
0.1305594702917522	0.898876430702462
0.13065921014682608	0.9055281717768349
0.1307589500019	0.9072412821921131
0.1308586898569739	0.9002732378196162
0.13095842971204782	0.9044410422575073
0.13105816956712174	0.8966806418511408
0.13115790942219566	0.9068842597175761
0.13125764927726957	0.9044715611611287
0.1313573891323435	0.909042412507952
0.1314571289874174	0.9090754870412249
0.1315568688424913	0.8966410506063922
0.1316566086975652	0.9055118014763157
0.13175634855263912	0.8990217937376719
0.13185608840771304	0.9047483207888946
0.13195582826278696	0.9001568348306551
0.13205556811786087	0.9011290760568069
0.1321553079729348	0.9044556037433767
0.1322550478280087	0.8981805571884058
0.13235478768308262	0.9006573704923425
0.1324545275381565	0.9012498540776565
0.13255426739323042	0.9014786303296023
0.13265400724830434	0.9004213486553606
0.13275374710337826	0.8969974723862553
0.13285348695845217	0.908907160912652
0.1329532268135261	0.9018584623441992
0.1330529666686	0.9088425352217684
0.13315270652367392	0.9015541157178593
0.13325244637874784	0.896519610863284
0.13335218623382175	0.9008608785446621
0.13345192608889567	0.9054933809489587
0.13355166594396956	0.9055577836392976
0.13365140579904347	0.9005928977174467
0.1337511456541174	0.8962961422719722
0.1338508855091913	0.8964038596351429
0.13395062536426522	0.8959641816812077
0.13405036521933913	0.903136048202545
0.13415010507441305	0.9038281990756224
0.13424984492948697	0.9083699172138362
0.13434958478456088	0.8954948547068158
0.13444932463963477	0.90567990486729
0.1345490644947087	0.8987536693106811
0.1346488043497826	0.8997046924968963
0.13474854420485652	0.8980536655047857
0.13484828405993043	0.9070201889741135
0.13494802391500435	0.896479508386119
0.13504776377007827	0.8968986309150571
0.13514750362515218	0.9053200182170205
0.1352472434802261	0.8956071053488031
0.1353469833353	0.8989672752881911
0.13544672319037393	0.8994228251693862
0.13554646304544782	0.9080773032412559
0.13564620290052173	0.9059775386423321
0.13574594275559565	0.8989654069446325
0.13584568261066957	0.8982868844064731
0.13594542246574348	0.9010812666449723
0.1360451623208174	0.9073164865814114
0.1361449021758913	0.8988629924031503
0.1362446420309652	0.895847655513919
0.13634438188603915	0.9050144385763285
0.13644412174111303	0.8958657082197717
0.13654386159618695	0.9035171650863972
0.13664360145126087	0.9004651383094648
0.13674334130633478	0.9060347429293792
0.1368430811614087	0.9084750625095823
0.1369428210164826	0.900292431781064
0.13704256087155653	0.9012491131364614
0.13714230072663045	0.9000466699351173
0.13724204058170436	0.904182304487208
0.13734178043677825	0.8985888786472127
0.13744152029185217	0.9032326632371298
0.13754126014692608	0.9076871663950176
0.137641000002	0.9006795698719208
0.1377407398570739	0.898118799155143
0.13784047971214783	0.8960646552516419
0.13794021956722174	0.898143644730496
0.13803995942229566	0.8994096841067469
0.13813969927736958	0.8999334427461952
0.13823943913244346	0.8976223246180145
0.1383391789875174	0.901614030142442
0.1384389188425913	0.8957447870956242
0.1385386586976652	0.9074285325048723
0.13863839855273913	0.897711587300362
0.13873813840781304	0.8958707853677396
0.13883787826288696	0.9083560630086193
0.13893761811796088	0.9062083012967773
0.1390373579730348	0.9046982423609968
0.13913709782810868	0.9080697896596768
0.13923683768318262	0.9067728068054411
0.1393365775382565	0.8953317367021287
0.13943631739333043	0.896655034382459
0.13953605724840434	0.9010619254293891
0.13963579710347826	0.9023298414538483
0.13973553695855218	0.8959245697902857
0.1398352768136261	0.8986498511992331
0.1399350166687	0.9054844762506578
0.14003475652377392	0.8996136207711807
0.14013449637884784	0.9060776309935313
0.14023423623392173	0.9000274715574226
0.14033397608899564	0.9046942979667284
0.14043371594406956	0.8994414570891482
0.14053345579914348	0.8987802843668506
0.1406331956542174	0.9044169558308689
0.1407329355092913	0.898547410549396
0.14083267536436522	0.8989641687253053
0.14093241521943914	0.9082031944464517
0.14103215507451305	0.9016584207145608
0.14113189492958694	0.8993304761727128
0.1412316347846609	0.9068597412203998
0.14133137463973477	0.9000785677015194
0.1414311144948087	0.8965179006337528
0.1415308543498826	0.8950840319320372
0.14163059420495652	0.8954317815713916
0.14173033406003044	0.9006361146787957
0.14183007391510435	0.899400077510682
0.14192981377017827	0.9014649229343015
0.14202955362525216	0.9060285054980809
0.1421292934803261	0.8981050353690169
0.1422290333354	0.897845925599863
0.1423287731904739	0.8984417564187537
0.14242851304554782	0.9017164009116359
0.14252825290062174	0.9057748607892969
0.14262799275569565	0.8966163227850752
0.14272773261076957	0.903540722390407
0.14282747246584349	0.8982672004952283
0.1429272123209174	0.9060948376109321
0.14302695217599132	0.9074965810787244
0.1431266920310652	0.9017454552215219
0.14322643188613912	0.8945860557213337
0.14332617174121304	0.9064945642138672
0.14342591159628695	0.9039116050495599
0.14352565145136087	0.9042957184395174
0.14362539130643479	0.9071564000948812
0.1437251311615087	0.8962883434083578
0.14382487101658262	0.8996971931105359
0.14392461087165653	0.8979143239343398
0.14402435072673042	0.8956916386370787
0.14412409058180436	0.9033331070886431
0.14422383043687825	0.9075222770633761
0.14432357029195217	0.9040956856577093
0.14442331014702608	0.9040090110612697
0.1445230500021	0.9012454537333437
0.14462278985717392	0.9058986116458685
0.14472252971224783	0.8954763476841974
0.14482226956732175	0.9025167213168478
0.14492200942239564	0.8948535436457099
0.14502174927746958	0.8986040575144438
0.14512148913254347	0.9061874493716451
0.14522122898761738	0.8995835402418949
0.1453209688426913	0.9022245252735317
0.14542070869776522	0.8988893865281777
0.14552044855283913	0.8945942489188551
0.14562018840791305	0.90429812227722
0.14571992826298696	0.9049243498609413
0.14581966811806088	0.8966841393307475
0.1459194079731348	0.9017960540947915
0.14601914782820868	0.8986215581110384
0.1461188876832826	0.8959460694566533
0.14621862753835652	0.903591581361332
0.14631836739343043	0.8990110531796223
0.14641810724850435	0.9038395611251177
0.14651784710357826	0.8980594717662223
0.14661758695865218	0.9031581840864982
0.1467173268137261	0.901699520846664
0.1468170666688	0.9040061335536499
0.1469168065238739	0.8957933494387018
0.14701654637894784	0.9040849928117332
0.14711628623402173	0.8995012442224942
0.14721602608909565	0.9073446882689722
0.14731576594416956	0.904469168684946
0.14741550579924348	0.9038740394174294
0.1475152456543174	0.9055246632587269
0.1476149855093913	0.9047404973018797
0.14771472536446523	0.8953887453096221
0.14781446521953912	0.9074321766026553
0.14791420507461306	0.9042041463914244
0.14801394492968695	0.9031751142090181
0.14811368478476086	0.9017972205616149
0.14821342463983478	0.8948731561119514
0.1483131644949087	0.8987994462604388
0.1484129043499826	0.905032888159316
0.14851264420505653	0.8951490136768195
0.14861238406013044	0.8940014343477158
0.14871212391520436	0.9041109742321729
0.14881186377027827	0.9042635777553016
0.14891160362535216	0.9013421718692496
0.14901134348042608	0.894726077402077
0.1491110833355	0.8960784577506947
0.1492108231905739	0.8952259880534714
0.14931056304564783	0.9004907796225572
0.14941030290072174	0.9068456417062714
0.14951004275579566	0.9067999850529705
0.14960978261086957	0.8944725349169668
0.1497095224659435	0.8939177651595914
0.14980926232101738	0.896435327895075
0.14990900217609132	0.9008896997158267
0.1500087420311652	0.9012821522646609
0.15010848188623913	0.9026073924804776
0.15020822174131304	0.9004143474225078
0.15030796159638696	0.8995787872006717
0.15040770145146087	0.9046396021981344
0.1505074413065348	0.8966236581331287
0.1506071811616087	0.9021027544882548
0.1507069210166826	0.9015474183742673
0.15080666087175654	0.8974857299318495
0.15090640072683043	0.9037982193097234
0.15100614058190434	0.9022607619569112
0.15110588043697826	0.9044063926727353
0.15120562029205217	0.9064975301202467
0.1513053601471261	0.9051884034473808
0.1514051000022	0.8980940376497291
0.15150483985727392	0.9048981036351352
0.15160457971234784	0.8958563417447815
0.15170431956742175	0.903148816476574
0.15180405942249564	0.8991722352961762
0.15190379927756956	0.8943813165531778
0.15200353913264347	0.9066451618088825
0.1521032789877174	0.9046717305781576
0.1522030188427913	0.89438819804105
0.15230275869786522	0.8961358879432944
0.15240249855293914	0.8972226710194064
0.15250223840801305	0.893551168134173
0.15260197826308697	0.9043549809592739
0.15270171811816086	0.8974578890647779
0.1528014579732348	0.9060131458962465
0.1529011978283087	0.9067866172882889
0.1530009376833826	0.9017620592127844
0.15310067753845652	0.8952098004436909
0.15320041739353044	0.9020070558597286
0.15330015724860435	0.8963052569284661
0.15339989710367827	0.8978722309879826
0.15349963695875218	0.9029669192463206
0.1535993768138261	0.897530321221088
0.1536991166689	0.9033461427976953
0.1537988565239739	0.8992064402483821
0.15389859637904782	0.9002457675632658
0.15399833623412174	0.8938937698578213
0.15409807608919565	0.9052326355766697
0.15419781594426957	0.8945762050041307
0.15429755579934348	0.9004608570211692
0.1543972956544174	0.9052822313304455
0.15449703550949132	0.8941399032100371
0.15459677536456523	0.9016711660668787
0.15469651521963912	0.8974891624378364
0.15479625507471304	0.9047476755113204
0.15489599492978695	0.898063371359262
0.15499573478486087	0.8936637062817213
0.15509547463993478	0.8944418932072582
0.1551952144950087	0.8989956678201714
0.15529495435008261	0.9020683159601559
0.15539469420515653	0.8952721228208532
0.15549443406023045	0.8996308129003358
0.15559417391530436	0.9009107505553089
0.15569391377037825	0.8997235716222083
0.15579365362545217	0.9062635330852836
0.15589339348052608	0.9014090071901762
0.1559931333356	0.9001542823532124
0.15609287319067391	0.8936644310965169
0.15619261304574783	0.8962695729299806
0.15629235290082175	0.9049350495088644
0.15639209275589566	0.8975018114280607
0.15649183261096958	0.8999241011515738
0.15659157246604347	0.906519470042077
0.15669131232111738	0.8971206382605181
0.1567910521761913	0.9031127604797353
0.1568907920312652	0.8985729662984908
0.15699053188633913	0.897919500753249
0.15709027174141305	0.8969261355153574
0.15719001159648696	0.898271785708619
0.15728975145156088	0.9004820601578502
0.1573894913066348	0.9026172728855801
0.1574892311617087	0.895598490106794
0.1575889710167826	0.8935658365595501
0.1576887108718565	0.9052034647603348
0.15778845072693043	0.8981427528874559
0.15788819058200435	0.9028051725277385
0.15798793043707826	0.9009410186207178
0.15808767029215218	0.8980276147960676
0.1581874101472261	0.8946239935986265
0.1582871500023	0.9013743119808545
0.15838688985737392	0.9053790501392172
0.1584866297124478	0.9063238026294266
0.15858636956752173	0.8976025004655619
0.15868610942259564	0.8951344379051571
0.15878584927766956	0.8932065566827789
0.15888558913274348	0.899812445536624
0.1589853289878174	0.8973373418233558
0.1590850688428913	0.9049771431456871
0.15918480869796522	0.9024792510628283
0.15928454855303914	0.8989774963984621
0.15938428840811306	0.9053924594645537
0.15948402826318694	0.9047349081474833
0.15958376811826086	0.8981705564851118
0.15968350797333478	0.8983603481547106
0.1597832478284087	0.8984634697193954
0.1598829876834826	0.8946020225074082
0.15998272753855652	0.9006099552809222
0.16008246739363044	0.8940170364473662
0.16018220724870436	0.8992884410742086
0.16028194710377827	0.902230632567597
0.1603816869588522	0.8970714583998032
0.16048142681392608	0.903678926022182
0.160581166669	0.8997290828701623
0.1606809065240739	0.9000149295789235
0.16078064637914782	0.8974446516998423
0.16088038623422174	0.8976544060382113
0.16098012608929566	0.904381328635594
0.16107986594436957	0.900093593011296
0.1611796057994435	0.8987835382005458
0.1612793456545174	0.9036537930802576
0.1613790855095913	0.9028345480596089
0.1614788253646652	0.9030358893411752
0.16157856521973912	0.8953349228256893
0.16167830507481304	0.8934696667415933
0.16177804492988695	0.8992536389105991
0.16187778478496087	0.901453035292278
0.1619775246400348	0.8950139952961546
0.1620772644951087	0.8993049346074268
0.16217700435018262	0.9060102618755262
0.16227674420525653	0.8965268331921542
0.16237648406033045	0.8975755746214407
0.16247622391540434	0.9041674840394687
0.16257596377047825	0.8944608211128985
0.16267570362555217	0.9013413195350566
0.1627754434806261	0.8989990532165706
0.1628751833357	0.8948814141237623
0.16297492319077392	0.896327246702358
0.16307466304584783	0.8959438709826907
0.16317440290092175	0.9028707821859939
0.16327414275599567	0.8937585375095991
0.16337388261106955	0.9038105697560351
0.16347362246614347	0.895356663462042
0.16357336232121739	0.9044318377485004
0.1636731021762913	0.8944448843755395
0.16377284203136522	0.8988289348239418
0.16387258188643913	0.8998996101165202
0.16397232174151305	0.895929638346795
0.16407206159658697	0.9043916010207936
0.16417180145166088	0.9012317847639035
0.16427154130673477	0.9017961420427161
0.16437128116180869	0.8974381887379548
0.1644710210168826	0.9054866420061428
0.16457076087195652	0.9002517416854001
0.16467050072703043	0.8978650136071423
0.16477024058210435	0.8965996535548477
0.16486998043717827	0.9024650465205933
0.16496972029225218	0.9008983372979265
0.1650694601473261	0.8924134725713528
0.1651692000024	0.9023694709701556
0.16526893985747393	0.8973610727162425
0.16536867971254782	0.9031656543650846
0.16546841956762173	0.9054738755271103
0.16556815942269565	0.904558694300555
0.16566789927776956	0.894980405423409
0.16576763913284348	0.9043168575153375
0.1658673789879174	0.90213805155795
0.1659671188429913	0.9046971602712546
0.16606685869806523	0.9052878920416767
0.16616659855313914	0.9023623971611385
0.16626633840821303	0.8929521561204241
0.16636607826328695	0.8938451175061557
0.16646581811836086	0.8928475268239471
0.16656555797343478	0.8933394317866776
0.1666652978285087	0.897358877142843
0.1667650376835826	0.9002847969135903
0.16686477753865653	0.8988582483127747
0.16696451739373044	0.9013821230839327
0.16706425724880436	0.9036210309089449
0.16716399710387825	0.9042428473851298
0.16726373695895216	0.9018781992037769
0.16736347681402608	0.8968184504666471
0.1674632166691	0.8997992205541916
0.1675629565241739	0.9047786135493177
0.16766269637924783	0.897931363828398
0.16776243623432174	0.9035111731988354
0.16786217608939566	0.9001571224992073
0.16796191594446958	0.9031464118141723
0.1680616557995435	0.8929769781890252
0.1681613956546174	0.9025163682123747
0.1682611355096913	0.892777670225032
0.1683608753647652	0.9014340048570704
0.16846061521983913	0.8971726846355261
0.16856035507491304	0.8995231463040048
0.16866009492998696	0.8982271707298342
0.16875983478506087	0.8950823375094961
0.1688595746401348	0.9019710012869626
0.1689593144952087	0.897483446520137
0.16905905435028262	0.9045487881526186
0.1691587942053565	0.895945511736874
0.16925853406043043	0.8933783926340839
0.16935827391550434	0.9043471797495569
0.16945801377057826	0.8936692766036071
0.16955775362565217	0.8955822834102899
0.1696574934807261	0.8998707242254497
0.1697572333358	0.8930245680473267
0.16985697319087392	0.8931017135088979
0.16995671304594784	0.8920246607941322
0.17005645290102173	0.9015599047710914
0.17015619275609564	0.8967886363029131
0.17025593261116956	0.8999700090506627
0.17035567246624347	0.9051565912436996
0.1704554123213174	0.9028027551556741
0.1705551521763913	0.8939379692008259
0.17065489203146522	0.8947824249827655
0.17075463188653914	0.8930629908155966
0.17085437174161305	0.9049039940036852
0.17095411159668697	0.8964003036108151
0.17105385145176089	0.9030519782321664
0.17115359130683477	0.8952966350933654
0.1712533311619087	0.8988464451263901
0.1713530710169826	0.9024616010271812
0.17145281087205652	0.8944424983424373
0.17155255072713044	0.8964249907823137
0.17165229058220435	0.8950942001252674
0.17175203043727827	0.893350396688059
0.17185177029235219	0.9025349497004796
0.1719515101474261	0.8954691516568464
0.1720512500025	0.8949363298821413
0.1721509898575739	0.9050230187622541
0.17225072971264782	0.9013200440435214
0.17235046956772174	0.8963282722216123
0.17245020942279565	0.9025285877204984
0.17254994927786957	0.8971472342314254
0.17264968913294348	0.9023807881127826
0.1727494289880174	0.8960745951125826
0.17284916884309132	0.8984184095136897
0.1729489086981652	0.8921923668913442
0.17304864855323912	0.8938511800298669
0.17314838840831304	0.8921270409491079
0.17324812826338695	0.9041599995703404
0.17334786811846087	0.9034124792338196
0.17344760797353478	0.8924794651799883
0.1735473478286087	0.9018004505888756
0.17364708768368262	0.901493930615814
0.17374682753875653	0.8960637462286131
0.17384656739383045	0.9014618752208607
0.17394630724890436	0.9023277063926268
0.17404604710397825	0.893377198875726
0.17414578695905217	0.9006139462002861
0.17424552681412608	0.8975744272302335
0.1743452666692	0.9004614654279083
0.17444500652427392	0.902282506462498
0.17454474637934783	0.902573837874513
0.17464448623442175	0.8979822602013448
0.17474422608949566	0.892980773109179
0.17484396594456958	0.9004564120428143
0.17494370579964347	0.8966441209428819
0.17504344565471738	0.8963049180402736
0.1751431855097913	0.9039996209750945
0.17524292536486522	0.901754870227262
0.17534266521993913	0.9024007667635013
0.17544240507501305	0.8985987799113437
0.17554214493008696	0.8967548603862061
0.17564188478516088	0.8979412450332727
0.1757416246402348	0.9026774869589776
0.17584136449530868	0.9006467266308674
0.1759411043503826	0.8972108775980127
0.17604084420545651	0.8918155837490066
0.17614058406053043	0.8941396831142606
0.17624032391560435	0.8962729819016259
0.17634006377067826	0.8974641670711672
0.17643980362575218	0.9029830760263047
0.1765395434808261	0.8950937449308701
0.1766392833359	0.9019819041504004
0.17673902319097393	0.8916524101712576
0.17683876304604784	0.9031022738777628
0.17693850290112173	0.903311559035484
0.17703824275619565	0.891729011088373
0.17713798261126956	0.9009041767036131
0.17723772246634348	0.8977937814148161
0.1773374623214174	0.894831316310837
0.1774372021764913	0.9039865020485849
0.17753694203156523	0.8982014311033469
0.17763668188663914	0.8999118036888026
0.17773642174171306	0.8985284399065896
0.17783616159678695	0.8988628020956604
0.17793590145186086	0.8932424949013358
0.17803564130693478	0.8937597778734926
0.1781353811620087	0.90397416464831
0.1782351210170826	0.8988006908350377
0.17833486087215653	0.8954856958949978
0.17843460072723044	0.9019611225250037
0.17853434058230436	0.8953227668583714
0.17863408043737827	0.8933834785670269
0.17873382029245216	0.8975575580298574
0.17883356014752608	0.8921974911294642
0.1789333000026	0.8981346669413648
0.1790330398576739	0.8972932294894658
0.17913277971274782	0.8941882729473618
0.17923251956782174	0.901409331381253
0.17933225942289566	0.898926024584522
0.17943199927796957	0.9025377668033673
0.1795317391330435	0.8973930782429314
0.1796314789881174	0.8926452629228991
0.17973121884319132	0.9028521837338007
0.1798309586982652	0.897176321169296
0.17993069855333912	0.8929588489174849
0.18003043840841304	0.8968237197670348
0.18013017826348696	0.8949827915866678
0.18022991811856087	0.8992797094388671
0.1803296579736348	0.8968670123240415
0.1804293978287087	0.8971792605092979
0.18052913768378262	0.892749701429875
0.18062887753885654	0.9030988499137265
0.18072861739393042	0.9025192254190209
0.18082835724900434	0.8951530580455008
0.18092809710407826	0.8955179605601167
0.18102783695915217	0.9033450618667381
0.1811275768142261	0.9031518831094093
0.1812273166693	0.9022766490194123
0.18132705652437392	0.8960845539036917
0.18142679637944784	0.8989996739701781
0.18152653623452175	0.8930136469575785
0.18162627608959564	0.9004232975138359
0.18172601594466956	0.8919976300634586
0.18182575579974347	0.8992858621791209
0.1819254956548174	0.9006205296939678
0.1820252355098913	0.8941622158576646
0.18212497536496522	0.89381303489189
0.18222471522003914	0.9037213817043065
0.18232445507511305	0.8954317990289973
0.18242419493018697	0.8949944637096544
0.18252393478526088	0.8993208208338119
0.1826236746403348	0.9030894759298409
0.1827234144954087	0.8923727141204203
0.1828231543504826	0.8982928613859373
0.18292289420555652	0.8999730029442953
0.18302263406063043	0.8971559631695138
0.18312237391570435	0.899519470118073
0.18322211377077827	0.8932388184404644
0.18332185362585218	0.8989338646059006
0.1834215934809261	0.900968792985466
0.18352133333600001	0.897890137459652
0.1836210731910739	0.9040664887444386
0.18372081304614782	0.8918383435369698
0.18382055290122173	0.892075284689015
0.18392029275629565	0.9014681919666291
0.18402003261136957	0.9010061539124179
0.18411977246644348	0.8921509591999855
0.1842195123215174	0.8955283805226059
0.18431925217659131	0.903714402980592
0.18441899203166523	0.9028206146194903
0.18451873188673912	0.8922221350085321
0.18461847174181306	0.8993808402858883
0.18471821159688695	0.8921072590412013
0.18481795145196087	0.902058489995718
0.18491769130703478	0.8957202204801163
0.1850174311621087	0.9001122850457413
0.1851171710171826	0.89599252304536
0.18521691087225653	0.8919149879978945
0.18531665072733045	0.902719243203783
0.18541639058240433	0.8944702817942867
0.18551613043747828	0.8974279720217613
0.18561587029255217	0.9011105313704522
0.18571561014762608	0.8976464248062963
0.1858153500027	0.893465512834472
0.1859150898577739	0.8956735956310533
0.18601482971284783	0.9006097385135952
0.18611456956792174	0.8967681685870694
0.18621430942299566	0.9012317391838021
0.18631404927806958	0.8983578405777382
0.1864137891331435	0.8931197315017126
0.18651352898821738	0.8924004554534315
0.1866132688432913	0.9015720000136772
0.1867130086983652	0.8928534319473617
0.18681274855343913	0.9016047498651653
0.18691248840851304	0.8965027114043415
0.18701222826358696	0.9031007216659506
0.18711196811866088	0.8985304530126853
0.1872117079737348	0.8915033328562989
0.1873114478288087	0.9029343756008522
0.1874111876838826	0.8959599428954779
0.18751092753895654	0.8999110971483294
0.18761066739403043	0.8912247635438005
0.18771040724910434	0.8928433005866313
0.18781014710417826	0.8923851341784437
0.18790988695925218	0.8915943254319989
0.1880096268143261	0.9005247892673572
0.1881093666694	0.8952657089412922
0.18820910652447392	0.8928830592329586
0.1883088463795478	0.8918764464365371
0.18840858623462176	0.8934965757417871
0.18850832608969564	0.8971911353306509
0.18860806594476956	0.8982356459698835
0.18870780579984348	0.8945418305132204
0.1888075456549174	0.9024632599350881
0.1889072855099913	0.8929305362894338
0.18900702536506522	0.8978536340011876
0.18910676522013914	0.8986745772108122
0.18920650507521306	0.899648876866421
0.18930624493028697	0.8985158344846615
0.18940598478536086	0.9015110921320018
0.18950572464043478	0.8980066433140573
0.1896054644955087	0.8964280610864064
0.1897052043505826	0.8916223220435245
0.18980494420565652	0.8976449227234969
0.18990468406073044	0.8992236046602136
0.19000442391580435	0.9007288759313775
0.19010416377087827	0.8963105512421594
0.1902039036259522	0.8911761215618473
0.19030364348102607	0.8975676460913732
0.19040338333610002	0.9027829197594086
0.1905031231911739	0.8938160355809586
0.19060286304624782	0.896219330125833
0.19070260290132174	0.8977466287952031
0.19080234275639565	0.9023447017295247
0.19090208261146957	0.9023537043780444
0.19100182246654349	0.8959391659258465
0.1911015623216174	0.895101891190812
0.1912013021766913	0.8912801140812164
0.19130104203176523	0.8951141920503809
0.19140078188683912	0.9020346943105393
0.19150052174191304	0.8953244525725842
0.19160026159698695	0.8928880658531759
0.19170000145206087	0.8924879466914687
0.19179974130713479	0.8976303441142912
0.1918994811622087	0.8906837421681614
0.19199922101728262	0.8933382860434053
0.19209896087235653	0.8994276132639043
0.19219870072743045	0.8925336129177174
0.19229844058250434	0.8970006783952724
0.19239818043757825	0.8957016216971703
0.19249792029265217	0.8954431953023837
0.19259766014772609	0.9005734645212895
0.1926974000028	0.8920206122687094
0.19279713985787392	0.8986430498601424
0.19289687971294783	0.8979120965913089
0.19299661956802175	0.8995602155862226
0.19309635942309566	0.8920115228675802
0.19319609927816955	0.8988328294809012
0.1932958391332435	0.897848351206999
0.19339557898831738	0.8926470914775501
0.1934953188433913	0.9013603738613998
0.19359505869846522	0.8963359058091507
0.19369479855353913	0.9018474316245794
0.19379453840861305	0.8913422882635499
0.19389427826368696	0.8909060084748325
0.19399401811876088	0.901994803591899
0.19409375797383477	0.8971257760488104
0.1941934978289087	0.8924397918222987
0.1942932376839826	0.8982237922726045
0.19439297753905652	0.9000982667933121
0.19449271739413043	0.8949627842518225
0.19459245724920435	0.8928923795650343
0.19469219710427826	0.9019316678544366
0.19479193695935218	0.8940335124495238
0.1948916768144261	0.8919268595689501
0.1949914166695	0.8927246521345105
0.19509115652457393	0.9015402120555229
0.19519089637964782	0.8909320009395324
0.19529063623472173	0.8969840590548804
0.19539037608979565	0.8931327611091608
0.19549011594486956	0.8937380727603572
0.19558985579994348	0.8954789008730164
0.1956895956550174	0.9011306950730281
0.1957893355100913	0.8943031374071583
0.19588907536516523	0.8994141446992765
0.19598881522023914	0.8929217235599575
0.19608855507531303	0.8921114519438713
0.19618829493038697	0.8930244216172234
0.19628803478546086	0.8923183097002617
0.19638777464053478	0.8995048667751051
0.1964875144956087	0.898974439718783
0.1965872543506826	0.8951482221257441
0.19668699420575653	0.8948317478418728
0.19678673406083044	0.8922266455893175
0.19688647391590436	0.9005629369228837
0.19698621377097825	0.9016943808456233
0.1970859536260522	0.8993362623367488
0.19718569348112608	0.899995791175207
0.1972854333362	0.8939666057119946
0.1973851731912739	0.8932732988905749
0.19748491304634783	0.8981869194910815
0.19758465290142174	0.8907689679899509
0.19768439275649566	0.8965111295698933
0.19778413261156957	0.8990268478848353
0.19788387246664346	0.898929643332737
0.1979836123217174	0.8926618743741348
0.1980833521767913	0.8987274069038822
0.1981830920318652	0.8903479988756203
0.19828283188693913	0.8921889520830247
0.19838257174201304	0.892562211849719
0.19848231159708696	0.8912769572054748
0.19858205145216087	0.8968135783925532
0.1986817913072348	0.8945501244359075
0.1987815311623087	0.9027911922798355
0.19888127101738262	0.8994032937182376
0.1989810108724565	0.8966837383970561
0.19908075072753045	0.899888491558032
0.19918049058260434	0.8948019796779874
0.19928023043767826	0.8964325993412339
0.19937997029275217	0.8984063956754987
0.1994797101478261	0.9012467103764868
0.1995794500029	0.8910749887021039
0.19967918985797392	0.894671979355319
0.19977892971304784	0.8931923228749439
0.19987866956812173	0.8936299005637778
0.19997840942319567	0.899046296801458
0.20007814927826956	0.9007313880233061
0.20017788913334347	0.8946222317859556
0.2002776289884174	0.8942381908268106
0.2003773688434913	0.8954825705861927
0.20047710869856522	0.8908410151767973
0.20057684855363914	0.8996351117203923
0.20067658840871305	0.8920611103184716
0.20077632826378694	0.8920465064500144
0.20087606811886088	0.8964285597159949
0.20097580797393477	0.9031982879424005
0.2010755478290087	0.8991829033451916
0.2011752876840826	0.8988050467830483
0.20127502753915652	0.8915355504857063
0.20137476739423044	0.901445799294423
0.20147450724930435	0.891351078251933
0.20157424710437827	0.8951393091987001
0.20167398695945218	0.8912605457385443
0.2017737268145261	0.8945743182795427
0.2018734666696	0.8914963826416666
0.20197320652467393	0.9002525967247266
0.20207294637974782	0.8899452132356772
0.20217268623482174	0.9028037200641348
0.20227242608989565	0.9014046038215986
0.20237216594496957	0.8978699926897948
0.20247190580004348	0.8994146796374294
0.2025716456551174	0.8914538495396733
0.20267138551019132	0.8972785566862279
0.2027711253652652	0.8953578278603488
0.20287086522033915	0.8981203444898581
0.20297060507541304	0.8978276413257903
0.20307034493048695	0.8969887231997457
0.20317008478556087	0.8925789420912001
0.20326982464063478	0.8971832990999088
0.2033695644957087	0.8973578847088713
0.20346930435078261	0.9003461677863119
0.20356904420585653	0.8949281825792723
0.20366878406093042	0.8970918352484916
0.20376852391600436	0.8993638859055163
0.20386826377107825	0.9021774509270487
0.20396800362615217	0.8975828856888198
0.20406774348122608	0.8917125846870967
0.2041674833363	0.8949492227857756
0.20426722319137391	0.8928487306418627
0.20436696304644783	0.890365524761594
0.20446670290152175	0.8931453892099456
0.20456644275659566	0.8959499017368983
0.20466618261166958	0.8952279502846977
0.20476592246674347	0.892207235574556
0.20486566232181738	0.9001241909891765
0.2049654021768913	0.8991548870436467
0.20506514203196521	0.8970305429869362
0.20516488188703913	0.9023494680224217
0.20526462174211305	0.9009426527246315
0.20536436159718696	0.8940377679609737
0.20546410145226088	0.902332238832569
0.2055638413073348	0.9027279033811134
0.2056635811624087	0.902386016517408
0.2057633210174826	0.9019428308438701
0.2058630608725565	0.8991458643688122
0.20596280072763043	0.89734527209979
0.20606254058270435	0.8975044917473912
0.20616228043777826	0.9005803034791322
0.20626202029285218	0.8979290696558042
0.2063617601479261	0.897139967354953
0.206461500003	0.8943583795453959
0.20656123985807393	0.9020530599701541
0.20666097971314784	0.8906312230647632
0.20676071956822173	0.8915392455370161
0.20686045942329565	0.898207411756836
0.20696019927836956	0.9016381713609116
0.20705993913344348	0.9015049490309737
0.2071596789885174	0.8977316990147574
0.2072594188435913	0.9023500412656681
0.20735915869866522	0.8908994624837249
0.20745889855373914	0.8910557423811558
0.20755863840881306	0.8935633671979324
0.20765837826388694	0.894570505488593
0.20775811811896086	0.8898151448254386
0.20785785797403478	0.8977535890260357
0.2079575978291087	0.8965220034770953
0.2080573376841826	0.9021615804380537
0.20815707753925652	0.8917777432698349
0.20825681739433044	0.896095311023442
0.20835655724940436	0.8985460271172617
0.20845629710447827	0.9024136818839424
0.2085560369595522	0.9013655045634114
0.20865577681462608	0.8949712579987886
0.2087555166697	0.8934399116552885
0.2088552565247739	0.8920682727113779
0.20895499637984782	0.8946064985627336
0.20905473623492174	0.8964777036509476
0.20915447608999566	0.892599304691758
0.20925421594506957	0.8979861968116963
0.2093539558001435	0.8974024339884108
0.2094536956552174	0.90002580783082
0.20955343551029132	0.8989741098721122
0.2096531753653652	0.9018233831928416
0.20975291522043912	0.8899852168640189
0.20985265507551304	0.8966273300815183
0.20995239493058696	0.8899791368983798
0.21005213478566087	0.8910796539714106
0.2101518746407348	0.9014640543176102
0.2102516144958087	0.896339727479317
0.21035135435088262	0.890259721929175
0.21045109420595653	0.8970901638842672
0.21055083406103042	0.8948156403409264
0.21065057391610434	0.892291794323964
0.21075031377117825	0.8907585213761635
0.21085005362625217	0.8935762246604564
0.2109497934813261	0.8995642729577081
0.2110495333364	0.900689817317038
0.21114927319147392	0.8966715897060127
0.21124901304654783	0.8968854313308691
0.21134875290162175	0.8988172517582406
0.21144849275669567	0.8901033911913456
0.21154823261176955	0.8955768728232999
0.21164797246684347	0.8942624514699711
0.2117477123219174	0.8897491803805138
0.2118474521769913	0.8984582867054133
0.21194719203206522	0.8909214918169903
0.21204693188713913	0.897495580355569
0.21214667174221305	0.8916640308815327
0.21224641159728697	0.9015699480731527
0.21234615145236088	0.9005698091316933
0.2124458913074348	0.9018096980799253
0.21254563116250869	0.8968066891913063
0.2126453710175826	0.8905210600889931
0.21274511087265652	0.8893778066098623
0.21284485072773043	0.9016992410222757
0.21294459058280435	0.8957409474044015
0.21304433043787827	0.893149103988612
0.21314407029295218	0.889920248285365
0.2132438101480261	0.8951852379418342
0.2133435500031	0.896024444009267
0.2134432898581739	0.8990146869270365
0.21354302971324782	0.8965898304726073
0.21364276956832173	0.9010622175699085
0.21374250942339565	0.8933960410737238
0.21384224927846956	0.889220886142363
0.21394198913354348	0.8917052476385644
0.2140417289886174	0.8989124893079097
0.2141414688436913	0.8950199256937802
0.21424120869876523	0.9019021389575763
0.21434094855383914	0.898425755113391
0.21444068840891303	0.8902128526987554
0.21454042826398695	0.902284661305995
0.21464016811906086	0.8970868802456322
0.21473990797413478	0.8917832453040536
0.2148396478292087	0.8926100945041916
0.2149393876842826	0.8898068005865337
0.21503912753935653	0.889486429330823
0.21513886739443044	0.8947032969575053
0.21523860724950436	0.8916468453273992
0.21533834710457828	0.8994678429526577
0.21543808695965216	0.8937696370136126
0.21553782681472608	0.899557113342444
0.2156375666698	0.8995248489306451
0.2157373065248739	0.8902198520279445
0.21583704637994783	0.8890420614071438
0.21593678623502174	0.8923342957722024
0.21603652609009566	0.8906104598545962
0.21613626594516958	0.8999189439538599
0.2162360058002435	0.8973565630752763
0.21633574565531738	0.8991203571430487
0.2164354855103913	0.8958071711592673
0.2165352253654652	0.8944242845655946
0.21663496522053913	0.8948313286561311
0.21673470507561304	0.9017930626882155
0.21683444493068696	0.8938137071141374
0.21693418478576088	0.8976002351293382
0.2170339246408348	0.9001450230315894
0.2171336644959087	0.8991959267807159
0.21723340435098262	0.9015654330570383
0.2173331442060565	0.8953293825186157
0.21743288406113043	0.8960232407396009
0.21753262391620434	0.8993554652988969
0.21763236377127826	0.893151894791288
0.21773210362635217	0.8895593824522141
0.2178318434814261	0.896671796837238
0.2179315833365	0.8973141900094869
0.21803132319157392	0.8938389467381271
0.21813106304664784	0.8998089012210699
0.21823080290172175	0.8920764128080566
0.21833054275679564	0.8988966657041829
0.21843028261186956	0.8940216425916976
0.21853002246694347	0.8917346390144993
0.2186297623220174	0.895334244138
0.2187295021770913	0.8961320929063419
0.21882924203216522	0.8983858741948189
0.21892898188723914	0.8929171970041977
0.21902872174231305	0.8925754101776782
0.21912846159738697	0.8967893141105459
0.21922820145246086	0.8990055940935185
0.21932794130753477	0.8935939896833686
0.2194276811626087	0.8947827509512034
0.2195274210176826	0.8908143043725566
0.21962716087275652	0.8899732220738598
0.21972690072783044	0.8889229463359232
0.21982664058290435	0.88950036521404
0.21992638043797827	0.8942524643511922
0.22002612029305219	0.8949879207929662
0.22012586014812607	0.8955256890858749
0.22022560000320002	0.8888238211400419
0.2203253398582739	0.8970767806891027
0.22042507971334782	0.888816683517813
0.22052481956842174	0.8998293341929043
0.22062455942349565	0.9020798757075474
0.22072429927856957	0.8999817290261675
0.22082403913364348	0.8986552378070081
0.2209237789887174	0.8918375031139532
0.22102351884379132	0.8982760177362182
0.22112325869886523	0.8976890672788179
0.22122299855393912	0.8974193421201554
0.22132273840901304	0.8963460634060181
0.22142247826408695	0.8966867926217545
0.22152221811916087	0.8973205103913159
0.22162195797423478	0.8891348399572057
0.2217216978293087	0.8970921468996025
0.22182143768438262	0.8914658791623027
0.22192117753945653	0.893419665389473
0.22202091739453045	0.9010118564314918
0.22212065724960434	0.8937487724167745
0.22222039710467825	0.8917068866744171
0.22232013695975217	0.8914809707060087
0.22241987681482608	0.895344462365531
0.2225196166699	0.8925407999624606
0.22261935652497392	0.8890287859122773
0.22271909638004783	0.901290936383971
0.22281883623512175	0.8995512619089493
0.22291857609019566	0.8920502299990083
0.22301831594526955	0.8911572065427218
0.22311805580034347	0.8886580145838723
0.22321779565541738	0.8947564040479408
0.2233175355104913	0.8999772642728396
0.22341727536556522	0.8985693371880552
0.22351701522063913	0.8980854286803214
0.22361675507571305	0.8980715126507531
0.22371649493078696	0.8957392075548449
0.22381623478586088	0.8990177399879129
0.2239159746409348	0.8978635028343793
0.2240157144960087	0.8990736950040021
0.2241154543510826	0.9014556644319245
0.22421519420615652	0.9011933594790987
0.22431493406123043	0.8906854349742275
0.22441467391630435	0.8893317636031438
0.22451441377137826	0.8914238103283981
0.22461415362645218	0.8919449796490374
0.2247138934815261	0.891548978946848
0.2248136333366	0.8907510227121431
0.22491337319167393	0.8953162905735801
0.22501311304674781	0.8995425967927837
0.22511285290182173	0.8981100471477826
0.22521259275689565	0.8898449329125019
0.22531233261196956	0.8895046726773151
0.22541207246704348	0.8945049511381191
0.2255118123221174	0.8907913618356527
0.2256115521771913	0.8952391512514222
0.22571129203226523	0.8981897283619616
0.22581103188733914	0.8973770847757696
0.22591077174241303	0.8966076670121346
0.22601051159748695	0.8895002508551304
0.22611025145256086	0.898834946780049
0.22620999130763478	0.8889585144930073
0.2263097311627087	0.8921870520670948
0.2264094710177826	0.9003950759001639
0.22650921087285653	0.8936221761236068
0.22660895072793044	0.8968527712445208
0.22670869058300436	0.8888671150403877
0.22680843043807827	0.8967665040346209
0.2269081702931522	0.8993291748462602
0.22700791014822608	0.888422790904127
0.2271076500033	0.8976179742761944
0.2272073898583739	0.8921835069181192
0.22730712971344783	0.8911654265770214
0.22740686956852174	0.8999674483507857
0.22750660942359566	0.8952369825314929
0.22760634927866957	0.8947873777338369
0.2277060891337435	0.8986077854155436
0.2278058289888174	0.8948407465272648
0.2279055688438913	0.8949415303629621
0.2280053086989652	0.8918824584209784
0.22810504855403912	0.8929183610165446
0.22820478840911304	0.8908256816895395
0.22830452826418696	0.8930239731541572
0.22840426811926087	0.8936070429659762
0.2285040079743348	0.8975166360875063
0.2286037478294087	0.890219175829015
0.22870348768448262	0.8891399088805492
0.2288032275395565	0.897866433197917
0.22890296739463042	0.8931176519041667
0.22900270724970434	0.8898057280674907
0.22910244710477826	0.8928374043648691
0.22920218695985217	0.89666726072844
0.2293019268149261	0.8976541061137004
0.22940166667	0.895768467890615
0.22950140652507392	0.8956127154185344
0.22960114638014784	0.894508567708845
0.22970088623522175	0.9005425077643627
0.22980062609029567	0.8978390602581066
0.22990036594536956	0.899760054353292
0.23000010580044347	0.8887964514370043
0.2300998456555174	0.897116734998411
0.2301995855105913	0.8999141700595035
0.23029932536566522	0.8982718526915383
0.23039906522073914	0.8883911251587866
0.23049880507581305	0.8907721639098265
0.23059854493088697	0.9013047744846462
0.23069828478596088	0.8970779807180499
0.23079802464103477	0.8950811875894331
0.2308977644961087	0.9011581219937758
0.2309975043511826	0.8935880064566254
0.23109724420625652	0.8978295618891468
0.23119698406133044	0.893479387686216
0.23129672391640435	0.8926459036743111
0.23139646377147827	0.8933350145662428
0.23149620362655218	0.893678625869011
0.2315959434816261	0.8886873984537796
0.2316956833367	0.9015879379061258
0.2317954231917739	0.8959409663392919
0.23189516304684782	0.8995081484630896
0.23199490290192173	0.8898846797327886
0.23209464275699565	0.8924186009782311
0.23219438261206957	0.8921311330555104
0.23229412246714348	0.8949148409425292
0.2323938623222174	0.8972698031419595
0.23249360217729131	0.8908854872755095
0.23259334203236523	0.8960534804288044
0.23269308188743915	0.8937038725154703
0.23279282174251303	0.8883559646072193
0.23289256159758695	0.9011887881756879
0.23299230145266087	0.8985418370569482
0.23309204130773478	0.8942331661351872
0.2331917811628087	0.8897523276703343
0.2332915210178826	0.8985720877174257
0.23339126087295653	0.8919215525849706
0.23349100072803045	0.8893549800546021
0.23359074058310436	0.8985285416757609
0.23369048043817825	0.8928220052780313
0.23379022029325217	0.8919830087598134
0.23388996014832608	0.8950473944246539
0.2339897000034	0.8930826384131106
0.2340894398584739	0.8924037856343469
0.23418917971354783	0.8948177013068119
0.23428891956862175	0.8974508117323671
0.23438865942369566	0.8901661475247695
0.23448839927876958	0.8920859993770784
0.23458813913384347	0.8904606853360274
0.23468787898891738	0.8952125431726944
0.2347876188439913	0.8969439013138844
0.2348873586990652	0.9009148776242566
0.23498709855413913	0.89217451796623
0.23508683840921304	0.8973450583078941
0.23518657826428696	0.8948282950813198
0.23528631811936088	0.889272306236398
0.2353860579744348	0.898951712414288
0.2354857978295087	0.9007094296531889
0.23558553768458262	0.8892410671571909
0.2356852775396565	0.8956404615529989
0.23578501739473043	0.8921152214020424
0.23588475724980434	0.8900204708523688
0.23598449710487826	0.901156771848435
0.23608423695995218	0.8993844222110561
0.2361839768150261	0.8932577100000608
0.2362837166701	0.8951189587240725
0.23638345652517392	0.8962145600332165
0.23648319638024784	0.8905555666120629
0.23658293623532173	0.8991643040764875
0.23668267609039564	0.8945540724825779
0.23678241594546956	0.893148109897643
0.23688215580054348	0.894373243421318
0.2369818956556174	0.8889575287149427
0.2370816355106913	0.8911070742305959
0.23718137536576522	0.9011129427100999
0.23728111522083914	0.8967429850194923
0.23738085507591306	0.8883334828946424
0.23748059493098694	0.8971842377958792
0.2375803347860609	0.9007118552211606
0.23768007464113478	0.896502001064382
0.2377798144962087	0.8885137541836561
0.2378795543512826	0.900080479099168
0.23797929420635652	0.8974896738405045
0.23807903406143044	0.8984911587530119
0.23817877391650435	0.8960815446749499
0.23827851377157827	0.8944437929689547
0.23837825362665216	0.8967568829947403
0.2384779934817261	0.8950830153333335
0.2385777333368	0.8935419669332912
0.2386774731918739	0.9009459643716714
0.23877721304694782	0.9012244883766727
0.23887695290202174	0.8949829387096891
0.23897669275709565	0.8930103314749022
0.23907643261216957	0.9007713892863161
0.2391761724672435	0.8956321228237445
0.2392759123223174	0.8919505978680827
0.23937565217739132	0.9011563604110034
0.2394753920324652	0.8883872807604647
0.23957513188753912	0.8925625438763458
0.23967487174261304	0.8937003438248169
0.23977461159768695	0.8943795237542038
0.23987435145276087	0.9003673444244035
0.23997409130783479	0.9012033756835743
0.2400738311629087	0.895281220785732
0.24017357101798262	0.8899161763925341
0.24027331087305653	0.8921022117087686
0.24037305072813042	0.8966994680499589
0.24047279058320437	0.8970651456861165
0.24057253043827825	0.8952740550512689
0.24067227029335217	0.8979949040448779
0.24077201014842609	0.8892266878855287
0.2408717500035	0.8979242584606977
0.24097148985857392	0.8927856967119329
0.24107122971364783	0.8996239035807202
0.24117096956872175	0.8996477208905823
0.24127070942379564	0.8965699530224378
0.24137044927886958	0.8896165771094955
0.24147018913394347	0.8997324175606853
0.24156992898901739	0.892306405245364
0.2416696688440913	0.8911616950475151
0.24176940869916522	0.8884456042986334
0.24186914855423913	0.8996209215301014
0.24196888840931305	0.8966314542259296
0.24206862826438696	0.8891505538760875
0.24216836811946088	0.8893990575219257
0.2422681079745348	0.8949135599924026
0.24236784782960868	0.8908556198463196
0.2424675876846826	0.8954829418221261
0.24256732753975652	0.891154120067483
0.24266706739483043	0.8925796199491075
0.24276680724990435	0.8971516668530894
0.24286654710497826	0.8990739245884766
0.24296628696005218	0.8905640091386109
0.2430660268151261	0.8984830560969906
0.2431657666702	0.8914120160655773
0.2432655065252739	0.8964758455686624
0.24336524638034784	0.8946290394453934
0.24346498623542173	0.8948089706171285
0.24356472609049565	0.8906506975922117
0.24366446594556956	0.890508043558881
0.24376420580064348	0.8996388957140237
0.2438639456557174	0.9001922290841223
0.2439636855107913	0.8965738240358839
0.24406342536586523	0.9003267000385629
0.24416316522093912	0.8913691803356715
0.24426290507601306	0.9004197081178101
0.24436264493108695	0.897245246132028
0.24446238478616086	0.8890974911563557
0.24456212464123478	0.8935523681687739
0.2446618644963087	0.8989576147962204
0.2447616043513826	0.8909020381346616
0.24486134420645653	0.8885223202464633
0.24496108406153044	0.9006667094432849
0.24506082391660436	0.8984221499322759
0.24516056377167827	0.8979546648174633
0.24526030362675216	0.8958460723538723
0.24536004348182608	0.8938133849534631
0.2454597833369	0.8879663994890896
0.2455595231919739	0.8997275205988543
0.24565926304704783	0.8945836997213081
0.24575900290212174	0.8920055913043325
0.24585874275719566	0.9004897653570265
0.24595848261226957	0.8999100464619754
0.2460582224673435	0.8975745238396432
0.24615796232241738	0.8949264904600644
0.24625770217749132	0.8981024230218404
0.2463574420325652	0.8941817289943716
0.24645718188763913	0.8914562854410547
0.24655692174271304	0.8957468217382832
0.24665666159778696	0.8906547811840144
0.24675640145286087	0.8941912056925209
0.2468561413079348	0.8975924277885368
0.2469558811630087	0.8991732349901103
0.2470556210180826	0.8957817782748168
0.24715536087315654	0.9006957184207027
0.24725510072823043	0.9001065300232263
0.24735484058330434	0.8946613323261297
0.24745458043837826	0.900484871987397
0.24755432029345217	0.8929708381104492
0.2476540601485261	0.8886839504736342
0.2477538000036	0.894609555931916
0.24785353985867392	0.8981375903209067
0.24795327971374784	0.8988904584434657
0.24805301956882175	0.8876976679209247
0.24815275942389564	0.895549550308261
0.24825249927896956	0.8972193744066884
0.24835223913404347	0.8973899324255534
0.2484519789891174	0.8979427358029821
0.2485517188441913	0.8916526916335257
0.24865145869926522	0.89790191325543
0.24875119855433914	0.8989609392308021
0.24885093840941305	0.8920742982921018
0.24895067826448697	0.8966542962736452
0.24905041811956086	0.8888546528256321
0.2491501579746348	0.8891276634908143
0.2492498978297087	0.8965174086044116
0.2493496376847826	0.8967281954597346
0.24944937753985652	0.8914895452104649
0.24954911739493044	0.8939419917716274
0.24964885725000435	0.8919038881605994
0.24974859710507827	0.8992296379540121
0.24984833696015218	0.8922203806474226
0.24994807681522607	0.8904458474722423
0.2500478166703	0.8964033649625816
0.2501475565253739	0.900579768489581
0.25024729638044785	0.8930973594015928
0.25034703623552174	0.8925463066637035
0.2504467760905956	0.8941937033239156
0.25054651594566957	0.8950384821995582
0.25064625580074346	0.9005049432671918
0.2507459956558174	0.8995814666052061
0.2508457355108913	0.8925871787017156
0.25094547536596523	0.889430652051535
0.2510452152210391	0.8948246561940111
0.25114495507611306	0.891599191313477
0.25124469493118695	0.8924310885135223
0.2513444347862609	0.8901890164209194
0.2514441746413348	0.8922559005746067
0.25154391449640867	0.8877496452310341
0.2516436543514826	0.8907068325670867
0.2517433942065565	0.889017557219455
0.25184313406163045	0.8983601272352288
0.25194287391670434	0.8884675826321828
0.2520426137717783	0.891337755165716
0.25214235362685217	0.8874639868361683
0.2522420934819261	0.8913790691748661
0.252341833337	0.8971512492792919
0.25244157319207394	0.8979763909235771
0.25254131304714783	0.8873580548418101
0.2526410529022217	0.8913180559187008
0.25274079275729566	0.8896842204548017
0.25284053261236955	0.8885488683956602
0.2529402724674435	0.8928270316341419
0.2530400123225174	0.8998464611813116
0.2531397521775913	0.8969766502067794
0.2532394920326652	0.8998585449456517
0.2533392318877391	0.888470208551737
0.25343897174281305	0.8913063799679757
0.25353871159788693	0.8974485890336156
0.2536384514529609	0.8885974201140585
0.25373819130803477	0.8899814609351274
0.2538379311631087	0.8945542413553678
0.2539376710181826	0.8965906592543817
0.25403741087325654	0.895736939309853
0.25413715072833043	0.8955638292161803
0.2542368905834044	0.8974393427193358
0.25433663043847826	0.8901576377720439
0.25443637029355215	0.8951299850175344
0.2545361101486261	0.895358325399694
0.2546358500037	0.8872437902808059
0.2547355898587739	0.898431579039802
0.2548353297138478	0.8975023716065911
0.25493506956892176	0.895448312099149
0.25503480942399565	0.892551467246584
0.2551345492790696	0.8895407484131737
0.2552342891341435	0.8935813669623581
0.2553340289892174	0.8909021456786401
0.2554337688442913	0.8920673600347698
0.25553350869936525	0.8888487599730985
0.25563324855443914	0.8927756960581259
0.2557329884095131	0.900429888482305
0.255832728264587	0.8968735685274575
0.2559324681196609	0.8909105503722394
0.2560322079747348	0.8886979939632185
0.25613194782980875	0.8987589511315469
0.25623168768488264	0.89440676655591
0.2563314275399565	0.8919961737652143
0.25643116739503047	0.8899125272530947
0.25653090725010436	0.894097577773902
0.2566306471051783	0.8956721074228812
0.2567303869602522	0.894618578350965
0.25683012681532613	0.8897743395778149
0.2569298666704	0.8878983464931011
0.25702960652547396	0.8999681659927412
0.25712934638054785	0.8912674248092674
0.2572290862356218	0.8914702070221214
0.2573288260906957	0.8969913912572598
0.25742856594576957	0.8923769838613497
0.2575283058008435	0.8974555684785407
0.2576280456559174	0.8999304617061127
0.25772778551099135	0.8898254512310606
0.25782752536606524	0.899699246054403
0.2579272652211392	0.8885556794329209
0.25802700507621307	0.8938150444540444
0.258126744931287	0.8898578443526606
0.2582264847863609	0.893288854686139
0.2583262246414348	0.8934947571086842
0.25842596449650873	0.8934136341626018
0.2585257043515826	0.8966592708012151
0.25862544420665656	0.8971831819153808
0.25872518406173045	0.8931047096866451
0.2588249239168044	0.8983998592511844
0.2589246637718783	0.8978156507595054
0.2590244036269522	0.8910752295347045
0.2591241434820261	0.8917132286452157
0.2592238833371	0.8930988078732918
0.25932362319217395	0.8997261974645672
0.25942336304724783	0.8989644184048375
0.2595231029023218	0.8973302655189254
0.25962284275739567	0.8951003341962059
0.2597225826124696	0.8963982721931917
0.2598223224675435	0.8917808606169794
0.25992206232261744	0.891740982788133
0.26002180217769133	0.8990529942850507
0.2601215420327653	0.9001723349292341
0.26022128188783916	0.892004305689166
0.26032102174291305	0.895163427658925
0.260420761597987	0.8947339238604262
0.2605205014530609	0.8947517314345466
0.2606202413081348	0.891016294673658
0.2607199811632087	0.8922106846832867
0.26081972101828266	0.8940804934315353
0.26091946087335655	0.8929616947218807
0.2610192007284305	0.8977562108238509
0.2611189405835044	0.8947347574176747
0.26121868043857827	0.8955391362791388
0.2613184202936522	0.8979448954622999
0.2614181601487261	0.8940105211758581
0.26151790000380004	0.8986421636133466
0.26161763985887393	0.891845415284334
0.2617173797139479	0.8876509762026222
0.26181711956902176	0.8934409376686062
0.2619168594240957	0.8877226804594114
0.2620165992791696	0.8891563128350057
0.2621163391342435	0.8929280996580204
0.2622160789893174	0.8923140367611406
0.2623158188443913	0.8958692813932949
0.26241555869946526	0.8876550175426058
0.26251529855453914	0.8964012325399793
0.2626150384096131	0.8973093292655936
0.262714778264687	0.897599866980053
0.2628145181197609	0.8921524136575909
0.2629142579748348	0.888303862743426
0.26301399782990875	0.8953552827699404
0.26311373768498264	0.8952438097975491
0.26321347754005653	0.8955088158956108
0.26331321739513047	0.8952307168042409
0.26341295725020436	0.8933272135989546
0.2635126971052783	0.898967811699311
0.2636124369603522	0.8961238119583975
0.26371217681542614	0.8964642229750626
0.2638119166705	0.8983107492587663
0.26391165652557397	0.8943001023352662
0.26401139638064786	0.8998179303730378
0.26411113623572174	0.8984919538335978
0.2642108760907957	0.8884104000130855
0.2643106159458696	0.8870204321703213
0.2644103558009435	0.8908737885031729
0.2645100956560174	0.8934991284721537
0.26460983551109135	0.8884123587247251
0.26470957536616524	0.8929710183131031
0.2648093152212392	0.8899048204577904
0.26490905507631307	0.8961738742163571
0.26500879493138696	0.8868831765588732
0.2651085347864609	0.8958306597679322
0.2652082746415348	0.8872599675486107
0.26530801449660874	0.9000513669362856
0.2654077543516826	0.8921718384706279
0.26550749420675657	0.8891495162794546
0.26560723406183046	0.8952919577223839
0.2657069739169044	0.8947514328257349
0.2658067137719783	0.8984562112116576
0.26590645362705223	0.8962847724900465
0.2660061934821261	0.8978144216643015
0.2661059333372	0.8916778456345897
0.26620567319227395	0.897005672035888
0.26630541304734784	0.8970189741498998
0.2664051529024218	0.900031170907426
0.26650489275749567	0.895461997070318
0.2666046326125696	0.8983016389570743
0.2667043724676435	0.8917104571988204
0.26680411232271745	0.8966688362583896
0.26690385217779133	0.8951989103017356
0.2670035920328652	0.8920565946449067
0.26710333188793917	0.8875708304725957
0.26720307174301305	0.8937447589195427
0.267302811598087	0.8993956776342621
0.2674025514531609	0.8956458851691922
0.26750229130823483	0.8997547482552133
0.2676020311633087	0.894900379464894
0.26770177101838266	0.8908330691038795
0.26780151087345655	0.8991630597886017
0.26790125072853044	0.8953103412416344
0.2680009905836044	0.8873342280722227
0.26810073043867827	0.8934076192190044
0.2682004702937522	0.8943485901562825
0.2683002101488261	0.89996008061727
0.26839995000390005	0.895754569319619
0.26849968985897393	0.8968210264980642
0.2685994297140479	0.89163622425373
0.26869916956912177	0.8935935341192696
0.2687989094241957	0.8962638765271509
0.2688986492792696	0.888855499267097
0.2689983891343435	0.8998863995029036
0.26909812898941743	0.8870146796225642
0.2691978688444913	0.8872222872756493
0.26929760869956526	0.8908228938592507
0.26939734855463915	0.8891394657804546
0.2694970884097131	0.8972272124430577
0.269596828264787	0.891391146556242
0.2696965681198609	0.8953151384184439
0.2697963079749348	0.8908918371774118
0.2698960478300087	0.8882366612722731
0.26999578768508264	0.8992914753704704
0.27009552754015653	0.8881873213938436
0.2701952673952305	0.8953017814230605
0.27029500725030436	0.8922263067321261
0.2703947471053783	0.8958565366145264
0.2704944869604522	0.8985369830744606
0.27059422681552614	0.8887522346831961
0.27069396667060003	0.896692401179791
0.2707937065256739	0.8911476389593285
0.27089344638074786	0.8926172222775047
0.27099318623582175	0.8889379595107105
0.2710929260908957	0.8881325742856502
0.2711926659459696	0.8992509639136302
0.2712924058010435	0.8908946507909107
0.2713921456561174	0.8899968231925701
0.27149188551119136	0.8874286280447564
0.27159162536626524	0.8879723191644747
0.2716913652213392	0.8879055259293439
0.2717911050764131	0.8876727236728158
0.27189084493148696	0.8995863323893256
0.2719905847865609	0.8947897368450806
0.2720903246416348	0.8903623085625872
0.27219006449670874	0.8973591811962963
0.2722898043517826	0.8920689113250262
0.27238954420685657	0.8931353018416238
0.27248928406193046	0.888004405292271
0.2725890239170044	0.8970525357303598
0.2726887637720783	0.891550181780963
0.2727885036271522	0.8950692932249913
0.2728882434822261	0.8997005845792554
0.2729879833373	0.8984941992151173
0.27308772319237395	0.8972904163905686
0.27318746304744784	0.8990397622772276
0.2732872029025218	0.8965958368706468
0.2733869427575957	0.8924007223090432
0.2734866826126696	0.8967074757420804
0.2735864224677435	0.8947090365591097
0.2736861623228174	0.8974380104866276
0.27378590217789134	0.8919872869940918
0.2738856420329652	0.8888847027984558
0.27398538188803917	0.8932058551801038
0.27408512174311306	0.8901998787974389
0.274184861598187	0.8874985676237178
0.2742846014532609	0.8950708577745273
0.27438434130833483	0.8980519523051953
0.2744840811634087	0.8922669166747234
0.27458382101848267	0.8983787747170112
0.27468356087355655	0.8948638011186076
0.27478330072863044	0.8882329926483495
0.2748830405837044	0.8996738186657984
0.2749827804387783	0.8979685590450981
0.2750825202938522	0.8902497465784867
0.2751822601489261	0.8937818062927992
0.27528200000400005	0.8960090761924188
0.27538173985907394	0.8972302305553114
0.2754814797141479	0.8945885233805997
0.27558121956922177	0.8912599561939076
0.27568095942429566	0.8956130667129222
0.2757806992793696	0.896294548466095
0.2758804391344435	0.8930983235711626
0.27598017898951743	0.8930834057715258
0.2760799188445913	0.8907916639814486
0.27617965869966526	0.8982006634237946
0.27627939855473915	0.8942167470932968
0.2763791384098131	0.8890475246287468
0.276478878264887	0.8901485029939454
0.2765786181199609	0.8991044788179223
0.2766783579750348	0.897474032565629
0.2767780978301087	0.8910700460142982
0.27687783768518265	0.8952484885334131
0.27697757754025654	0.8963604183434751
0.2770773173953305	0.8942422467337275
0.27717705725040437	0.8880284265439817
0.2772767971054783	0.8869864889404321
0.2773765369605522	0.8942919819800326
0.27747627681562614	0.8886761647824928
0.27757601667070003	0.8983864675689899
0.2776757565257739	0.8968123314721828
0.27777549638084786	0.891073138837458
0.27787523623592175	0.8938503801041804
0.2779749760909957	0.8941749700088244
0.2780747159460696	0.8940458743004231
0.2781744558011435	0.8960025155202025
0.2782741956562174	0.8973033515258273
0.27837393551129136	0.887568118499897
0.27847367536636525	0.8934480357714947
0.27857341522143914	0.8928001971736461
0.2786731550765131	0.8978153276910783
0.27877289493158697	0.890029169013472
0.2788726347866609	0.8895940986876218
0.2789723746417348	0.8969093077940805
0.27907211449680874	0.8948099847021721
0.27917185435188263	0.8949624276989018
0.2792715942069566	0.8894471416889415
0.27937133406203046	0.8944425459276368
0.27947107391710435	0.8932800803369008
0.2795708137721783	0.8934251688889576
0.2796705536272522	0.8938468407761161
0.2797702934823261	0.8972101580158895
0.2798700333374	0.8882728177400638
0.27996977319247396	0.8872841256660056
0.28006951304754785	0.8944878869706709
0.2801692529026218	0.8959797788087763
0.2802689927576957	0.8905390602743214
0.2803687326127696	0.8929670434205657
0.2804684724678435	0.8950822690424897
0.2805682123229174	0.8995612204834385
0.28066795217799134	0.8981053349395909
0.28076769203306523	0.8896470855599071
0.2808674318881392	0.8977322135543281
0.28096717174321306	0.8866730659867904
0.281066911598287	0.8986723236386783
0.2811666514533609	0.887360997667662
0.28126639130843484	0.8869841055373558
0.2813661311635087	0.889782267362585
0.2814658710185826	0.8883900091484066
0.28156561087365656	0.8954236838639394
0.28166535072873045	0.8914901485544963
0.2817650905838044	0.8985327820979244
0.2818648304388783	0.8987812595443565
0.2819645702939522	0.8889915544739715
0.2820643101490261	0.8898676597214208
0.28216405000410005	0.8961658425912592
0.28226378985917394	0.8913460188369916
0.28236352971424783	0.887825782035037
0.2824632695693218	0.8951779980167615
0.28256300942439566	0.8985478389060697
0.2826627492794696	0.898559050032889
0.2827624891345435	0.8897350935659561
0.28286222898961744	0.8967718109443833
0.2829619688446913	0.8933715095495551
0.28306170869976527	0.8900569806993451
0.28316144855483916	0.8875445426713579
0.2832611884099131	0.8963776837915113
0.283360928264987	0.8916240047909088
0.2834606681200609	0.8989812440250102
0.2835604079751348	0.886886878079651
0.2836601478302087	0.8876999243416505
0.28375988768528265	0.8936720908496988
0.28385962754035654	0.8951625415010979
0.2839593673954305	0.8979057542466881
0.2840591072505044	0.8948313380550668
0.2841588471055783	0.8967826130626011
0.2842585869606522	0.8930318183929024
0.2843583268157261	0.8924390774985138
0.28445806667080004	0.8994421537628698
0.2845578065258739	0.8980528384913175
0.28465754638094787	0.8884780240683322
0.28475728623602176	0.8990763834641057
0.2848570260910957	0.8976816405130117
0.2849567659461696	0.8892111979464641
0.28505650580124353	0.8958188435606886
0.2851562456563174	0.8878682853904893
0.2852559855113913	0.8941765468753923
0.28535572536646525	0.8922330294353813
0.28545546522153914	0.8976947615731892
0.2855552050766131	0.8887880017349896
0.28565494493168697	0.8959882296400523
0.2857546847867609	0.8866082095238585
0.2858544246418348	0.8942150173430753
0.28595416449690875	0.8904319354276061
0.28605390435198264	0.8995025549781702
0.2861536442070566	0.8862962993699205
0.28625338406213047	0.8898935088160755
0.28635312391720436	0.888007962964535
0.2864528637722783	0.8871342838233988
0.2865526036273522	0.8886629327215796
0.28665234348242613	0.8877752909091974
0.2867520833375	0.8882325648598639
0.28685182319257396	0.8974320956446419
0.28695156304764785	0.8888946065897938
0.28705130290272174	0.8987393334322963
0.2871510427577957	0.8929763735150921
0.2872507826128696	0.8932872695416413
0.2873505224679435	0.8888265870933698
0.2874502623230174	0.8988626180121626
0.28755000217809135	0.8896457595585028
0.28764974203316523	0.8971135210258522
0.2877494818882392	0.8956577141302103
0.28784922174331307	0.8897645213831349
0.287948961598387	0.8922573978935477
0.2880487014534609	0.887019540696769
0.2881484413085348	0.8908018586574132
0.28824818116360873	0.8962106282816819
0.2883479210186826	0.898020112973382
0.28844766087375656	0.8867181946896402
0.28854740072883045	0.8936916971157148
0.2886471405839044	0.89681767431464
0.2887468804389783	0.893637377113064
0.2888466202940522	0.8878069994420649
0.2889463601491261	0.8927542455036755
0.28904610000420006	0.8874260057415708
0.28914583985927395	0.8914562077849971
0.28924557971434783	0.8968263899343661
0.2893453195694218	0.8984689628380294
0.28944505942449567	0.8932416620216038
0.2895447992795696	0.8885900201962731
0.2896445391346435	0.8927095655421394
0.28974427898971744	0.8924379184014721
0.28984401884479133	0.8982202471298341
0.2899437586998652	0.8865934228982392
0.29004349855493916	0.8911023981430858
0.29014323841001305	0.8991207495276623
0.290242978265087	0.8926112012646374
0.2903427181201609	0.8940200293668871
0.2904424579752348	0.8958635525189605
0.2905421978303087	0.898746809027247
0.29064193768538266	0.8872466104216022
0.29074167754045654	0.8989010651164767
0.2908414173955305	0.8940592156388195
0.2909411572506044	0.8957359465988257
0.29104089710567826	0.8933691525147637
0.2911406369607522	0.8905385232726456
0.2912403768158261	0.887427627245598
0.29134011667090004	0.8910018833743252
0.29143985652597393	0.8974552683789159
0.29153959638104787	0.8919600774244012
0.29163933623612176	0.8975272986061185
0.2917390760911957	0.8866798149084507
0.2918388159462696	0.8908025740437578
0.29193855580134354	0.890748127097564
0.2920382956564174	0.89428688565626
0.2921380355114913	0.8888919688606708
0.29223777536656526	0.8877756593677005
0.29233751522163914	0.887719677857509
0.2924372550767131	0.8870150307187521
0.292536994931787	0.8931770298909043
0.2926367347868609	0.893283773978179
0.2927364746419348	0.8942115685346611
0.2928362144970087	0.8954163391830546
0.29293595435208264	0.8870712279707076
0.2930356942071565	0.8969428340526578
0.29313543406223047	0.8921845194940853
0.29323517391730436	0.8936835225173788
0.2933349137723783	0.8908716046674744
0.2934346536274522	0.8901262628954629
0.29353439348252613	0.8933552789714104
0.2936341333376	0.887871842902019
0.29373387319267397	0.8910516200767372
0.29383361304774785	0.8917944902982392
0.29393335290282174	0.8978968318713141
0.2940330927578957	0.8865094568177093
0.2941328326129696	0.8953195722115926
0.2942325724680435	0.8898148994932547
0.2943323123231174	0.8898012336960142
0.29443205217819135	0.8956026264499987
0.29453179203326524	0.8888511498527127
0.2946315318883392	0.8866814254272414
0.29473127174341307	0.888698308817236
0.294831011598487	0.8905279094953326
0.2949307514535609	0.8959444494428823
0.2950304913086348	0.8876786099614195
0.29513023116370873	0.8921073149658789
0.2952299710187826	0.8916185452205178
0.29532971087385657	0.88822348597849
0.29542945072893045	0.8983149099150032
0.2955291905840044	0.8959496869790383
0.2956289304390783	0.8869630781008254
0.2957286702941522	0.8918630948520929
0.2958284101492261	0.8965748262028029
0.2959281500043	0.8912894990203373
0.29602788985937395	0.8945673025265836
0.29612762971444784	0.8869187222449345
0.2962273695695218	0.8989972407449842
0.29632710942459567	0.8883625493657153
0.2964268492796696	0.8939035690863026
0.2965265891347435	0.8990074707683986
0.29662632898981744	0.8867257860125956
0.29672606884489133	0.8960814358137262
0.2968258086999652	0.8977821369829696
0.29692554855503916	0.887946644406126
0.29702528841011305	0.8986145481956348
0.297125028265187	0.8989620601137978
0.2972247681202609	0.8991849974423368
0.29732450797533483	0.8944047550585272
0.2974242478304087	0.8859763798967522
0.29752398768548266	0.8878325217411178
0.29762372754055655	0.891118394739124
0.2977234673956305	0.8883647325790872
0.2978232072507044	0.8979683794255939
0.29792294710577827	0.8868186549797131
0.2980226869608522	0.887603935386687
0.2981224268159261	0.8919951843327297
0.29822216667100004	0.8983879005363327
0.29832190652607393	0.8891160976411455
0.2984216463811479	0.8932443480474269
0.29852138623622176	0.889433455272895
0.29862112609129565	0.8989401503177489
0.2987208659463696	0.8934343791066109
0.2988206058014435	0.8896239801406874
0.2989203456565174	0.8868830921624222
0.2990200855115913	0.8894332353443891
0.29911982536666526	0.8906941123362165
0.29921956522173915	0.8867980754270038
0.2993193050768131	0.8968721996528566
0.299419044931887	0.8876254982935712
0.2995187847869609	0.8986291617304182
0.2996185246420348	0.8974430996859036
0.2997182644971087	0.8903277744920717
0.29981800435218264	0.8886533595534768
0.29991774420725653	0.8926266913848271
0.3000174840623305	0.8922007091141245
0.30011722391740436	0.8954878867966357
0.3002169637724783	0.8957631829912078
0.3003167036275522	0.8875328276687975
0.30041644348262614	0.8915523165625157
0.3005161833377	0.892387247260109
0.30061592319277397	0.8967802946094403
0.30071566304784786	0.8927684034768283
0.30081540290292175	0.8922042458267272
0.3009151427579957	0.8952381884516496
0.3010148826130696	0.8982147689071592
0.3011146224681435	0.8921767637038599
0.3012143623232174	0.8920074371768731
0.30131410217829135	0.892306007257403
0.30141384203336524	0.8912992144025161
0.30151358188843913	0.8868233161777085
0.3016133217435131	0.8871567671059523
0.30171306159858696	0.8983330264948931
0.3018128014536609	0.8939070469144337
0.3019125413087348	0.8929227166689288
0.30201228116380874	0.8918029080478209
0.3021120210188826	0.8966409649206213
0.30221176087395657	0.8905745439920252
0.30231150072903046	0.8959937051408096
0.3024112405841044	0.8972887540244769
0.3025109804391783	0.8868046698444509
0.3026107202942522	0.8962575345188591
0.3027104601493261	0.8957242620919129
0.3028102000044	0.8970942461229331
0.30290993985947395	0.8959024662742057
0.30300967971454784	0.8974529378285531
0.3031094195696218	0.8919314014444044
0.3032091594246957	0.8928442031844671
0.3033088992797696	0.8877616567559116
0.3034086391348435	0.8903423689417787
0.30350837898991745	0.8879423145356061
0.30360811884499134	0.8971716398306925
0.3037078587000652	0.8876762085963738
0.30380759855513917	0.8879596300289416
0.30390733841021306	0.8957023242400922
0.304007078265287	0.894361460339395
0.3041068181203609	0.887014777514338
0.30420655797543483	0.89493757150646
0.3043062978305087	0.8878475683732583
0.3044060376855826	0.8948090429247055
0.30450577754065655	0.8986463902784574
0.30460551739573044	0.88822820031643
0.3047052572508044	0.8963475853453009
0.3048049971058783	0.8871466569077759
0.3049047369609522	0.8985889270655887
0.3050044768160261	0.8974083981028705
0.30510421667110005	0.8941983903524646
0.30520395652617394	0.8911872697382957
0.3053036963812479	0.8980001548999518
0.30540343623632177	0.8944924425135583
0.30550317609139566	0.8936690582058524
0.3056029159464696	0.8863234569282198
0.3057026558015435	0.8880192903308405
0.30580239565661743	0.8911305688791485
0.3059021355116913	0.8965731016513766
0.30600187536676526	0.8931173586280001
0.30610161522183915	0.8861585651808483
0.3062013550769131	0.8940526738033285
0.306301094931987	0.8871401256781443
0.30640083478706087	0.8915742884848773
0.30650057464213476	0.8952811879081636
0.3066003144972087	0.8887575779702381
0.3067000543522826	0.8968340711719929
0.30679979420735654	0.8964845949660992
0.3068995340624304	0.8962994146140354
0.30699927391750437	0.897977531533506
0.30709901377257826	0.892988800259457
0.3071987536276522	0.8935127738508378
0.3072984934827261	0.8876014150369025
0.3073982333378	0.8972330879937803
0.3074979731928739	0.8870141962152482
0.3075977130479478	0.8863223073427005
0.30769745290302175	0.8937291441096401
0.30779719275809564	0.8955040995325464
0.3078969326131696	0.89557271921343
0.30799667246824347	0.8872405045509351
0.3080964123233174	0.8931413589851588
0.3081961521783913	0.8971029892691111
0.30829589203346525	0.8908342924198068
0.30839563188853913	0.8950752171567783
0.308495371743613	0.8950633981649762
0.30859511159868697	0.8944397780099771
0.30869485145376085	0.8905592084524578
0.3087945913088348	0.8913307642313277
0.3088943311639087	0.8949358654387808
0.30899407101898263	0.8988350758202656
0.3090938108740565	0.8922201901767474
0.30919355072913046	0.8895783767870569
0.30929329058420435	0.8977385396390524
0.30939303043927824	0.887137991485073
0.3094927702943522	0.8932813432593136
0.30959251014942607	0.8958571864926779
0.3096922500045	0.8866891714528302
0.3097919898595739	0.8917171884393054
0.30989172971464785	0.8987838934265168
0.30999146956972173	0.8971132117163129
0.3100912094247957	0.895899239348826
0.31019094927986957	0.8971497467375005
0.31029068913494345	0.893800159089009
0.3103904289900174	0.8914163964956999
0.3104901688450913	0.8866013258399289
0.31058990870016523	0.8933780349171249
0.3106896485552391	0.8879931281715413
0.31078938841031306	0.8973129078063878
0.31088912826538695	0.8981486698066473
0.3109888681204609	0.8936336996723222
0.3110886079755348	0.8959135568673169
0.3111883478306087	0.8932197063153979
0.3112880876856826	0.8891698700642708
0.3113878275407565	0.8866584426166454
0.31148756739583044	0.8968830008626806
0.31158730725090433	0.8955270216522753
0.3116870471059783	0.8972695082479033
0.31178678696105216	0.8857400360132359
0.3118865268161261	0.8911418043538717
0.3119862666712	0.8964604960527265
0.31208600652627394	0.8980559937007209
0.31218574638134783	0.889597299879316
0.3122854862364217	0.888513875220007
0.31238522609149566	0.8969968649040801
0.31248496594656955	0.8873937844905315
0.3125847058016435	0.8911199483588459
0.3126844456567174	0.8971844020344222
0.3127841855117913	0.8900513072803493
0.3128839253668652	0.897053615202505
0.31298366522193916	0.8878887455806213
0.31308340507701304	0.8862526755591851
0.31318314493208693	0.8867520273189845
0.3132828847871609	0.8973173817062589
0.31338262464223476	0.8986746256704474
0.3134823644973087	0.8903476211382226
0.3135821043523826	0.8867177690424887
0.31368184420745654	0.8929120823787682
0.3137815840625304	0.8879102311622188
0.31388132391760437	0.8940463498004473
0.31398106377267826	0.8854356540797077
0.3140808036277522	0.8917559707111332
0.3141805434828261	0.8984611080168922
0.3142802833379	0.8858769813379851
0.3143800231929739	0.8941170130379887
0.3144797630480478	0.8916262943211462
0.31457950290312175	0.8895286006239373
0.31467924275819564	0.8965110813823871
0.3147789826132696	0.8961927235375381
0.3148787224683435	0.8958196018930964
0.3149784623234174	0.8949939402757955
0.3150782021784913	0.8939858179384691
0.3151779420335652	0.8953940197414927
0.31527768188863914	0.8937475336922853
0.315377421743713	0.8956276989054324
0.31547716159878697	0.8928751544358693
0.31557690145386086	0.896517233741556
0.3156766413089348	0.893819710100227
0.3157763811640087	0.8947780690455721
0.31587612101908263	0.888619567442595
0.3159758608741565	0.897153102871199
0.3160756007292304	0.8912248353197821
0.31617534058430435	0.8870358604313845
0.31627508043937824	0.8981516786719583
0.3163748202944522	0.8892216006140281
0.3164745601495261	0.8917071895208322
0.3165743000046	0.8921016392539196
0.3166740398596739	0.8916299456423022
0.31677377971474785	0.8883617470866132
0.31687351956982174	0.8865462526907562
0.3169732594248956	0.8945728925980151
0.31707299927996957	0.8981044451593649
0.31717273913504346	0.886320484853714
0.3172724789901174	0.897046486233588
0.3173722188451913	0.8924989278579164
0.31747195870026523	0.8943349452025816
0.3175716985553391	0.8903360461052563
0.31767143841041307	0.8930167270743433
0.31777117826548695	0.8862240249358192
0.3178709181205609	0.8867372313648021
0.3179706579756348	0.8954159665309401
0.3180703978307087	0.8855796225260835
0.3181701376857826	0.886057770757715
0.3182698775408565	0.8922508737984606
0.31836961739593045	0.8880183763281051
0.31846935725100434	0.8879276278851074
0.3185690971060783	0.8910594913575781
0.31866883696115217	0.8860374118113746
0.3187685768162261	0.8891510156502809
0.3188683166713	0.8858407192409556
0.3189680565263739	0.896677127539744
0.31906779638144783	0.8877460045858464
0.3191675362365217	0.8977382540197179
0.31926727609159566	0.8885747947236822
0.31936701594666955	0.8866040076342895
0.3194667558017435	0.8901124316282797
0.3195664956568174	0.8860030316908366
0.31966623551189133	0.8948980120391506
0.3197659753669652	0.8922310021335818
0.3198657152220391	0.8971871994964604
0.31996545507711305	0.8941335818141982
0.32006519493218694	0.8946226886591352
0.3201649347872609	0.8928019746266689
0.32026467464233477	0.891208032833552
0.3203644144974087	0.8868347211716467
0.3204641543524826	0.8964170526187784
0.32056389420755654	0.8983978025339693
0.32066363406263043	0.8921499268881963
0.3207633739177044	0.8937131105158613
0.32086311377277826	0.8952819098053743
0.32096285362785215	0.8885142789840432
0.3210625934829261	0.8983027890679889
0.321162333338	0.8946477611084864
0.3212620731930739	0.8928473667740753
0.3213618130481478	0.8958866282766054
0.32146155290322176	0.896929366142975
0.32156129275829565	0.8957205298577576
0.3216610326133696	0.887553648842062
0.3217607724684435	0.8962424990159452
0.32186051232351737	0.888400635508792
0.3219602521785913	0.8945500615953729
0.3220599920336652	0.8871766558125542
0.32215973188873914	0.8869201456135413
0.32225947174381303	0.8919713247111839
0.322359211598887	0.8871390179440037
0.32245895145396086	0.8877888132140364
0.3225586913090348	0.8891828013553223
0.3226584311641087	0.8870092973601386
0.3227581710191826	0.8978358686941218
0.3228579108742565	0.8975447087156352
0.3229576507293304	0.887827945680075
0.32305739058440436	0.8853807732562825
0.32315713043947825	0.897259300090272
0.3232568702945522	0.895850666145487
0.3233566101496261	0.8925053695082968
0.3234563500047	0.8975023574449945
0.3235560898597739	0.8886946135335269
0.32365582971484785	0.8940822558805458
0.32375556956992174	0.8903063656586002
0.32385530942499563	0.8867119816445403
0.3239550492800696	0.8865440318657397
0.32405478913514346	0.8975209844669039
0.3241545289902174	0.8985417072012265
0.3242542688452913	0.8911863405964321
0.32435400870036524	0.896039309285348
0.3244537485554391	0.8942482738095718
0.32455348841051307	0.8945868882440695
0.32465322826558696	0.8975025929003403
0.3247529681206609	0.8877446780788819
0.3248527079757348	0.8983506060603925
0.3249524478308087	0.8914030441345882
0.3250521876858826	0.8912354679567983
0.3251519275409565	0.8970895419344997
0.32525166739603045	0.8974909635348637
0.32535140725110434	0.888781096344085
0.3254511471061783	0.887872492411422
0.3255508869612522	0.8978266836936909
0.32565062681632606	0.8944868197103311
0.3257503666714	0.8855694196901894
0.3258501065264739	0.8883381982243498
0.32594984638154784	0.893286420099203
0.3260495862366217	0.8924614676341779
0.32614932609169567	0.8871705547465261
0.32624906594676956	0.886938175012505
0.3263488058018435	0.8964857397861142
0.3264485456569174	0.8939606239726063
0.32654828551199133	0.8947556710683378
0.3266480253670652	0.8870249671997941
0.3267477652221391	0.8974751248196381
0.32684750507721305	0.8893340996831933
0.32694724493228694	0.8946982494407556
0.3270469847873609	0.8949721034318073
0.32714672464243477	0.8939065136053548
0.3272464644975087	0.8975809187484595
0.3273462043525826	0.8940331005092889
0.32744594420765655	0.8969133546416542
0.32754568406273044	0.8979461930257853
0.3276454239178044	0.8934803887947896
0.32774516377287827	0.8963601607878139
0.32784490362795216	0.8965937924997922
0.3279446434830261	0.8956012523703757
0.3280443833381	0.8860554369847313
0.32814412319317393	0.8920429707533759
0.3282438630482478	0.8958152636793842
0.32834360290332176	0.8873067804340772
0.32844334275839565	0.893849867978683
0.32854308261346954	0.8944164187080674
0.3286428224685435	0.8971382695221658
0.32874256232361737	0.8908198735316395
0.3288423021786913	0.8916224263565308
0.3289420420337652	0.8945826482981862
0.32904178188883915	0.8974300040835198
0.32914152174391303	0.8944458960646086
0.329241261598987	0.8903351131038872
0.32934100145406087	0.8874208309806214
0.3294407413091348	0.8967947808398222
0.3295404811642087	0.8955320530886576
0.3296402210192826	0.8883387546960763
0.32973996087435653	0.889969007754388
0.3298397007294304	0.8983954896595346
0.32993944058450436	0.8870327487012125
0.33003918043957825	0.8867401209833919
0.3301389202946522	0.88507972543363
0.3302386601497261	0.8890392511421196
0.3303384000048	0.8888887540397106
0.3304381398598739	0.8871419463943563
0.33053787971494786	0.8883670096226617
0.33063761957002175	0.894408807633532
0.33073735942509563	0.8884795667057336
0.3308370992801696	0.8853523261033289
0.33093683913524347	0.8939833861139919
0.3310365789903174	0.8858103448291881
0.3311363188453913	0.8863352960408656
0.33123605870046524	0.8880101688803806
0.33133579855553913	0.8940198986230165
0.331435538410613	0.8927467893462189
0.33153527826568696	0.8864258299379013
0.33163501812076085	0.8911367415056178
0.3317347579758348	0.8952167793047937
0.3318344978309087	0.8943737041147842
0.3319342376859826	0.8935802746610207
0.3320339775410565	0.8874457967082485
0.33213371739613046	0.8851048989836133
0.33223345725120434	0.8930892441198872
0.3323331971062783	0.8908607123473925
0.3324329369613522	0.8860473379589501
0.33253267681642606	0.8854714279533855
0.3326324166715	0.8979059325690303
0.3327321565265739	0.8889223094515657
0.33283189638164784	0.88738851100957
0.33293163623672173	0.8940535459423602
0.3330313760917957	0.8927149232165045
0.33313111594686956	0.8890069285032185
0.3332308558019435	0.8941912624986107
0.3333305956570174	0.886938165047288
0.33343033551209134	0.8911052892909392
0.3335300753671652	0.8972620271067927
0.3336298152222391	0.889013299593603
0.33372955507731306	0.8930798454629624
0.33382929493238694	0.8863920728108052
0.3339290347874609	0.8880685195598235
0.3340287746425348	0.8939927166925175
0.3341285144976087	0.8967320872079503
0.3342282543526826	0.8854094744575757
0.3343279942077565	0.8886909607365091
0.33442773406283044	0.8914541294201296
0.3345274739179043	0.8934124195945399
0.33462721377297827	0.8913498199164996
0.33472695362805216	0.8980913000325821
0.3348266934831261	0.8917400009680012
0.3349264333382	0.8916700429347809
0.33502617319327394	0.8976247456973092
0.3351259130483478	0.8962985283888546
0.33522565290342177	0.8898241207580146
0.33532539275849566	0.897548973125531
0.33542513261356954	0.8952002386082252
0.3355248724686435	0.8982058849576379
0.3356246123237174	0.8923051721258001
0.3357243521787913	0.8977744995853215
0.3358240920338652	0.8930974206048532
0.33592383188893915	0.8973335029617838
0.33602357174401304	0.8881946084959922
0.336123311599087	0.8943960453872807
0.33622305145416087	0.895405140055833
0.3363227913092348	0.8937898473090555
0.3364225311643087	0.8920142793825189
0.3365222710193826	0.8880309532903593
0.33662201087445653	0.8896736903583351
0.3367217507295304	0.8851267823317324
0.33682149058460437	0.8961364324600691
0.33692123043967825	0.8861551803698904
0.3370209702947522	0.8861079995874095
0.3371207101498261	0.8952112986289096
0.3372204500049	0.8866758848196185
0.3373201898599739	0.8887057622757365
0.3374199297150478	0.894526576643909
0.33751966957012175	0.8961390429223917
0.33761940942519564	0.8965504454510637
0.3377191492802696	0.8869932322038573
0.33781888913534347	0.8971600990137518
0.3379186289904174	0.8944679326589778
0.3380183688454913	0.8921966688090506
0.33811810870056525	0.8974613013938761
0.33821784855563913	0.8968574666059544
0.338317588410713	0.8917353775933284
0.33841732826578697	0.8881300181210998
0.33851706812086085	0.8889534135826389
0.3386168079759348	0.8951316356927708
0.3387165478310087	0.8858590034170887
0.33881628768608263	0.8926640778332025
0.3389160275411565	0.8937671071684251
0.33901576739623046	0.888088629955727
0.33911550725130435	0.8941060180477409
0.3392152471063783	0.8977073167484271
0.3393149869614522	0.8883418432523648
0.33941472681652607	0.8884523225927256
0.3395144666716	0.8960416345195555
0.3396142065266739	0.8896840057879615
0.33971394638174784	0.8960269897586424
0.33981368623682173	0.8904101007572663
0.3399134260918957	0.8976664406406811
0.34001316594696956	0.8929972077254827
0.34011290580204345	0.885625041365736
0.3402126456571174	0.8978427632634943
0.3403123855121913	0.8961355162598279
0.34041212536726523	0.8956864813139518
0.3405118652223391	0.8906419002819382
0.34061160507741306	0.885162183619047
0.34071134493248695	0.8890173862798255
0.3408110847875609	0.8865749993476647
0.3409108246426348	0.8964581569205434
0.3410105644977087	0.8860355640586559
0.3411103043527826	0.8883648438677874
0.3412100442078565	0.8976932275147332
0.34130978406293044	0.8957155592332996
0.34140952391800433	0.8941538159531552
0.3415092637730783	0.8874627919465067
0.34160900362815216	0.8888115286107879
0.3417087434832261	0.8867284862143204
0.3418084833383	0.8930213629561895
0.34190822319337394	0.8913313665002113
0.3420079630484478	0.897911036695147
0.34210770290352177	0.8924417277125304
0.34220744275859566	0.8900573439936894
0.34230718261366955	0.8890440301454362
0.3424069224687435	0.893015443606451
0.3425066623238174	0.8912862548642826
0.3426064021788913	0.8946397879209613
0.3427061420339652	0.8960856579639804
0.34280588188903915	0.8868984363375818
0.34290562174411304	0.8917166495413414
0.34300536159918693	0.8938769455033996
0.3431051014542609	0.8950044861233301
0.34320484130933476	0.8909217846602498
0.3433045811644087	0.8946472756583496
0.3434043210194826	0.8898241809588765
0.34350406087455654	0.8857673834931844
0.3436038007296304	0.8886386737094354
0.34370354058470437	0.8852736172800346
0.34380328043977826	0.8904265908984947
0.3439030202948522	0.8975361694230506
0.3440027601499261	0.8959243197934721
0.344102500005	0.8860213924921744
0.3442022398600739	0.8855905589389953
0.3443019797151478	0.8922422031387328
0.34440171957022175	0.8974650295779714
0.34450145942529564	0.8857196940450675
0.3446011992803696	0.8918716880015317
0.3447009391354435	0.8867372365981229
0.3448006789905174	0.8853984847292626
0.3449004188455913	0.884865261572971
0.34500015870066525	0.8975513778369894
0.34509989855573914	0.8936137059651158
0.345199638410813	0.8876806019739456
0.34529937826588697	0.8870637578902502
0.34539911812096086	0.8914386860291368
0.3454988579760348	0.8949606750111352
0.3455985978311087	0.8899914947404608
0.34569833768618263	0.8910181541301051
0.3457980775412565	0.8847294487536969
0.3458978173963304	0.8968050135930974
0.34599755725140435	0.8938460832699988
0.34609729710647824	0.8915842101818459
0.3461970369615522	0.8889180825209697
0.3462967768166261	0.8877949634150731
0.3463965166717	0.8871136297030074
0.3464962565267739	0.886379865699329
0.34659599638184785	0.8873539249861216
0.34669573623692174	0.8893506722744766
0.3467954760919957	0.8978940690038811
0.34689521594706957	0.8868506125582973
0.34699495580214346	0.8948879251125327
0.3470946956572174	0.8951699068278898
0.3471944355122913	0.896181076567006
0.34729417536736523	0.8892791184731526
0.3473939152224391	0.8972321256592434
0.34749365507751306	0.8927518841993651
0.34759339493258695	0.8915719895001316
0.3476931347876609	0.8904357873422883
0.3477928746427348	0.895902031718233
0.3478926144978087	0.8972987510982523
0.3479923543528826	0.8905864263601714
0.3480920942079565	0.8977412814252409
0.34819183406303045	0.8851188737923786
0.34829157391810434	0.8979755176569653
0.3483913137731783	0.885110651958675
0.34849105362825217	0.8948954569019218
0.3485907934833261	0.89164987811997
0.3486905333384	0.8866237860124172
0.3487902731934739	0.8943715976435109
0.34889001304854783	0.8860593197217581
0.3489897529036217	0.8868929802126114
0.34908949275869566	0.8922202103465474
0.34918923261376955	0.8908698990513877
0.3492889724688435	0.8892627242478282
0.3493887123239174	0.8913806609367789
0.3494884521789913	0.8938724676470268
0.3495881920340652	0.8941946441419956
0.34968793188913916	0.8979947720978755
0.34978767174421305	0.886891352091886
0.34988741159928693	0.8884083833244983
0.3499871514543609	0.8869237719155562
0.35008689130943477	0.8898074726903267
0.3501866311645087	0.8937625614521192
0.3502863710195826	0.8925082425492462
0.35038611087465654	0.8959122429116341
0.35048585072973043	0.8886229111375724
0.3505855905848044	0.8955454866043189
0.35068533043987826	0.8882279232588193
0.3507850702949522	0.8898398116114293
0.3508848101500261	0.8920813148444797
0.3509845500051	0.8940649820079087
0.3510842898601739	0.8854708149522076
0.3511840297152478	0.8956985375857647
0.35128376957032176	0.8901909949784673
0.35138350942539565	0.8859762853853287
0.3514832492804696	0.8874459555136943
0.3515829891355435	0.8873287428193911
0.35168272899061737	0.8879686802868285
0.3517824688456913	0.8850363185765824
0.3518822087007652	0.8849649177729495
0.35198194855583914	0.8975159278264322
0.35208168841091303	0.8891951679149115
0.352181428265987	0.8860386190699527
0.35228116812106086	0.8973010535569442
0.3523809079761348	0.8936449166219161
0.3524806478312087	0.8966788892192342
0.35258038768628264	0.8925723695293907
0.3526801275413565	0.88683302316592
0.3527798673964304	0.8849382648024078
0.35287960725150436	0.8922023055149226
0.35297934710657825	0.8958008883037787
0.3530790869616522	0.8892331090105913
0.3531788268167261	0.8884429621196347
0.3532785666718	0.8869444958992359
0.3533783065268739	0.8966240564895854
0.35347804638194785	0.8872843161051749
0.35357778623702174	0.8910191331349696
0.3536775260920957	0.8862780052235257
0.3537772659471696	0.8960977427720975
0.35387700580224346	0.8928332787596346
0.3539767456573174	0.8847268258304736
0.3540764855123913	0.8853693250762323
0.35417622536746524	0.8862391250987967
0.3542759652225391	0.8916955730474718
0.35437570507761307	0.891496183560368
0.35447544493268696	0.8958670502612919
0.35457518478776084	0.8871595671997219
0.3546749246428348	0.8924585419888578
0.3547746644979087	0.8908304798439952
0.3548744043529826	0.8877311878252456
0.3549741442080565	0.8885955291353975
0.35507388406313045	0.8945046547692508
0.35517362391820434	0.8896352632078732
0.3552733637732783	0.8849267752711397
0.35537310362835217	0.8870255389111082
0.3554728434834261	0.8946260673523545
0.3555725833385	0.8868643136953889
0.3556723231935739	0.8971887617574598
0.35577206304864784	0.887989741717062
0.3558718029037217	0.8888503799054326
0.35597154275879567	0.8868132041480293
0.35607128261386956	0.8975267404423466
0.3561710224689435	0.8951623342708994
0.3562707623240174	0.8949333298042121
0.35637050217909133	0.8857336986459867
0.3564702420341652	0.8898077063696618
0.35656998188923916	0.8956025424667289
0.35666972174431305	0.8893447190143579
0.35676946159938694	0.8847645309210875
0.3568692014544609	0.8865313028534206
0.35696894130953477	0.8913184263349941
0.3570686811646087	0.8861072955797459
0.3571684210196826	0.8969911357363591
0.35726816087475655	0.8952494975104529
0.35736790072983043	0.894082486719034
0.3574676405849043	0.8865365659080526
0.3575673804399782	0.8861299801611162
0.35766712029505215	0.8977599574699431
0.35776686015012604	0.8960623903858717
0.3578666000052	0.8961995881795918
0.3579663398602739	0.8964956609134425
0.3580660797153478	0.8937903798983459
0.3581658195704217	0.8865296477079356
0.35826555942549565	0.8913452787103391
0.35836529928056954	0.8918042544971275
0.3584650391356434	0.8867173412635043
0.35856477899071737	0.886777282445149
0.35866451884579126	0.8973917024746322
0.3587642587008652	0.8937389475090382
0.3588639985559391	0.884994898665304
0.35896373841101303	0.8956316291005367
0.3590634782660869	0.8869227108474973
0.35916321812116087	0.8867480303241432
0.35926295797623475	0.8870643391831382
0.3593626978313087	0.8919465556955241
0.3594624376863826	0.8879255262620375
0.3595621775414565	0.8898533396266493
0.3596619173965304	0.8916251460247284
0.3597616572516043	0.8926845313937974
0.35986139710667825	0.8868625103436412
0.35996113696175214	0.8860447139975739
0.3600608768168261	0.8959705806661385
0.36016061667189997	0.8876571411346675
0.3602603565269739	0.8912303447931633
0.3603600963820478	0.885744822272694
0.3604598362371217	0.8880475138523406
0.36055957609219563	0.8888894510397229
0.3606593159472695	0.8909830596826788
0.36075905580234346	0.8855929610170906
0.36085879565741735	0.894461266707614
0.3609585355124913	0.8967954473512469
0.3610582753675652	0.896197499226027
0.36115801522263913	0.8854552574284507
0.361257755077713	0.8845821371808003
0.3613574949327869	0.8917659716487001
0.36145723478786085	0.8971436633596452
0.36155697464293474	0.8966764716319766
0.3616567144980087	0.892023388710322
0.36175645435308257	0.8878522141950795
0.3618561942081565	0.8896649147624571
0.3619559340632304	0.8851213164881542
0.36205567391830434	0.8956241467309491
0.36215541377337823	0.8922740049096908
0.3622551536284522	0.8908386051237995
0.36235489348352606	0.8931607394985323
0.36245463333859995	0.8865619036630069
0.3625543731936739	0.8972141142150802
0.3626541130487478	0.893513112555623
0.3627538529038217	0.8934013365776357
0.3628535927588956	0.8909096945293558
0.36295333261396956	0.8864403968387191
0.36305307246904345	0.8901803892952275
0.3631528123241174	0.8867382447597028
0.3632525521791913	0.8910739837098596
0.36335229203426517	0.8931471262387444
0.3634520318893391	0.8876011987325693
0.363551771744413	0.887957969239582
0.36365151159948694	0.8975953997889072
0.36375125145456083	0.8932549486137952
0.3638509913096348	0.8848809802519596
0.36395073116470866	0.8864471743099859
0.3640504710197826	0.8898642437606881
0.3641502108748565	0.8893054739857843
0.3642499507299304	0.8914695032194706
0.3643496905850043	0.8878444996793201
0.3644494304400782	0.8871089495168865
0.36454917029515216	0.8880106878005415
0.36464891015022605	0.8852736359949064
0.3647486500053	0.8854393003411948
0.3648483898603739	0.8926094638781987
0.3649481297154478	0.8976802774779222
0.3650478695705217	0.8957295700639355
0.36514760942559565	0.8923350844678875
0.36524734928066954	0.8845947945092227
0.36534708913574343	0.8869756707444436
0.3654468289908174	0.8933789049364763
0.36554656884589126	0.8962431382962666
0.3656463087009652	0.892246478341596
0.3657460485560391	0.8938690121428627
0.36584578841111304	0.8889514120692804
0.3659455282661869	0.8844020914733031
0.36604526812126087	0.8899556486626995
0.36614500797633476	0.8922277455997406
0.36624474783140865	0.8878879652332463
0.3663444876864826	0.8882934213716939
0.3664442275415565	0.894591520684119
0.3665439673966304	0.8924384726017317
0.3666437072517043	0.8947640254954784
0.36674344710677825	0.885116242750965
0.36684318696185214	0.8895936699092276
0.3669429268169261	0.8958118819507056
0.367042666672	0.8915129708035132
0.36714240652707386	0.887437141452558
0.3672421463821478	0.8903160015800693
0.3673418862372217	0.8880156004412458
0.36744162609229564	0.8863258233564995
0.3675413659473695	0.8857589441971716
0.36764110580244347	0.8939834552144722
0.36774084565751736	0.8925308644317442
0.3678405855125913	0.8844139747605694
0.3679403253676652	0.8898114772544956
0.36804006522273913	0.8953015719131486
0.368139805077813	0.8943801705722022
0.3682395449328869	0.8975065502546399
0.36833928478796085	0.8844496607139334
0.36843902464303474	0.8881590986154592
0.3685387644981087	0.8862493772091352
0.3686385043531826	0.8920369308015124
0.3687382442082565	0.8971063813016426
0.3688379840633304	0.8873933473568831
0.36893772391840435	0.8859692238365623
0.36903746377347824	0.8935931934746151
0.3691372036285521	0.8935022029475703
0.36923694348362607	0.890974742621403
0.36933668333869996	0.8956751487058531
0.3694364231937739	0.8914352562039003
0.3695361630488478	0.8956029857042476
0.36963590290392173	0.8859895264007115
0.3697356427589956	0.8920425427416919
0.36983538261406956	0.8879099592298424
0.36993512246914345	0.8886803551565449
0.37003486232421734	0.8958614209307735
0.3701346021792913	0.890502335610572
0.37023434203436517	0.8974274162666231
0.3703340818894391	0.891996962502205
0.370433821744513	0.8853892089686836
0.37053356159958695	0.8907990049583971
0.37063330145466084	0.8881062536171884
0.3707330413097348	0.8902061454779483
0.37083278116480867	0.8957297963671148
0.3709325210198826	0.8914705671152877
0.3710322608749565	0.8930144321598192
0.3711320007300304	0.897334641246443
0.37123174058510433	0.8910847198236885
0.3713314804401782	0.8969488871590966
0.37143122029525216	0.8971679073723078
0.37153096015032605	0.8907241460478567
0.3716307000054	0.8886782354401369
0.3717304398604739	0.8855033527903152
0.3718301797155478	0.8916436037876416
0.3719299195706217	0.8960524532992034
0.3720296594256956	0.8873712145268918
0.37212939928076955	0.8873644621124904
0.37222913913584343	0.8957238160872186
0.3723288789909174	0.8939516271056424
0.37242861884599127	0.8920712581875189
0.3725283587010652	0.8891387584823255
0.3726280985561391	0.8913507096452382
0.37272783841121304	0.8918550825370286
0.37282757826628693	0.8945317069409567
0.3729273181213608	0.8904468208151368
0.37302705797643476	0.8892910274873069
0.37312679783150865	0.8971352822438446
0.3732265376865826	0.8857197614562656
0.3733262775416565	0.8912152326078324
0.3734260173967304	0.8889555297883481
0.3735257572518043	0.8898515055648029
0.37362549710687826	0.8945943054964689
0.37372523696195215	0.8925121712331963
0.3738249768170261	0.8870305490536236
0.3739247166721	0.8956137093493741
0.37402445652717387	0.8965173767241971
0.3741241963822478	0.888788620884357
0.3742239362373217	0.8895060554534653
0.37432367609239564	0.8911245620313137
0.37442341594746953	0.8878082465606076
0.3745231558025435	0.8912845804143779
0.37462289565761736	0.8938576625589104
0.3747226355126913	0.8922433623446345
0.3748223753677652	0.8881790332353746
0.3749221152228391	0.8886370535846655
0.375021855077913	0.8848397781648007
0.3751215949329869	0.8966672524155893
0.37522133478806086	0.8866234812466516
0.37532107464313474	0.8941744004683214
0.3754208144982087	0.8887363100009993
0.3755205543532826	0.8862651566427743
0.3756202942083565	0.8846506462108602
0.3757200340634304	0.8903658962479003
0.3758197739185043	0.8926935679384855
0.37591951377357824	0.8868648370370947
0.37601925362865213	0.8843360643481646
0.37611899348372607	0.8904956911619085
0.37621873333879996	0.8874706161570892
0.3763184731938739	0.8850237575115182
0.3764182130489478	0.88882772159409
0.37651795290402174	0.8891761483430436
0.3766176927590956	0.892802833994473
0.37671743261416957	0.8965299259396408
0.37681717246924346	0.8870889032725219
0.37691691232431734	0.8857113482743117
0.3770166521793913	0.8860966670999815
0.3771163920344652	0.8936464652635523
0.3772161318895391	0.8950435801804397
0.377315871744613	0.8899953240377796
0.37741561159968695	0.8947442322773567
0.37751535145476084	0.8968195962871912
0.3776150913098348	0.8970903995155829
0.37771483116490867	0.8892635402229432
0.37781457101998256	0.8873005415138607
0.3779143108750565	0.8932888939153284
0.3780140507301304	0.8955966864409961
0.37811379058520433	0.8965044985794393
0.3782135304402782	0.8879270782576867
0.37831327029535217	0.8892760736713464
0.37841301015042605	0.8960460592844178
0.3785127500055	0.8936118400169192
0.3786124898605739	0.8900295504283445
0.3787122297156478	0.8916117207896171
0.3788119695707217	0.8963534862113437
0.3789117094257956	0.8923506725662956
0.37901144928086955	0.8845606499320059
0.37911118913594344	0.889651654397821
0.3792109289910174	0.8950502453247041
0.37931066884609127	0.8926894144884493
0.3794104087011652	0.8866032947169603
0.3795101485562391	0.8915972373658647
0.37960988841131305	0.8888177098704355
0.37970962826638693	0.8848463292361762
0.3798093681214608	0.8863089072203058
0.37990910797653477	0.8895361226617408
0.38000884783160865	0.8933331533612536
0.3801085876866826	0.8868511846342567
0.3802083275417565	0.8889586207498025
0.38030806739683043	0.885058232176999
0.3804078072519043	0.8904020510554297
0.38050754710697826	0.8848819388011406
0.38060728696205215	0.8898882419166219
0.38070702681712604	0.8900749215031043
0.3808067666722	0.893490015736705
0.38090650652727387	0.8841192260180204
0.3810062463823478	0.891138930795422
0.3811059862374217	0.8913278980745395
0.38120572609249564	0.8935479450019842
0.38130546594756953	0.8953167404952184
0.3814052058026435	0.8849439800017878
0.38150494565771736	0.8899808592951024
0.38160468551279125	0.8896720138207176
0.3817044253678652	0.8892728674279582
0.3818041652229391	0.8869351340891392
0.38190390507801303	0.8948536126328605
0.3820036449330869	0.8960517658572247
0.38210338478816086	0.8926614278404555
0.38220312464323475	0.8930090392825175
0.3823028644983087	0.887752787664617
0.3824026043533826	0.8859799530948007
0.3825023442084565	0.8874418411899242
0.3826020840635304	0.8905355765644083
0.3827018239186043	0.8935117435152539
0.38280156377367824	0.8890948133571863
0.38290130362875213	0.8961953093955127
0.3830010434838261	0.8972604399164965
0.38310078333889996	0.8930910004707616
0.3832005231939739	0.8930784189221491
0.3833002630490478	0.8936227902535007
0.38340000290412174	0.8899592773747624
0.3834997427591956	0.8842564012052431
0.3835994826142695	0.8930638155168691
0.38369922246934346	0.8882703099907452
0.38379896232441735	0.8867987350382445
0.3838987021794913	0.8907064431485929
0.3839984420345652	0.896251589190452
0.3840981818896391	0.894409712640473
0.384197921744713	0.894656983883742
0.38429766159978695	0.8844431055322288
0.38439740145486084	0.8899801231390637
0.38449714130993473	0.8858159845044977
0.3845968811650087	0.8908356993751201
0.38469662102008256	0.8939746639033392
0.3847963608751565	0.8897271441043741
0.3848961007302304	0.8921280788556126
0.38499584058530434	0.8903944779330955
0.3850955804403782	0.8950895490319983
0.38519532029545217	0.889116582456809
0.38529506015052606	0.8936511930041771
0.3853948000056	0.8915683769776886
0.3854945398606739	0.8852763309675853
0.3855942797157478	0.8957100231260786
0.3856940195708217	0.8882269835537191
0.3857937594258956	0.8872956176757915
0.38589349928096955	0.8944785843799038
0.38599323913604344	0.8960083273497104
0.3860929789911174	0.894298546550502
0.3861927188461913	0.8918428910294013
0.3862924587012652	0.8902089423830086
0.3863921985563391	0.8924669378419399
0.386491938411413	0.8871789933788201
0.38659167826648694	0.8842978517983723
0.3866914181215608	0.8883431297951222
0.38679115797663477	0.8923262533704402
0.38689089783170866	0.8918673595268287
0.3869906376867826	0.8896088955512463
0.3870903775418565	0.8880262607738205
0.38719011739693043	0.8918999949727924
0.3872898572520043	0.8961151833277272
0.3873895971070782	0.8942536533123888
0.38748933696215215	0.8941503441822215
0.38758907681722604	0.8877238645953406
0.3876888166723	0.8875237481368962
0.3877885565273739	0.889720096339483
0.3878882963824478	0.8860629147960828
0.3879880362375217	0.8876903428772607
0.38808777609259565	0.8906750739684439
0.38818751594766954	0.8921561938923573
0.3882872558027435	0.8858405878537211
0.38838699565781737	0.8907284801614456
0.38848673551289126	0.8907435061233971
0.3885864753679652	0.8925729236841533
0.3886862152230391	0.8931881029820117
0.38878595507811303	0.8876657268007005
0.3888856949331869	0.8956739674010566
0.38898543478826086	0.8961042473281973
0.38908517464333475	0.8912002350050985
0.38918491449840864	0.8940954323908324
0.3892846543534826	0.8889945440458829
0.38938439420855653	0.8860871189862675
0.3894841340636304	0.8915780240074641
0.3895838739187043	0.8936554973906913
0.38968361377377825	0.895580411290643
0.38978335362885214	0.884501183962472
0.3898830934839261	0.8938897097162068
0.38998283333899997	0.8878088611606748
0.3900825731940739	0.8879450346708527
0.3901823130491478	0.8848989535536806
0.3902820529042217	0.8875935088309479
0.39038179275929563	0.8871424632022988
0.3904815326143695	0.8903266756458843
0.39058127246944346	0.8951353142053861
0.39068101232451735	0.8856430544150975
0.3907807521795913	0.8906119787548019
0.3908804920346652	0.8933005179311967
0.3909802318897391	0.892781701242776
0.391079971744813	0.8943439722866726
0.39117971159988696	0.8884628675759421
0.39127945145496085	0.8894102831597237
0.39137919131003474	0.8890668351790273
0.3914789311651087	0.8937449415972059
0.39157867102018257	0.8941440672750969
0.3916784108752565	0.8955590841904392
0.3917781507303304	0.8858809944110652
0.39187789058540434	0.8957920946356549
0.39197763044047823	0.8917936210926064
0.3920773702955521	0.8899206745648877
0.39217711015062606	0.887947526914964
0.39227685000569995	0.8912631445713368
0.3923765898607739	0.8902604730032995
0.3924763297158478	0.8877645121407526
0.3925760695709217	0.8891199744878778
0.3926758094259956	0.8842532059494649
0.39277554928106956	0.8915579204230011
0.39287528913614345	0.8944051035988735
0.3929750289912174	0.8914653612388209
0.3930747688462913	0.8931172451057735
0.39317450870136517	0.8860859322949193
0.3932742485564391	0.8901979138308115
0.393373988411513	0.8911953572217597
0.39347372826658694	0.8866639452761358
0.39357346812166083	0.8890409771775841
0.3936732079767348	0.89582930912277
0.39377294783180866	0.8918904457150355
0.3938726876868826	0.8934137196736637
0.3939724275419565	0.8904362421659548
0.39407216739703044	0.888529841959743
0.3941719072521043	0.8902018727664294
0.3942716471071782	0.887727445387779
0.39437138696225216	0.8919879687372356
0.39447112681732605	0.891757734123569
0.3945708666724	0.8927538105798953
0.3946706065274739	0.8966602697546346
0.3947703463825478	0.8885482217335074
0.3948700862376217	0.8886462874829286
0.3949698260926956	0.8946615177152362
0.39506956594776954	0.8890668282481409
0.39516930580284343	0.8887994678497293
0.3952690456579174	0.8891468367314185
0.39536878551299126	0.8951183486754496
0.3954685253680652	0.8869606069076748
0.3955682652231391	0.8933964874635921
0.39566800507821304	0.8876765406109348
0.3957677449332869	0.884821738629323
0.39586748478836087	0.8890604869217557
0.39596722464343476	0.8906500397408643
0.39606696449850864	0.8940002982510776
0.3961667043535826	0.8881150353662917
0.3962664442086565	0.8919723853343743
0.3963661840637304	0.8850822057055991
0.3964659239188043	0.8955627564333666
0.39656566377387825	0.8866770911853455
0.39666540362895214	0.8957770239049043
0.3967651434840261	0.8938424186855942
0.39686488333909997	0.8844130668863379
0.3969646231941739	0.8847167912814401
0.3970643630492478	0.8862191840101306
0.3971641029043217	0.8920404038946649
0.39726384275939564	0.8965857055219689
0.3973635826144695	0.8916306667339456
0.39746332246954347	0.8941989662667412
0.39756306232461736	0.8955917587441046
0.3976628021796913	0.8891548642677627
0.3977625420347652	0.8908555682536506
0.3978622818898391	0.8843718708701349
0.397962021744913	0.8955189081055054
0.3980617615999869	0.8848372501390275
0.39816150145506085	0.895011384177478
0.39826124131013474	0.895564948614967
0.3983609811652087	0.8901931198929891
0.39846072102028257	0.8840376451259613
0.3985604608753565	0.8948375298049857
0.3986602007304304	0.887004547171055
0.39875994058550435	0.8962363733173266
0.39885968044057823	0.8955405068779894
0.3989594202956521	0.8843934544683082
0.39905916015072607	0.8923287567223596
0.39915890000579995	0.8900691153362327
0.3992586398608739	0.8899921509132679
0.3993583797159478	0.8903868714061598
0.39945811957102173	0.8968858072671823
0.3995578594260956	0.8887978772965743
0.39965759928116956	0.8869112389934072
0.39975733913624345	0.8913584313240595
0.3998570789913174	0.8931983116479356
0.3999568188463913	0.887971542703034
0.40005655870146517	0.8874994196317537
0.4001562985565391	0.8855558542211823
0.400256038411613	0.8898748930808302
0.40035577826668695	0.8968612359115692
0.40045551812176083	0.895335034687101
0.4005552579768348	0.8841372116213625
0.40065499783190867	0.8891922767341268
0.40075473768698255	0.8889044585378706
0.4008544775420565	0.8845632925999034
0.4009542173971304	0.8966596778338899
0.40105395725220433	0.8912565382815563
0.4011536971072782	0.8937461953875316
0.40125343696235216	0.8855030102361928
0.40135317681742605	0.8945719803487703
0.4014529166725	0.8963107213670627
0.4015526565275739	0.89035224659538
0.4016523963826478	0.8904246117326455
0.4017521362377217	0.8961288853112591
0.4018518760927956	0.88845435472088
0.40195161594786954	0.8947546396672349
0.40205135580294343	0.8960556922435189
0.4021510956580174	0.8891784305191236
0.40225083551309126	0.8892612963559665
0.4023505753681652	0.8930321854896286
0.4024503152232391	0.895172322768256
0.40255005507831304	0.8938667460445956
0.40264979493338693	0.8944233834930758
0.4027495347884609	0.8887762127369043
0.40284927464353476	0.8949620652108209
0.40294901449860865	0.8847573627971123
0.4030487543536826	0.8848602131262708
0.4031484942087565	0.8958488195948336
0.4032482340638304	0.8895937247710745
0.4033479739189043	0.8953326850927291
0.40344771377397826	0.8862930283313661
0.40354745362905214	0.8915266069052296
0.40364719348412603	0.8926385649126757
0.4037469333392	0.8875156652959885
0.40384667319427386	0.8954207298921499
0.4039464130493478	0.8954526468732993
0.4040461529044217	0.8901107889447989
0.40414589275949564	0.8847198201556278
0.40424563261456953	0.8861554773742154
0.40434537246964347	0.8880639495358448
0.40444511232471736	0.8958592009128841
0.4045448521797913	0.8958844352811328
0.4046445920348652	0.8861568302939096
0.4047443318899391	0.8869324886101702
0.404844071745013	0.8918928697067801
0.4049438116000869	0.8871705641240059
0.40504355145516086	0.8924501406131147
0.40514329131023474	0.8964543414469319
0.4052430311653087	0.8866181325773865
0.4053427710203826	0.8907866479360064
0.4054425108754565	0.8950425011210168
0.4055422507305304	0.8928193351164383
0.40564199058560435	0.8916082680795858
0.40574173044067824	0.8909667117587591
0.4058414702957521	0.8874368352319987
0.40594121015082607	0.8935093799306703
0.40604095000589996	0.8857663543760026
0.4061406898609739	0.8916445178204794
0.4062404297160478	0.8873602714746351
0.40634016957112173	0.8935326704859772
0.4064399094261956	0.8896026353908156
0.4065396492812695	0.8967768154634541
0.40663938913634345	0.8965515016456764
0.40673912899141734	0.8848022988950124
0.4068388688464913	0.8947921719388768
0.4069386087015652	0.8862722545374876
0.4070383485566391	0.8908230350189502
0.407138088411713	0.8961709661986503
0.40723782826678695	0.895977819348617
0.40733756812186084	0.8957209988403727
0.4074373079769348	0.8851270237628318
0.40753704783200867	0.8901940195282304
0.40763678768708256	0.8865078693713471
0.4077365275421565	0.893705686187414
0.4078362673972304	0.8955135581881217
0.40793600725230433	0.8960609157554417
0.4080357471073782	0.8896929906916361
0.40813548696245217	0.894120366210274
0.40823522681752605	0.8865708678181718
0.4083349666726	0.894559056470186
0.4084347065276739	0.8928270156239997
0.40853444638274783	0.8854666756895166
0.4086341862378217	0.8837078543658584
0.40873392609289566	0.887810729934677
0.40883366594796955	0.8896338593586943
0.4089334058030435	0.8930200201362092
0.4090331456581174	0.891241940207719
0.4091328855131913	0.8865373667983198
0.4092326253682652	0.8841801972011377
0.40933236522333916	0.8920273565939982
0.40943210507841304	0.8954023846832797
0.40953184493348693	0.8849808668585795
0.4096315847885609	0.8877334628842969
0.40973132464363476	0.8861143992178588
0.4098310644987087	0.884799088944625
0.4099308043537826	0.8917779897213362
0.41003054420885654	0.8873072747824485
0.41013028406393043	0.8891934989722831
0.41023002391900437	0.8940339737879807
0.41032976377407826	0.8860980439505712
0.4104295036291522	0.8939762581138309
0.4105292434842261	0.8860165546155683
0.4106289833393	0.8868341964711304
0.4107287231943739	0.8856043865256565
0.4108284630494478	0.8836529081441671
0.41092820290452176	0.8877381678883873
0.41102794275959564	0.8916405907721358
0.4111276826146696	0.8949226453396614
0.4112274224697435	0.8859864292474983
0.4113271623248174	0.895257404473375
0.4114269021798913	0.8931191542958257
0.4115266420349652	0.8898858378628143
0.41162638189003914	0.8912292408590096
0.411726121745113	0.887438774754445
0.41182586160018697	0.889929082852296
0.41192560145526086	0.8951213909456098
0.4120253413103348	0.8914064229251749
0.4121250811654087	0.8897039406278188
0.41222482102048263	0.8958718512765715
0.4123245608755565	0.8847849349683186
0.4124243007306304	0.8903179697055389
0.41252404058570435	0.8895041851415517
0.41262378044077824	0.8935691885350192
0.4127235202958522	0.8845115753237047
0.4128232601509261	0.8838510248705937
0.412923000006	0.8948321534090848
0.4130227398610739	0.8909444563522368
0.41312247971614785	0.8944385605623077
0.41322221957122174	0.8889442546567582
0.4133219594262957	0.8949838814900798
0.41342169928136957	0.8899384375484862
0.41352143913644346	0.8949973728480222
0.4136211789915174	0.8912947935570837
0.4137209188465913	0.8943624847300256
0.41382065870166523	0.8870887696418809
0.4139203985567391	0.8900609646326801
0.41402013841181307	0.8852751644025235
0.41411987826688695	0.8948679615199353
0.4142196181219609	0.8922759907113524
0.4143193579770348	0.8904244391347205
0.4144190978321087	0.8927722011336273
0.4145188376871826	0.8924818495097805
0.4146185775422565	0.8910589649980384
0.41471831739733045	0.8869365155467116
0.41481805725240434	0.8923336130120518
0.4149177971074783	0.8863781747931837
0.41501753696255217	0.8908433329856895
0.4151172768176261	0.8947900612769916
0.4152170166727	0.8845449697898325
0.4153167565277739	0.895369092893327
0.41541649638284783	0.8901588575882775
0.4155162362379217	0.8878457683470966
0.41561597609299566	0.8903337410506132
0.41571571594806955	0.8923038282933732
0.4158154558031435	0.8928031464184865
0.4159151956582174	0.8839391501487115
0.41601493551329133	0.8936614521932704
0.4161146753683652	0.8966629443104567
0.41621441522343916	0.8923477247880407
0.41631415507851305	0.8935938701201043
0.41641389493358694	0.8913809290349417
0.4165136347886609	0.8962626517085395
0.41661337464373477	0.8877765943419932
0.4167131144988087	0.8950089113973254
0.4168128543538826	0.8914320290767521
0.41691259420895654	0.8912641195314515
0.41701233406403043	0.8939485827274211
0.4171120739191044	0.8866431918184283
0.41721181377417826	0.8878810166725785
0.41731155362925215	0.8903056322382983
0.4174112934843261	0.8874860607117262
0.4175110333394	0.8905535503773462
0.4176107731944739	0.891715564499919
0.4177105130495478	0.895487638960591
0.41781025290462176	0.8870560917436463
0.41790999275969565	0.8842355165176814
0.4180097326147696	0.8943857031669117
0.4181094724698435	0.8892971770452917
0.41820921232491737	0.8929156263366244
0.4183089521799913	0.8941549247659478
0.4184086920350652	0.8877760969087601
0.41850843189013914	0.8860383188027185
0.41860817174521303	0.8842653826137667
0.418707911600287	0.896244481914316
0.41880765145536086	0.8836571797075267
0.4189073913104348	0.8919341237046463
0.4190071311655087	0.8845209032593919
0.41910687102058264	0.8899693102920663
0.4192066108756565	0.8869938281615772
0.4193063507307304	0.8884323267128208
0.41940609058580436	0.8928202625017408
0.41950583044087825	0.8851887690873624
0.4196055702959522	0.8935990753005698
0.4197053101510261	0.8936910874538205
0.4198050500061	0.8911771051613749
0.4199047898611739	0.8949982515565175
0.42000452971624785	0.8928400210612338
0.42010426957132174	0.8861520327269207
0.42020400942639563	0.8836309449001587
0.4203037492814696	0.8873605816986473
0.42040348913654346	0.8864621591920566
0.4205032289916174	0.8914655816535838
0.4206029688466913	0.8899598507278671
0.42070270870176524	0.895180689284788
0.4208024485568391	0.8917538433295567
0.42090218841191307	0.8885486681843499
0.42100192826698696	0.8925491186398985
0.42110166812206085	0.8917981287244063
0.4212014079771348	0.8855243435751262
0.4213011478322087	0.8886370802278507
0.4214008876872826	0.893925288208705
0.4215006275423565	0.8955414221302467
0.42160036739743045	0.8935793469231788
0.42170010725250434	0.8841990499285616
0.4217998471075783	0.885667589483902
0.4218995869626522	0.884755050143366
0.4219993268177261	0.8902681786881583
0.4220990666728	0.8948670274348477
0.4221988065278739	0.891516535781069
0.42229854638294784	0.8958244464358562
0.4223982862380217	0.8950408984319013
0.42249802609309567	0.8948071109872947
0.42259776594816956	0.889420411916711
0.4226975058032435	0.8965206862868113
0.4227972456583174	0.8955004073945011
0.42289698551339133	0.8840218219487928
0.4229967253684652	0.8932425412238723
0.4230964652235391	0.8902837976557213
0.42319620507861305	0.8856651770892301
0.42329594493368694	0.8848433900842197
0.4233956847887609	0.8906105587460944
0.4234954246438348	0.8963190464596422
0.4235951644989087	0.8924965039260502
0.4236949043539826	0.8896794737589014
0.42379464420905655	0.8934745914246927
0.42389438406413044	0.8940077429228385
0.4239941239192043	0.885403156093899
0.42409386377427827	0.8958833272358185
0.42419360362935216	0.8896118950795425
0.4242933434844261	0.8936703152674371
0.4243930833395	0.885738951752472
0.42449282319457393	0.888848276399345
0.4245925630496478	0.8871555681015909
0.42469230290472176	0.8878056358625039
0.42479204275979565	0.8912265521956084
0.4248917826148696	0.889320110439504
0.4249915224699435	0.8925854656719169
0.42509126232501737	0.8929561730904694
0.4251910021800913	0.8909367228658597
0.4252907420351652	0.8935769336949625
0.42539048189023915	0.884924998666624
0.42549022174531304	0.8956921872509999
0.425589961600387	0.8848064598198179
0.42568970145546087	0.8855017431904423
0.4257894413105348	0.8869215497772777
0.4258891811656087	0.8949560591005791
0.4259889210206826	0.8930091422898696
0.42608866087575653	0.8841685215690872
0.4261884007308304	0.8880218937726513
0.42628814058590436	0.8851032094472852
0.42638788044097825	0.8876774438998369
0.4264876202960522	0.8843822351286296
0.4265873601511261	0.8892311507270569
0.4266871000062	0.8898642123697494
0.4267868398612739	0.891037524169362
0.4268865797163478	0.8893019692562633
0.42698631957142175	0.8847641251820225
0.42708605942649563	0.8838856656261947
0.4271857992815696	0.8945721671091729
0.42728553913664347	0.8944117138484056
0.4273852789917174	0.8878444468331415
0.4274850188467913	0.8903427053690129
0.42758475870186524	0.8931481337443156
0.42768449855693913	0.8909025998184226
0.4277842384120131	0.8943404861765608
0.42788397826708696	0.8938373788891788
0.42798371812216085	0.8954315688904162
0.4280834579772348	0.8910108985777377
0.4281831978323087	0.8932419602826671
0.4282829376873826	0.8897438440936316
0.4283826775424565	0.8922341307024954
0.42848241739753046	0.883447334157793
0.42858215725260435	0.8894252507828699
0.4286818971076783	0.8852780055050369
0.4287816369627522	0.8949170646327065
0.42888137681782607	0.8841939789312747
0.4289811166729	0.8908501322671464
0.4290808565279739	0.8844439909705586
0.42918059638304784	0.8931584032322197
0.42928033623812173	0.8840478416092672
0.4293800760931957	0.8833996293915072
0.42947981594826956	0.8941407430359208
0.4295795558033435	0.8924440972918171
0.4296792956584174	0.8879341412253454
0.4297790355134913	0.890248901573445
0.4298787753685652	0.8834553998454385
0.4299785152236391	0.8850767160286999
0.43007825507871306	0.8927425785870838
0.43017799493378694	0.8938706152826873
0.4302777347888609	0.8958148247163058
0.4303774746439348	0.8895434880857037
0.4304772144990087	0.8948777630581742
0.4305769543540826	0.8946605888963076
0.43067669420915655	0.8889357511033028
0.43077643406423044	0.8838018192503165
0.43087617391930433	0.8914191014430015
0.43097591377437827	0.889707825471465
0.43107565362945216	0.8941232099859419
0.4311753934845261	0.8839493479648811
0.4312751333396	0.8953852053019017
0.43137487319467394	0.8919093794886434
0.4314746130497478	0.8871666204790855
0.43157435290482177	0.889649928376292
0.43167409275989566	0.8842224448144707
0.43177383261496954	0.8872159143449827
0.4318735724700435	0.885800708371983
0.4319733123251174	0.8857764042854127
0.4320730521801913	0.8866965980297249
0.4321727920352652	0.8920844001899473
0.43227253189033915	0.8864007917474706
0.43237227174541304	0.8865155333357067
0.432472011600487	0.8875505763131154
0.43257175145556087	0.8928570908654798
0.43267149131063476	0.8845056334352698
0.4327712311657087	0.8934397799889922
0.4328709710207826	0.8948178871431832
0.43297071087585653	0.8910041678481222
0.4330704507309304	0.8836096613771032
0.43317019058600437	0.8843498490965549
0.43326993044107825	0.8894350013311209
0.4333696702961522	0.8954881998010158
0.4334694101512261	0.8963770007035773
0.43356915000630003	0.8926891840925575
0.4336688898613739	0.8880659066468526
0.4337686297164478	0.8838188650685941
0.43386836957152175	0.895824242884634
0.43396810942659564	0.8954783426099596
0.4340678492816696	0.8948797826173486
0.43416758913674347	0.8877907443791431
0.4342673289918174	0.8870881618156994
0.4343670688468913	0.892654874639639
0.43446680870196525	0.885853164170298
0.43456654855703913	0.8855232071320115
0.434666288412113	0.8835211301686505
0.43476602826718697	0.8938847507906936
0.43486576812226085	0.8862636148400704
0.4349655079773348	0.8865671731361858
0.4350652478324087	0.8902773363189311
0.43516498768748263	0.8897243639369311
0.4352647275425565	0.8908059116596864
0.43536446739763046	0.8931896659400553
0.43546420725270435	0.8934347108414209
0.43556394710777824	0.8911016681735411
0.4356636869628522	0.8939998367793823
0.43576342681792607	0.8879813833373725
0.435863166673	0.8902965658756699
0.4359629065280739	0.8954743850158652
0.43606264638314784	0.8866333685261977
0.43616238623822173	0.8929969574474022
0.4362621260932957	0.8953091357242581
0.43636186594836956	0.8891497530633143
0.4364616058034435	0.8893122951657483
0.4365613456585174	0.8902923455406156
0.4366610855135913	0.8921177040860439
0.43676082536866523	0.8884546994640656
0.4368605652237391	0.8867580105152236
0.43696030507881306	0.893831561262147
0.43706004493388695	0.8886304828478309
0.4371597847889609	0.8870343505748329
0.4372595246440348	0.8922375439836893
0.4373592644991087	0.8862141659587732
0.4374590043541826	0.8842539450414065
0.4375587442092565	0.8944309194560671
0.43765848406433044	0.8905182663872189
0.43775822391940433	0.884573754256538
0.4378579637744783	0.8899244198960268
0.43795770362955216	0.8940948936745917
0.4380574434846261	0.8936546640498868
0.4381571833397	0.8912935291062423
0.43825692319477394	0.8899973434799725
0.43835666304984783	0.8910830866114056
0.4384564029049217	0.8931862456370295
0.43855614275999566	0.8851385253474643
0.43865588261506955	0.8899880018530724
0.4387556224701435	0.8917719398102224
0.4388553623252174	0.889963401925377
0.4389551021802913	0.8832364328459824
0.4390548420353652	0.8869205157501503
0.43915458189043916	0.8851928702753624
0.43925432174551304	0.8923942861254274
0.439354061600587	0.8939587467209312
0.4394538014556609	0.8922499373731522
0.43955354131073476	0.8854361218000718
0.4396532811658087	0.8862723775126107
0.4397530210208826	0.8913886160276188
0.43985276087595654	0.8961968146922913
0.4399525007310304	0.8943185434111484
0.44005224058610437	0.8881169847297352
0.44015198044117826	0.896276120073207
0.44025172029625215	0.8942011855488763
0.4403514601513261	0.8869086342419871
0.44045120000640003	0.8906232234551724
0.4405509398614739	0.8933670772449787
0.4406506797165478	0.8875975944626716
0.44075041957162175	0.8956942294870306
0.44085015942669564	0.8924719740923348
0.4409498992817696	0.8888133533097262
0.4410496391368435	0.8876245562767558
0.4411493789919174	0.8964710867129266
0.4412491188469913	0.8876866418297651
0.4413488587020652	0.895428967278964
0.44144859855713914	0.8844961233100969
0.441548338412213	0.8876023476441437
0.44164807826728697	0.896328017672972
0.44174781812236086	0.8928525829099235
0.4418475579774348	0.8861254216338406
0.4419472978325087	0.8865439105358042
0.44204703768758263	0.8914240545638161
0.4421467775426565	0.8923327599352016
0.44224651739773047	0.8963337223770452
0.44234625725280435	0.8961664229307991
0.44244599710787824	0.8881238894460222
0.4425457369629522	0.8937594413015523
0.4426454768180261	0.8918753153669846
0.4427452166731	0.8895458945229772
0.4428449565281739	0.8901080977701583
0.44294469638324785	0.8878053938826268
0.44304443623832174	0.8897669935633095
0.4431441760933956	0.8891393682749205
0.44324391594846957	0.8865351075385304
0.44334365580354346	0.8924615232588089
0.4434433956586174	0.8844670925811619
0.4435431355136913	0.8903387298604449
0.44364287536876523	0.8834849266616356
0.4437426152238391	0.8840852032775988
0.44384235507891306	0.8906064365901918
0.44394209493398695	0.8931880745435895
0.4440418347890609	0.890844359068565
0.4441415746441348	0.8869082367822411
0.4442413144992087	0.8857486246459941
0.4443410543542826	0.8912067864915841
0.4444407942093565	0.8890419380030389
0.44454053406443045	0.8889861039779375
0.44464027391950434	0.8931899939299017
0.4447400137745783	0.8860447255649087
0.44483975362965217	0.8835691922590378
0.4449394934847261	0.8866120790145802
0.4450392333398	0.8895382591533176
0.44513897319487394	0.8845757216006608
0.44523871304994783	0.8896414535280229
0.4453384529050217	0.8937478577031474
0.44543819276009566	0.8938928010566395
0.44553793261516955	0.8959172157772073
0.4456376724702435	0.885787202445811
0.4457374123253174	0.895117274404119
0.4458371521803913	0.8956947274663276
0.4459368920354652	0.8951043552364285
0.4460366318905391	0.8946158767647993
0.44613637174561305	0.889328397351677
0.44623611160068694	0.8856564664259526
0.4463358514557609	0.886860185405289
0.44643559131083477	0.8837535205120511
0.4465353311659087	0.8963064258438315
0.4466350710209826	0.8881843460077821
0.44673481087605654	0.8912015327726557
0.44683455073113043	0.8953689511718442
0.4469342905862044	0.8929240430510185
0.44703403044127826	0.8925448747984253
0.44713377029635215	0.8959163027695517
0.4472335101514261	0.8901838999303417
0.4473332500065	0.8860335412229494
0.4474329898615739	0.8917645142494006
0.4475327297166478	0.8943064287352765
0.44763246957172176	0.893275137493302
0.44773220942679565	0.8835045552423145
0.4478319492818696	0.8959913755497023
0.4479316891369435	0.8961401119255871
0.4480314289920174	0.8839229541878596
0.4481311688470913	0.894020736693663
0.4482309087021652	0.8952604189022679
0.44833064855723914	0.8853350547386358
0.44843038841231303	0.8895107144179883
0.448530128267387	0.884677369769994
0.44862986812246086	0.8894506956797845
0.4487296079775348	0.8944460169465578
0.4488293478326087	0.8935501975046483
0.4489290876876826	0.8944334582026036
0.4490288275427565	0.8961316790536146
0.4491285673978304	0.8954802452673388
0.44922830725290436	0.8924699008386261
0.44932804710797825	0.8858782494328475
0.4494277869630522	0.895594515902061
0.4495275268181261	0.8933308621014383
0.4496272666732	0.8847268062744498
0.4497270065282739	0.8930264086492363
0.44982674638334785	0.883097762661639
0.44992648623842174	0.890197136885184
0.45002622609349563	0.8957264707494854
0.4501259659485696	0.8859980164977123
0.45022570580364346	0.8898264563849652
0.4503254456587174	0.8926178292217594
0.4504251855137913	0.8850785727547438
0.45052492536886524	0.884337833858831
0.4506246652239391	0.8888352907088648
0.45072440507901307	0.8841367536089338
0.45082414493408696	0.8950197515125813
0.4509238847891609	0.8914103412370513
0.4510236246442348	0.8938722018536023
0.4511233644993087	0.8866391481949281
0.4512231043543826	0.8955942470800804
0.4513228442094565	0.8944406788566941
0.45142258406453045	0.8963033496340155
0.45152232391960434	0.8847376961276924
0.4516220637746783	0.8949696548496254
0.45172180362975217	0.8841281571644852
0.45182154348482606	0.8852174610037885
0.4519212833399	0.8831848577357327
0.4520210231949739	0.8845200787137693
0.45212076305004784	0.8859634939533064
0.4522205029051217	0.8890077248072618
0.45232024276019567	0.8846559935988093
0.45241998261526956	0.8927403844175164
0.4525197224703435	0.8929947158664368
0.4526194623254174	0.8861129141387452
0.45271920218049133	0.88327028013831
0.4528189420355652	0.8836160229367322
0.4529186818906391	0.8872914020548082
0.45301842174571305	0.8915025938141907
0.45311816160078694	0.8893278151918225
0.4532179014558609	0.8952399201448169
0.45331764131093477	0.888046382046315
0.4534173811660087	0.8870074575289452
0.4535171210210826	0.888772931337042
0.45361686087615655	0.8839260043108534
0.45371660073123043	0.8947063363364436
0.4538163405863044	0.8929953028771462
0.45391608044137827	0.8834854908164025
0.45401582029645215	0.8949311387608591
0.4541155601515261	0.894150016509953
0.4542153000066	0.8917341542204613
0.45431503986167393	0.8904764992358365
0.4544147797167478	0.8874149007518648
0.45451451957182176	0.8860533703088089
0.45461425942689565	0.8833516926115983
0.45471399928196954	0.8937746263200018
0.4548137391370435	0.8851358640228555
0.45491347899211737	0.8892990893534685
0.4550132188471913	0.888140405095577
0.4551129587022652	0.8921692168508393
0.45521269855733915	0.8949270895371397
0.45531243841241303	0.8894685595375267
0.455412178267487	0.8945714166283054
0.45551191812256087	0.8874192814588697
0.4556116579776348	0.8922677199015052
0.4557113978327087	0.8861690403682345
0.4558111376877826	0.8885857805540099
0.45591087754285653	0.895517978176604
0.4560106173979304	0.893502976611986
0.45611035725300436	0.8933675999602232
0.45621009710807825	0.8891573292920637
0.4563098369631522	0.8942210669464166
0.4564095768182261	0.8953858293381232
0.4565093166733	0.887428096334741
0.4566090565283739	0.8950683036035717
0.45670879638344786	0.8949550341532561
0.45680853623852175	0.8914021429381878
0.45690827609359563	0.885146324784951
0.4570080159486696	0.8889860692426684
0.45710775580374347	0.8892464699435573
0.4572074956588174	0.8880533813768589
0.4573072355138913	0.8914802965197478
0.45740697536896524	0.8897489682483327
0.45750671522403913	0.8889066549751788
0.457606455079113	0.8932056283970039
0.45770619493418696	0.8931938168372571
0.45780593478926085	0.8937251971456291
0.4579056746443348	0.8939968424987924
0.4580054144994087	0.8837939812356567
0.4581051543544826	0.8855448282975601
0.4582048942095565	0.885894417929571
0.45830463406463046	0.886891871703873
0.45840437391970434	0.8894716821186707
0.4585041137747783	0.8835731217091279
0.4586038536298522	0.8895920728177505
0.45870359348492606	0.8944865242576102
0.45880333334	0.8920945934865877
0.4589030731950739	0.8913319809109091
0.45900281305014784	0.8941703483374236
0.45910255290522173	0.8957167055558118
0.45920229276029567	0.8886109464646794
0.45930203261536956	0.8893508447869274
0.4594017724704435	0.886854410902233
0.4595015123255174	0.8928051439582717
0.45960125218059134	0.8930645322097147
0.4597009920356652	0.8834632357651369
0.45980073189073917	0.8937928443172887
0.45990047174581306	0.8882243848139333
0.460000211600887	0.8897182765230333
0.4600999514559609	0.8890868710165583
0.46019969131103483	0.8863974380662876
0.4602994311661087	0.8833917830489034
0.46039917102118266	0.8835112512234692
0.46049891087625655	0.890339170834198
0.46059865073133044	0.8881456612128663
0.4606983905864044	0.8900810871973653
0.46079813044147827	0.893839805809122
0.4608978702965522	0.8920225627263811
0.4609976101516261	0.8854262072089204
0.46109735000670005	0.8840595257785976
0.46119708986177393	0.8930164822516584
0.4612968297168479	0.8851072814530836
0.46139656957192177	0.8917989952468266
0.4614963094269957	0.8894778781718634
0.4615960492820696	0.8862803326097485
0.4616957891371435	0.8918451301496854
0.46179552899221743	0.8843464403582887
0.4618952688472913	0.8851193884154628
0.46199500870236526	0.8850304309332194
0.46209474855743915	0.892241765553565
0.4621944884125131	0.8867068038038725
0.462294228267587	0.8854329150344367
0.4623939681226609	0.8960798727793439
0.4624937079777348	0.8834216887487056
0.4625934478328087	0.8893006604703656
0.46269318768788265	0.8906175901571033
0.46279292754295653	0.890705860690713
0.4628926673980305	0.8953148159540705
0.46299240725310437	0.8901085827753943
0.4630921471081783	0.893551859453841
0.4631918869632522	0.8869873965788212
0.46329162681832614	0.8874033867651213
0.46339136667340003	0.8847955702560727
0.4634911065284739	0.8881676472364074
0.46359084638354786	0.8879646350168069
0.46369058623862175	0.8890408733133043
0.4637903260936957	0.8877919257627866
0.4638900659487696	0.8838491174592034
0.4639898058038435	0.8933336116878644
0.4640895456589174	0.8871379506208574
0.46418928551399136	0.8938771231437895
0.46428902536906524	0.884617266762547
0.4643887652241392	0.883515120511094
0.4644885050792131	0.8945262126446847
0.46458824493428696	0.8899749878896628
0.4646879847893609	0.8891545612704831
0.4647877246444348	0.8959105242066688
0.46488746449950874	0.8839353874244494
0.46498720435458263	0.890311254064259
0.46508694420965657	0.8957303577812411
0.46518668406473046	0.8905486266905006
0.4652864239198044	0.8891140013297407
0.4653861637748783	0.8916114887946209
0.4654859036299522	0.8883391440309656
0.4655856434850261	0.8835038695430003
0.4656853833401	0.8954285335493484
0.46578512319517396	0.8917375626661533
0.46588486305024784	0.89427652197828
0.4659846029053218	0.8829180280927738
0.4660843427603957	0.8932810343605901
0.4661840826154696	0.8924017376910681
0.4662838224705435	0.8896282933143603
0.4663835623256174	0.8937985904746092
0.46648330218069134	0.8916115850977774
0.4665830420357652	0.8921939831161606
0.46668278189083917	0.8936539164702403
0.46678252174591306	0.8945245412715244
0.466882261600987	0.8914602649350053
0.4669820014560609	0.8923377283553415
0.46708174131113483	0.8855322009392438
0.4671814811662087	0.8935655115812894
0.46728122102128267	0.8868094495448802
0.46738096087635655	0.8884430606245995
0.46748070073143044	0.8892562683600914
0.4675804405865044	0.8888160890448434
0.4676801804415783	0.8853741414380033
0.4677799202966522	0.8892276882984921
0.4678796601517261	0.89006653971621
0.46797940000680005	0.895304765754364
0.46807913986187394	0.8864391788590721
0.4681788797169479	0.8882691192107406
0.46827861957202177	0.8945360917920926
0.46837835942709566	0.8910946048002053
0.4684780992821696	0.8846083255706726
0.4685778391372435	0.885456818501747
0.46867757899231743	0.883427940739478
0.4687773188473913	0.8860124174323977
0.46887705870246527	0.8841190664195059
0.46897679855753915	0.8840365892295653
0.4690765384126131	0.8896691229708128
0.469176278267687	0.8943532110373749
0.4692760181227609	0.8873853343288618
0.4693757579778348	0.8882151830906401
0.4694754978329087	0.8846179366981745
0.46957523768798265	0.8877473914181752
0.46967497754305654	0.8899590566339507
0.4697747173981305	0.8843832082795016
0.46987445725320437	0.8899411032669062
0.4699741971082783	0.8878221519919596
0.4700739369633522	0.8833050362270263
0.47017367681842615	0.8872678767480026
0.47027341667350003	0.8883342166793333
0.4703731565285739	0.894910310934597
0.47047289638364787	0.888093197359349
0.47057263623872175	0.8902772414205322
0.4706723760937957	0.8850120970551622
0.4707721159488696	0.8933120779208124
0.47087185580394353	0.8944679590230177
0.4709715956590174	0.885329913680303
0.47107133551409136	0.8883431745918666
0.47117107536916525	0.8898411201777208
0.47127081522423914	0.8890274160884364
0.4713705550793131	0.8935277818073233
0.47147029493438697	0.8958719720978764
0.4715700347894609	0.8868795628846393
0.4716697746445348	0.8868865030067583
0.47176951449960874	0.8844095527160579
0.47186925435468263	0.8886405041153187
0.4719689942097566	0.895952106928079
0.47206873406483046	0.8959609973256984
0.47216847391990435	0.8839344860828826
0.4722682137749783	0.8856681586586536
0.4723679536300522	0.8901012195892595
0.47246769348512613	0.885380809718488
0.4725674333402	0.8864184785275917
0.47266717319527396	0.8851149101411121
0.47276691305034785	0.8830514892950077
0.4728666529054218	0.8884000819302462
0.4729663927604957	0.8844626462199353
0.4730661326155696	0.8950027830827312
0.4731658724706435	0.8861746577027272
0.4732656123257174	0.8828331485059617
0.47336535218079134	0.8863749525318192
0.47346509203586523	0.8860463494227659
0.4735648318909392	0.8844417799747458
0.47366457174601306	0.8887093884374782
0.473764311601087	0.8949443469441022
0.4738640514561609	0.8938588514201887
0.47396379131123484	0.8909861837617149
0.4740635311663087	0.8909588294965738
0.4741632710213826	0.8828816104786837
0.47426301087645656	0.8960448114801577
0.47436275073153045	0.8862065480453019
0.4744624905866044	0.8914284270881396
0.4745622304416783	0.8933629098658034
0.4746619702967522	0.8863092021431495
0.4747617101518261	0.8921385252709345
0.47486145000690005	0.8932764237359813
0.47496118986197394	0.8879638692872318
0.47506092971704783	0.8950291004823379
0.4751606695721218	0.8836250484361547
0.47526040942719566	0.8855916148992278
0.4753601492822696	0.8930680641243914
0.4754598891373435	0.8900929615539833
0.47555962899241744	0.8848421720051314
0.4756593688474913	0.8853463140655508
0.47575910870256527	0.894567672599384
0.47585884855763916	0.8943904911845587
0.4759585884127131	0.8832610066530447
0.476058328267787	0.8850589498777361
0.4761580681228609	0.8959563768500846
0.4762578079779348	0.8843584886944176
0.4763575478330087	0.8867723650317177
0.47645728768808265	0.8851280858995906
0.47655702754315654	0.8846614077819355
0.4766567673982305	0.8874956248735405
0.4767565072533044	0.8944714673335661
0.4768562471083783	0.8926078998656407
0.4769559869634522	0.8909903511069974
0.4770557268185261	0.883381948976172
0.47715546667360004	0.8899364357377885
0.4772552065286739	0.8883917604458998
0.47735494638374787	0.8862125538367195
0.47745468623882176	0.8950006920029304
0.4775544260938957	0.8899044360585412
0.4776541659489696	0.8844528229872897
0.47775390580404353	0.8849652451679694
0.4778536456591174	0.8882529073218381
0.4779533855141913	0.8903374826614516
0.47805312536926525	0.8884267586918305
0.47815286522433914	0.8858365901906372
0.4782526050794131	0.8919483768661954
0.478352344934487	0.894134485033891
0.4784520847895609	0.8867951217267436
0.4785518246446348	0.8845581925445714
0.47865156449970875	0.8926905292461343
0.47875130435478264	0.8960003006430748
0.4788510442098566	0.8916640436313484
0.47895078406493047	0.8909950940919679
0.47905052392000436	0.8888627571947438
0.4791502637750783	0.8892150236883887
0.4792500036301522	0.8915466133819122
0.47934974348522613	0.8896914673141185
0.4794494833403	0.8923602552706695
0.47954922319537396	0.8914383986071515
0.47964896305044785	0.8886461492745451
0.4797487029055218	0.8948231239911683
0.4798484427605957	0.8839410472359347
0.47994818261566957	0.8929757214993503
0.4800479224707435	0.8835780557992748
0.4801476623258174	0.8862553527591657
0.48024740218089135	0.8916597736139878
0.48034714203596524	0.8865255809562375
0.4804468818910392	0.892554837979748
0.48054662174611307	0.8882872855258694
0.480646361601187	0.8936436679722121
0.4807461014562609	0.8914290607764426
0.4808458413113348	0.8900586654097146
0.48094558116640873	0.8830292398282202
0.4810453210214826	0.8893627827108901
0.48114506087655656	0.887417311705923
0.48124480073163045	0.8947598273844959
0.4813445405867044	0.8959286970919712
0.4814442804417783	0.8943918492180019
0.4815440202968522	0.8854305656238329
0.4816437601519261	0.8833790940974883
0.48174350000700006	0.8840587771214427
0.48184323986207395	0.8953687325147837
0.48194297971714783	0.8951389017389318
0.4820427195722218	0.8830029044663609
0.48214245942729567	0.886520952118707
0.4822421992823696	0.8835668594010792
0.4823419391374435	0.8836798446129444
0.48244167899251744	0.8888939999915256
0.48254141884759133	0.884641670866802
0.4826411587026653	0.8957590034747608
0.48274089855773916	0.8857015928156818
0.48284063841281305	0.8928001930135191
0.482940378267887	0.8937023291639368
0.4830401181229609	0.8827630030773714
0.4831398579780348	0.8884922371809905
0.4832395978331087	0.8909324001952228
0.48333933768818266	0.8842585191936375
0.48343907754325655	0.8878548090503416
0.4835388173983305	0.892932555925236
0.4836385572534044	0.8911018551291838
0.48373829710847827	0.8951567366630302
0.4838380369635522	0.8883424236331076
0.4839377768186261	0.8872942651316057
0.48403751667370004	0.8850923081210417
0.48413725652877393	0.8919615416748774
0.4842369963838479	0.889337736795671
0.48433673623892176	0.8941806103114995
0.4844364760939957	0.888607604509874
0.4845362159490696	0.8926356955181545
0.48463595580414354	0.8894182519020642
0.4847356956592174	0.8848150424721716
0.4848354355142913	0.8923423760298557
0.48493517536936526	0.8826229585875972
0.48503491522443914	0.8920856966058551
0.4851346550795131	0.8957979501146127
0.485234394934587	0.8861930843744387
0.4853341347896609	0.8914001203441722
0.4854338746447348	0.8836930081612764
0.48553361449980875	0.8859737412448655
0.48563335435488264	0.8923653196076013
0.48573309420995653	0.8888025903185164
0.48583283406503047	0.8930475689042937
0.48593257392010436	0.8949099098318151
0.4860323137751783	0.8948303832989358
0.4861320536302522	0.8883110366607735
0.48623179348532614	0.8899095416551611
0.4863315333404	0.885817388746071
0.48643127319547397	0.8947361974141431
0.48653101305054786	0.8929008561491574
0.48663075290562174	0.8865729851016552
0.4867304927606957	0.8830663905152369
0.4868302326157696	0.8943761358614588
0.4869299724708435	0.8880891652651398
0.4870297123259174	0.8949125900764566
0.48712945218099135	0.893933272765806
0.48722919203606524	0.8879646856994446
0.4873289318911392	0.8903751088288896
0.48742867174621307	0.8886471534856286
0.487528411601287	0.8913755445100842
0.4876281514563609	0.8875558354064801
0.4877278913114348	0.886862777354467
0.48782763116650874	0.8936559574958249
0.4879273710215826	0.8920562278618893
0.48802711087665657	0.8870235275963411
0.48812685073173046	0.8937786191488879
0.4882265905868044	0.8951858985039719
0.4883263304418783	0.8827628823898546
0.48842607029695223	0.8873931993270062
0.4885258101520261	0.8885618410931054
0.4886255500071	0.8953981471266308
0.48872528986217395	0.8942030058308955
0.48882502971724784	0.8869784429357884
0.4889247695723218	0.8870237115937973
0.48902450942739567	0.8859973984050983
0.4891242492824696	0.8861040405332907
0.4892239891375435	0.8889655767701282
0.48932372899261745	0.8861357142593969
0.48942346884769133	0.8957829077803646
0.4895232087027652	0.8894617181161799
0.48962294855783917	0.8845568705029788
0.48972268841291305	0.8903373862632339
0.489822428267987	0.891574163426023
0.4899221681230609	0.887324927034382
0.49002190797813483	0.8956229002232329
0.4901216478332087	0.8949247699642865
0.49022138768828266	0.8850114603093537
0.49032112754335655	0.8896181162964315
0.4904208673984305	0.8918653366352958
0.4905206072535044	0.8903145799701012
0.49062034710857827	0.8851293477593299
0.4907200869636522	0.8829719667893198
0.4908198268187261	0.8931232866260072
0.49091956667380005	0.8950679096326377
0.49101930652887393	0.8848699873046564
0.4911190463839479	0.8930308196419579
0.49121878623902177	0.8958347951961703
0.49131852609409565	0.8857166334608607
0.4914182659491696	0.883299075012865
0.49151800580424354	0.8907264765194192
0.49161774565931743	0.8864017635265474
0.4917174855143913	0.8912762575709088
0.49181722536946526	0.8826992261855845
0.49191696522453915	0.894063781958199
0.4920167050796131	0.8901633239080808
0.492116444934687	0.8905426876450161
0.4922161847897609	0.8903516427800867
0.4923159246448348	0.8935289220092054
0.4924156644999087	0.8875105706837246
0.49251540435498264	0.892787379781986
0.49261514421005653	0.8952334424250652
0.4927148840651305	0.8832591781651546
0.49281462392020436	0.8917870791474832
0.4929143637752783	0.8854515973967644
0.4930141036303522	0.893916313014822
0.49311384348542614	0.8872307674251884
0.49321358334050003	0.8827448780831876
0.49331332319557397	0.8904994156620137
0.49341306305064786	0.8888450178418039
0.49351280290572175	0.8956802060269904
0.4936125427607957	0.888192974717375
0.4937122826158696	0.8902825161943139
0.4938120224709435	0.8901763044636756
0.4939117623260174	0.8905577620882077
0.49401150218109136	0.8825638488552017
0.49411124203616524	0.8888210241616432
0.49421098189123913	0.894180265026863
0.4943107217463131	0.891753307266642
0.49441046160138696	0.8906179365370999
0.4945102014564609	0.8921661609741214
0.4946099413115348	0.88872389314769
0.49470968116660874	0.8907228760879595
0.4948094210216826	0.8897336556573912
0.49490916087675657	0.8880711554133156
0.49500890073183046	0.8861238944759238
0.4951086405869044	0.8868393974177374
0.4952083804419783	0.8923188504994144
0.4953081202970522	0.8940282520658567
0.4954078601521261	0.8937697881583279
0.4955076000072	0.8860467717343085
0.49560733986227395	0.8852451724322046
0.49570707971734784	0.883875476220088
0.4958068195724218	0.8925449557866979
0.4959065594274957	0.8849129546979738
0.4960062992825696	0.8831227260328266
0.4961060391376435	0.8879486367961184
0.49620577899271745	0.8856263598687699
0.49630551884779134	0.8957780749278339
0.4964052587028652	0.8875424481046841
0.49650499855793917	0.8878191211836387
0.49660473841301306	0.884027940934774
0.496704478268087	0.8932521950568805
0.4968042181231609	0.883970004342828
0.49690395797823483	0.8829583393821117
0.4970036978333087	0.8851697910826218
0.4971034376883826	0.8935285505568371
0.49720317754345655	0.8940195254729235
0.49730291739853044	0.8940999308470289
0.4974026572536044	0.8927073736050559
0.4975023971086783	0.8836537683476268
0.4976021369637522	0.8848561867588778
0.4977018768188261	0.8953299340749044
0.49780161667390005	0.8882845852048843
0.49790135652897394	0.8867640931554124
0.4980010963840479	0.8926645098924215
0.49810083623912177	0.8881904634549382
0.49820057609419566	0.8897343947896597
0.4983003159492696	0.8891508861259564
0.4984000558043435	0.8884959142457658
0.49849979565941743	0.8838363796684489
0.4985995355144913	0.8837115839482106
0.49869927536956526	0.8940132933482183
0.49879901522463915	0.8941015511255195
0.4988987550797131	0.8863914093285814
0.498998494934787	0.8861196190508597
0.49909823478986093	0.8920702110799342
0.4991979746449348	0.8953260626286837
0.4992977145000087	0.8947954978304131
0.49939745435508265	0.8858152004692027
0.49949719421015654	0.8829573202180946
0.4995969340652305	0.8911586843517825
0.49969667392030437	0.8913989717229905
0.4997964137753783	0.8845565546758225
0.4998961536304522	0.8862601690460907
0.4999958934855261	0.886400950538253
0.5000956333406	0.8882489803176167
0.500195373195674	0.8893450292225265
0.5002951130507478	0.8919928701701637
0.5003948529058218	0.8914584501483277
0.5004945927608957	0.8916661845324012
0.5005943326159696	0.89179926547626
0.5006940724710435	0.8825086188277272
0.5007938123261174	0.8847466632241796
0.5008935521811914	0.8858767572623941
0.5009932920362652	0.8902123099944731
0.5010930318913391	0.8838518794564659
0.5011927717464131	0.8886813467034332
0.501292511601487	0.8883415228865291
0.5013922514565609	0.8852104849102514
0.5014919913116348	0.8864453636506078
0.5015917311667087	0.89006345866316
0.5016914710217827	0.884531677752298
0.5017912108768565	0.8913201705511397
0.5018909507319305	0.8849789344606173
0.5019906905870044	0.8846415767294745
0.5020904304420784	0.8837472485868751
0.5021901702971522	0.8957349581928022
0.5022899101522261	0.8828427352333975
0.5023896500073001	0.8917705316462834
0.5024893898623739	0.8862621762956038
0.5025891297174478	0.894166205875896
0.5026888695725218	0.8937114138082566
0.5027886094275957	0.8952990557902968
0.5028883492826696	0.895511269545501
0.5029880891377435	0.8920856666717479
0.5030878289928175	0.8889326581462669
0.5031875688478913	0.8844046249507296
0.5032873087029652	0.8836397760208932
0.5033870485580392	0.8938529277829265
0.5034867884131131	0.8855081063009548
0.503586528268187	0.8885098693731663
0.5036862681232609	0.8898396893898598
0.5037860079783348	0.8896788251849285
0.5038857478334087	0.8860665656182612
0.5039854876884826	0.8864537049472732
0.5040852275435566	0.8878666863388162
0.5041849673986305	0.8842098937192749
0.5042847072537043	0.88296251301483
0.5043844471087783	0.8920614538567716
0.5044841869638522	0.8928746760394695
0.5045839268189262	0.8947185427641571
0.504683666674	0.8948738829251943
0.5047834065290739	0.8845158810509308
0.5048831463841479	0.8908729188804136
0.5049828862392218	0.8921255504563942
0.5050826260942957	0.8836669849610467
0.5051823659493696	0.8856789600636487
0.5052821058044435	0.8956129519192232
0.5053818456595174	0.8851917641564281
0.5054815855145913	0.8953582187428866
0.5055813253696653	0.8943285365599444
0.5056810652247392	0.8951100245906719
0.505780805079813	0.8897400823608038
0.505880544934887	0.8907666024445181
0.5059802847899609	0.8891536191131455
0.5060800246450348	0.8947885565573591
0.5061797645001087	0.8890465633401247
0.5062795043551827	0.8839078127541017
0.5063792442102566	0.8911327557890381
0.5064789840653304	0.892817157028711
0.5065787239204044	0.8882402708163821
0.5066784637754783	0.8850023266544431
0.5067782036305521	0.8922404372571008
0.5068779434856261	0.8937959699111417
0.5069776833407	0.886762651210308
0.507077423195774	0.8893371992335762
0.5071771630508478	0.8935530060058287
0.5072769029059218	0.8863229431898992
0.5073766427609957	0.8866794626619044
0.5074763826160696	0.8945827466783687
0.5075761224711435	0.8827000662555641
0.5076758623262174	0.8898139194357118
0.5077756021812914	0.8899486589564044
0.5078753420363653	0.8829648193802544
0.5079750818914391	0.8892952957442438
0.5080748217465131	0.8888051928470324
0.508174561601587	0.8870688522336949
0.5082743014566609	0.888883346921081
0.5083740413117348	0.8880073567008082
0.5084737811668087	0.8951664250235302
0.5085735210218827	0.8952686003942881
0.5086732608769565	0.893844723579765
0.5087730007320305	0.8841985056797037
0.5088727405871044	0.8845649283747835
0.5089724804421782	0.8834034065553957
0.5090722202972522	0.8933217159175193
0.5091719601523261	0.886889572772576
0.5092717000074001	0.8848501934021091
0.5093714398624739	0.8934993508278457
0.5094711797175479	0.8846852876658858
0.5095709195726218	0.8954956954859832
0.5096706594276956	0.8904753078990484
0.5097703992827696	0.8952078958191076
0.5098701391378435	0.8863039891409299
0.5099698789929175	0.8901257570235463
0.5100696188479913	0.8853009645819508
0.5101693587030652	0.8955778973693079
0.5102690985581392	0.88589532031849
0.5103688384132131	0.8957026617550053
0.510468578268287	0.8856621573661831
0.5105683181233609	0.8922499687699235
0.5106680579784348	0.8844085203740847
0.5107677978335088	0.8900492617050503
0.5108675376885826	0.8894987436804662
0.5109672775436566	0.8898082942635651
0.5110670173987305	0.8891406597816193
0.5111667572538044	0.884242375011483
0.5112664971088783	0.887286679551638
0.5113662369639522	0.8918182996229373
0.5114659768190262	0.884975511125308
0.5115657166741001	0.8932583697373241
0.511665456529174	0.8844977301995676
0.5117651963842479	0.8828672986176936
0.5118649362393218	0.8833342522203427
0.5119646760943957	0.8900414496625288
0.5120644159494696	0.883288258437922
0.5121641558045436	0.8911315867054977
0.5122638956596175	0.8909648051885372
0.5123636355146913	0.8947926892169189
0.5124633753697653	0.8956684287546236
0.5125631152248392	0.8863338966742637
0.512662855079913	0.8836767291358907
0.512762594934987	0.8825844648960669
0.5128623347900609	0.8841816441739022
0.5129620746451349	0.8947348769938582
0.5130618145002087	0.8867257813796185
0.5131615543552827	0.8929290962258059
0.5132612942103566	0.8849025830059306
0.5133610340654305	0.8923531267071385
0.5134607739205044	0.8884344082424103
0.5135605137755783	0.8854993055895094
0.5136602536306523	0.8911804481209267
0.5137599934857261	0.8890269340027841
0.5138597333408	0.8854995820730273
0.513959473195874	0.8921885615125748
0.5140592130509479	0.8903158372722719
0.5141589529060218	0.8951231846241031
0.5142586927610957	0.8954278280902004
0.5143584326161696	0.8939341055979624
0.5144581724712436	0.8927400912434338
0.5145579123263174	0.8913794833317523
0.5146576521813914	0.8871564604076605
0.5147573920364653	0.8913509342403224
0.5148571318915391	0.8940871499628975
0.5149568717466131	0.8952926031645987
0.515056611601687	0.8864048136695223
0.515156351456761	0.8946903422204224
0.5152560913118348	0.8936384082145268
0.5153558311669088	0.8907570405201518
0.5154555710219827	0.8955638383367004
0.5155553108770565	0.8922228249279212
0.5156550507321305	0.8894327082707585
0.5157547905872044	0.8863759144973773
0.5158545304422784	0.8840303450170834
0.5159542702973522	0.890545985770453
0.5160540101524261	0.8953997632416456
0.5161537500075001	0.8889737095181859
0.516253489862574	0.8844937754699103
0.5163532297176479	0.8867919304509831
0.5164529695727218	0.8922873601172794
0.5165527094277957	0.8939045408926798
0.5166524492828696	0.8941441152526667
0.5167521891379435	0.8893186642427662
0.5168519289930175	0.8890320179808321
0.5169516688480914	0.8879192369694552
0.5170514087031652	0.8948341066796656
0.5171511485582392	0.8836617867920539
0.5172508884133131	0.8942372977326152
0.5173506282683871	0.8861683995763565
0.5174503681234609	0.8838076315833518
0.5175501079785348	0.8848831412313898
0.5176498478336088	0.8897747613320512
0.5177495876886826	0.8881093319336737
0.5178493275437566	0.8849254778511424
0.5179490673988305	0.8832477069246645
0.5180488072539045	0.8936722704373506
0.5181485471089783	0.8839630782892454
0.5182482869640522	0.8908402945588999
0.5183480268191262	0.8825701352572835
0.5184477666742	0.8926438884845315
0.518547506529274	0.8889541991572969
0.5186472463843479	0.8909822477208917
0.5187469862394218	0.884079119432705
0.5188467260944957	0.8939351396427405
0.5189464659495696	0.8866283057206152
0.5190462058046436	0.8885846984482789
0.5191459456597175	0.891890605595141
0.5192456855147913	0.8887374148491153
0.5193454253698653	0.8926627222030447
0.5194451652249392	0.8830586544108785
0.519544905080013	0.8894616843725511
0.519644644935087	0.8907120038382701
0.5197443847901609	0.8935570541991863
0.5198441246452349	0.8844004617121098
0.5199438645003087	0.887955079429739
0.5200436043553827	0.8867962434919607
0.5201433442104566	0.8921184423832895
0.5202430840655305	0.8868784835394848
0.5203428239206044	0.8835605496617808
0.5204425637756783	0.8878595066693615
0.5205423036307523	0.8853269704856431
0.5206420434858261	0.8865569767961338
0.5207417833409	0.895247811691234
0.520841523195974	0.8862794664930316
0.5209412630510479	0.8950189803363656
0.5210410029061218	0.8946150978930654
0.5211407427611957	0.8824091868383094
0.5212404826162697	0.8840617036789397
0.5213402224713435	0.8954025677998072
0.5214399623264174	0.8916859958311452
0.5215397021814914	0.8864678176517871
0.5216394420365653	0.8912733693360988
0.5217391818916391	0.8844372672372911
0.5218389217467131	0.8836317691502309
0.521938661601787	0.8878121292525373
0.522038401456861	0.8942473855624664
0.5221381413119348	0.8942116340909073
0.5222378811670088	0.8874172918511702
0.5223376210220827	0.8855664608683689
0.5224373608771565	0.8868761389221932
0.5225371007322305	0.8862379552460323
0.5226368405873044	0.8872692160953437
0.5227365804423784	0.8873632151837699
0.5228363202974522	0.8922027399780049
0.5229360601525261	0.8903048215493087
0.5230358000076001	0.8859390935234791
0.523135539862674	0.8828184453084033
0.5232352797177479	0.8845932251547397
0.5233350195728218	0.8886413246261105
0.5234347594278957	0.8836998063754538
0.5235344992829696	0.8851146567405404
0.5236342391380435	0.8839514158301288
0.5237339789931175	0.8842439890536263
0.5238337188481914	0.8828205487695006
0.5239334587032652	0.8872850196818969
0.5240331985583392	0.8892722170365788
0.5241329384134131	0.8920273325731497
0.524232678268487	0.8926778832631149
0.5243324181235609	0.8854282629091836
0.5244321579786348	0.8839766837244342
0.5245318978337088	0.8934006531802203
0.5246316376887826	0.8889384162521747
0.5247313775438566	0.895030797811232
0.5248311173989305	0.8901854236940085
0.5249308572540045	0.8884630683015872
0.5250305971090783	0.8931509863642975
0.5251303369641522	0.8903060631625302
0.5252300768192262	0.8909379345067674
0.5253298166743	0.8842219811315126
0.525429556529374	0.8850050069316376
0.5255292963844479	0.8840489734537256
0.5256290362395218	0.8921567078793378
0.5257287760945957	0.8915359059720701
0.5258285159496696	0.8949174201712031
0.5259282558047436	0.8902868830084623
0.5260279956598175	0.8885588573862881
0.5261277355148913	0.8919715088406331
0.5262274753699653	0.8867319906441486
0.5263272152250392	0.8939961584197078
0.5264269550801131	0.886628329473552
0.526526694935187	0.8923304077443048
0.5266264347902609	0.8870818218316903
0.5267261746453349	0.8825220368271508
0.5268259145004087	0.8928490207046738
0.5269256543554827	0.8895127491677102
0.5270253942105566	0.8908799498955213
0.5271251340656304	0.8865997413274702
0.5272248739207044	0.884468966462726
0.5273246137757783	0.887276993215703
0.5274243536308523	0.8937505261595414
0.5275240934859261	0.8885207543978004
0.527623833341	0.8885217335870312
0.527723573196074	0.8853149674366091
0.5278233130511479	0.8905875355701444
0.5279230529062218	0.8951535742005655
0.5280227927612957	0.8898742239497925
0.5281225326163697	0.888317171451498
0.5282222724714435	0.8885153267917361
0.5283220123265174	0.889689157810088
0.5284217521815914	0.8851390747134479
0.5285214920366653	0.8846103446782564
0.5286212318917392	0.8949922672813165
0.5287209717468131	0.8911678938428467
0.528820711601887	0.8892893516139745
0.528920451456961	0.8906673328191516
0.5290201913120348	0.8917018855179111
0.5291199311671088	0.8873657955724535
0.5292196710221827	0.8900105926803747
0.5293194108772565	0.8830824841048664
0.5294191507323305	0.8866164244139895
0.5295188905874044	0.8940252572398765
0.5296186304424784	0.894853285199548
0.5297183702975522	0.8866838371208451
0.5298181101526261	0.8928447652211828
0.5299178500077001	0.8889403166390262
0.5300175898627739	0.8915152080047181
0.5301173297178479	0.8839349992529157
0.5302170695729218	0.8821907961481177
0.5303168094279958	0.8899913987196404
0.5304165492830696	0.8901639889354835
0.5305162891381435	0.8950271837575624
0.5306160289932175	0.8934808423630749
0.5307157688482914	0.8944932120488046
0.5308155087033652	0.8899982276531115
0.5309152485584392	0.895045840396021
0.5310149884135131	0.8920170760538572
0.531114728268587	0.8852763515570663
0.5312144681236609	0.8867116882882037
0.5313142079787349	0.8893834322404333
0.5314139478338088	0.8913921945176408
0.5315136876888826	0.8822337991889293
0.5316134275439566	0.8821887688279867
0.5317131673990305	0.8896395488887591
0.5318129072541045	0.8888537305109013
0.5319126471091783	0.8883490781464793
0.5320123869642522	0.887846929419018
0.5321121268193262	0.8949923659449232
0.5322118666744	0.8932128252957136
0.532311606529474	0.8835664447175605
0.5324113463845479	0.8858044345875574
0.5325110862396218	0.8848833593227444
0.5326108260946957	0.8925375810773509
0.5327105659497696	0.8868636842012053
0.5328103058048436	0.889215638240191
0.5329100456599174	0.8926527410450037
0.5330097855149913	0.8931275413941128
0.5331095253700653	0.8911800256263016
0.5332092652251392	0.8898605822330574
0.5333090050802131	0.8822793428566847
0.533408744935287	0.8880878050364018
0.533508484790361	0.8895797857970562
0.5336082246454349	0.8854023145302583
0.5337079645005087	0.8912362271963773
0.5338077043555827	0.8932704384902085
0.5339074442106566	0.8914076004428503
0.5340071840657304	0.8885845574761561
0.5341069239208044	0.8844128056659935
0.5342066637758783	0.8843600137824701
0.5343064036309523	0.8831856023397029
0.5344061434860261	0.883512677410143
0.5345058833411	0.8914960813601597
0.534605623196174	0.8830696215305612
0.5347053630512479	0.8954081481556173
0.5348051029063218	0.8932990699038944
0.5349048427613957	0.8841067117391546
0.5350045826164697	0.8885172870760432
0.5351043224715435	0.8892411455286833
0.5352040623266174	0.8899944606901071
0.5353038021816914	0.8905285126675456
0.5354035420367653	0.8940012656105985
0.5355032818918392	0.8902151733722607
0.5356030217469131	0.8943805773430235
0.535702761601987	0.8885572492402736
0.5358025014570609	0.8954341722241801
0.5359022413121348	0.8876411223961458
0.5360019811672088	0.8909464545600387
0.5361017210222827	0.895218615190485
0.5362014608773565	0.8918254054937541
0.5363012007324305	0.8874406587296211
0.5364009405875044	0.8938436869595201
0.5365006804425784	0.8872213864241691
0.5366004202976522	0.8887961639701655
0.5367001601527261	0.8873030770709148
0.5367999000078001	0.8842347890566267
0.5368996398628739	0.8881113048469954
0.5369993797179479	0.884939909745785
0.5370991195730218	0.8903183620071091
0.5371988594280958	0.8847287312193409
0.5372985992831696	0.8825317502773954
0.5373983391382435	0.8911562791480964
0.5374980789933175	0.8902156692310883
0.5375978188483914	0.8837190616367708
0.5376975587034653	0.8881398422370725
0.5377972985585392	0.8863473972657872
0.5378970384136131	0.8829752709253051
0.537996778268687	0.893167712951537
0.5380965181237609	0.8880184201107579
0.5381962579788349	0.890722459266614
0.5382959978339088	0.8830920629603938
0.5383957376889826	0.8843734035015269
0.5384954775440566	0.8851088423829998
0.5385952173991305	0.883530300220992
0.5386949572542044	0.8931429864694277
0.5387946971092783	0.8871388970441421
0.5388944369643522	0.8932306406019481
0.5389941768194262	0.8920817702327836
0.5390939166745	0.8924688314260304
0.539193656529574	0.8855424683994865
0.5392933963846479	0.89377181464083
0.5393931362397218	0.8851967489797151
0.5394928760947957	0.8946957195697129
0.5395926159498696	0.8905262453379325
0.5396923558049436	0.8930847515978584
0.5397920956600174	0.8862728930382372
0.5398918355150913	0.8821056622406672
0.5399915753701653	0.8948778010678811
0.5400913152252392	0.8920814287442326
0.5401910550803131	0.8852455494216094
0.540290794935387	0.8883573553571612
0.540390534790461	0.8833579501249015
0.5404902746455349	0.8838690255612365
0.5405900145006087	0.8919214950663475
0.5406897543556827	0.8934066421191599
0.5407894942107566	0.8881267405001769
0.5408892340658304	0.8882161584433791
0.5409889739209044	0.8948880193704226
0.5410887137759783	0.8848832797578645
0.5411884536310523	0.8821593278069603
0.5412881934861261	0.8830239021848697
0.5413879333412001	0.882227025183697
0.541487673196274	0.8828761377140762
0.5415874130513478	0.8924799829042912
0.5416871529064218	0.8944527890687334
0.5417868927614957	0.8842303892965796
0.5418866326165697	0.892209396004993
0.5419863724716435	0.8922589859442804
0.5420861123267174	0.88607854430954
0.5421858521817914	0.8884213580872103
0.5422855920368653	0.8871467437454997
0.5423853318919392	0.8943685915186046
0.5424850717470131	0.8898044755713242
0.542584811602087	0.8930720949770715
0.5426845514571609	0.8904214484153211
0.5427842913122348	0.8897112720947022
0.5428840311673088	0.8894640332931888
0.5429837710223827	0.8835944350159384
0.5430835108774565	0.8838388159172396
0.5431832507325305	0.8903572515401381
0.5432829905876044	0.8831329451066013
0.5433827304426784	0.8836476735154013
0.5434824702977522	0.8867734457988851
0.5435822101528262	0.8843707598758991
0.5436819500079001	0.8835218576632542
0.5437816898629739	0.8845124435949969
0.5438814297180479	0.886355566614901
0.5439811695731218	0.8953546543938607
0.5440809094281958	0.890642137746079
0.5441806492832696	0.8940946666153656
0.5442803891383435	0.882501218856383
0.5443801289934175	0.8824438943596129
0.5444798688484913	0.8863052516163168
0.5445796087035653	0.8825518801453114
0.5446793485586392	0.8913996878583045
0.5447790884137131	0.894478354472608
0.544878828268787	0.8943485151419149
0.5449785681238609	0.8907732920418424
0.5450783079789349	0.8828037731113559
0.5451780478340088	0.889992460370373
0.5452777876890826	0.8852026283556219
0.5453775275441566	0.8832515124852021
0.5454772673992305	0.8901424256850735
0.5455770072543044	0.8829916134974106
0.5456767471093783	0.8841868745252474
0.5457764869644522	0.8895156928105867
0.5458762268195262	0.8947480173433712
0.5459759666746	0.8893424500857885
0.546075706529674	0.8886368111738037
0.5461754463847479	0.8889848496804958
0.5462751862398219	0.891787734113262
0.5463749260948957	0.895024637732611
0.5464746659499696	0.8923464189115355
0.5465744058050436	0.8861529888500822
0.5466741456601174	0.8849873061329078
0.5467738855151913	0.8928897002069074
0.5468736253702653	0.8836892356040793
0.5469733652253392	0.8943291263281602
0.5470731050804131	0.8912398692949246
0.547172844935487	0.889614123220825
0.547272584790561	0.8921180227593233
0.5473723246456348	0.8949108910881042
0.5474720645007087	0.8850105048108473
0.5475718043557827	0.8829648342312836
0.5476715442108566	0.8953140066078137
0.5477712840659305	0.8908002745874809
0.5478710239210044	0.8918402198280524
0.5479707637760783	0.8929210329367985
0.5480705036311523	0.8936186584780823
0.5481702434862261	0.8836337470247786
0.5482699833413001	0.8841046244950506
0.548369723196374	0.8872363956902934
0.5484694630514478	0.8832810816118831
0.5485692029065218	0.8911843423389636
0.5486689427615957	0.8949422187207342
0.5487686826166697	0.8929647286407855
0.5488684224717435	0.8902857499463129
0.5489681623268174	0.8924433463147644
0.5490679021818914	0.8825165800185363
0.5491676420369653	0.893301701927898
0.5492673818920392	0.8829046045994218
0.5493671217471131	0.8850817079105272
0.549466861602187	0.8864147068410553
0.5495666014572609	0.8908179890500805
0.5496663413123348	0.8854215840413094
0.5497660811674088	0.8897681887904129
0.5498658210224827	0.8829327457390129
0.5499655608775565	0.8903804576562008
0.5500653007326305	0.8932795935637764
0.5501650405877044	0.8948870901128273
0.5502647804427783	0.8834923089337788
0.5503645202978522	0.8824959108364313
0.5504642601529262	0.8841973525309873
0.5505640000080001	0.8892477701579259
0.5506637398630739	0.888937044674283
0.5507634797181479	0.8837251601403365
0.5508632195732218	0.8866439738209115
0.5509629594282958	0.895129178581738
0.5510626992833696	0.8836186375107293
0.5511624391384435	0.8911057377534741
0.5512621789935175	0.8924935626005198
0.5513619188485913	0.8920828007635917
0.5514616587036653	0.8935645181204268
0.5515613985587392	0.8839469407311447
0.5516611384138131	0.8827068299851168
0.551760878268887	0.8885079785870118
0.5518606181239609	0.8941701341069239
0.5519603579790349	0.8845073334853261
0.5520600978341088	0.8889841427697541
0.5521598376891826	0.8904359939644304
0.5522595775442566	0.8880606449223895
0.5523593173993305	0.8930359661049088
0.5524590572544044	0.8871085822919685
0.5525587971094783	0.8920256526903478
0.5526585369645522	0.8859029515243084
0.5527582768196262	0.8898613095280172
0.5528580166747	0.8850471668324481
0.552957756529774	0.8838329680985427
0.5530574963848479	0.8908159187572859
0.5531572362399217	0.8941423746898225
0.5532569760949957	0.8907834348619103
0.5533567159500696	0.8864604541077175
0.5534564558051436	0.8838481434627333
0.5535561956602174	0.8853520539027591
0.5536559355152914	0.8921294774325594
0.5537556753703653	0.895286685825352
0.5538554152254392	0.8920819613970639
0.5539551550805131	0.8882447567656346
0.554054894935587	0.8923718411027702
0.554154634790661	0.8830418793887931
0.5542543746457348	0.8909328089098476
0.5543541145008087	0.8861217014139012
0.5544538543558827	0.8874501367043539
0.5545535942109566	0.882571145243353
0.5546533340660305	0.893323467348921
0.5547530739211044	0.8880477924314125
0.5548528137761783	0.8893245316610426
0.5549525536312523	0.8839950352236472
0.5550522934863261	0.8947232784553834
0.5551520333414001	0.8937379585384585
0.555251773196474	0.8824127375067722
0.5553515130515478	0.8892519808402994
0.5554512529066218	0.890810477618102
0.5555509927616957	0.8846909709043548
0.5556507326167697	0.8844196680661116
0.5557504724718435	0.8951541323126955
0.5558502123269174	0.894086189816536
0.5559499521819914	0.8934303814495448
0.5560496920370652	0.8910053489878367
0.5561494318921392	0.8893150038144847
0.5562491717472131	0.8886530416102253
0.556348911602287	0.8888125814521718
0.5564486514573609	0.8883018019865683
0.5565483913124348	0.8879182873682127
0.5566481311675088	0.8910812782904587
0.5567478710225827	0.8876224246174322
0.5568476108776566	0.8882548650790255
0.5569473507327305	0.8839233909759688
0.5570470905878044	0.8889742000941274
0.5571468304428783	0.884878985635991
0.5572465702979522	0.887252694909387
0.5573463101530262	0.8859019113045552
0.5574460500081001	0.8872111131333834
0.5575457898631739	0.8820059220755969
0.5576455297182479	0.8865716670658673
0.5577452695733218	0.8949529139211558
0.5578450094283958	0.8944182243097393
0.5579447492834696	0.882035663075756
0.5580444891385435	0.8901691974578164
0.5581442289936175	0.8839132350320895
0.5582439688486913	0.8872648772215093
0.5583437087037653	0.8857030117908913
0.5584434485588392	0.8927532748306489
0.5585431884139131	0.8895746791525471
0.558642928268987	0.8822782646478595
0.5587426681240609	0.8942617602113032
0.5588424079791349	0.8883577795864704
0.5589421478342087	0.8930254435468947
0.5590418876892826	0.8820305902521002
0.5591416275443566	0.8863213047369674
0.5592413673994305	0.8937483175614077
0.5593411072545044	0.8847002671375566
0.5594408471095783	0.8947298400734987
0.5595405869646523	0.8868291548247635
0.5596403268197262	0.8944853961960718
0.5597400666748	0.8900299819213294
0.559839806529874	0.8877594645909754
0.5599395463849479	0.883964143948444
0.5600392862400217	0.8879148880590597
0.5601390260950957	0.8842604242902794
0.5602387659501696	0.8832836312256952
0.5603385058052436	0.8937919881673742
0.5604382456603174	0.891426391954908
0.5605379855153914	0.8830956533227975
0.5606377253704653	0.8918096936216956
0.5607374652255392	0.8823543381377273
0.5608372050806131	0.8822602938475292
0.560936944935687	0.8887703899993448
0.561036684790761	0.8934223367923632
0.5611364246458348	0.8872361196449045
0.5612361645009087	0.8834326887402939
0.5613359043559827	0.882158690447438
0.5614356442110566	0.8857005548715282
0.5615353840661305	0.8917292489940752
0.5616351239212044	0.884976395480173
0.5617348637762782	0.8834379391881543
0.5618346036313522	0.8854346639322788
0.561934343486426	0.882857414434239
0.5620340833415	0.8860996528163366
0.5621338231965739	0.8838186662455745
0.5622335630516478	0.8930150692570706
0.5623333029067217	0.8929467930595588
0.5624330427617956	0.8855103329905941
0.5625327826168696	0.8923297242229752
0.5626325224719435	0.8885059813417567
0.5627322623270173	0.888322589755155
0.5628320021820913	0.8846858241478347
0.5629317420371652	0.8890256314274078
0.5630314818922391	0.8865322081431855
0.563131221747313	0.893909780032825
0.563230961602387	0.8902107491141398
0.5633307014574609	0.8948398501679032
0.5634304413125347	0.8920145314928584
0.5635301811676087	0.8890177102310669
0.5636299210226826	0.8838658746402489
0.5637296608777564	0.8851609073426503
0.5638294007328304	0.8913274307436516
0.5639291405879043	0.8933335728550472
0.5640288804429783	0.8940100289231866
0.5641286202980521	0.8906582567685418
0.564228360153126	0.893287535206011
0.5643281000082	0.8940106479886691
0.5644278398632739	0.8930871974658825
0.5645275797183478	0.8895053200081402
0.5646273195734217	0.8951035192006737
0.5647270594284957	0.8886967136687807
0.5648267992835695	0.8826753049739346
0.5649265391386434	0.8844624767631455
0.5650262789937174	0.8902236439339702
0.5651260188487913	0.8825411344562887
0.5652257587038652	0.8873676207466143
0.5653254985589391	0.8853006551469745
0.565425238414013	0.8856410708334811
0.565524978269087	0.891820771738623
0.5656247181241608	0.8886129624230408
0.5657244579792348	0.8869464475818092
0.5658241978343087	0.8870611336011708
0.5659239376893825	0.8849125643586956
0.5660236775444565	0.8950578823233215
0.5661234173995304	0.8822223963947396
0.5662231572546044	0.8838958058238784
0.5663228971096782	0.8946695971839502
0.5664226369647521	0.8838359526343288
0.5665223768198261	0.8843576569468566
0.5666221166748999	0.8949656517213024
0.5667218565299739	0.8945398544680926
0.5668215963850478	0.8910418889799621
0.5669213362401218	0.8942964811763329
0.5670210760951956	0.8835720982088091
0.5671208159502695	0.8942897436047864
0.5672205558053435	0.891080473407771
0.5673202956604174	0.8906561995561806
0.5674200355154913	0.882956105912994
0.5675197753705652	0.8864672740727723
0.5676195152256391	0.8861782012726087
0.567719255080713	0.8896769977905427
0.5678189949357869	0.8867469414379451
0.5679187347908609	0.8855575059420893
0.5680184746459348	0.8843034361131542
0.5681182145010086	0.8875294188319673
0.5682179543560826	0.8930832162470674
0.5683176942111565	0.8823921552127559
0.5684174340662305	0.8836169444315873
0.5685171739213043	0.8848696228207854
0.5686169137763782	0.8824681483472516
0.5687166536314522	0.8942677650856841
0.568816393486526	0.8861460131204703
0.5689161333416	0.8819857458265165
0.5690158731966739	0.887433084065957
0.5691156130517478	0.8842926217678677
0.5692153529068217	0.8864145189020827
0.5693150927618956	0.8867289053742151
0.5694148326169696	0.8941671656338976
0.5695145724720434	0.8905349375206414
0.5696143123271173	0.8929902721568755
0.5697140521821913	0.8842776326088724
0.5698137920372652	0.8906327064273528
0.5699135318923391	0.8827592198339772
0.570013271747413	0.8823213363307041
0.570113011602487	0.8929649671672126
0.5702127514575609	0.8854746343285115
0.5703124913126347	0.8893672239876681
0.5704122311677087	0.8825023474711962
0.5705119710227826	0.8893882731903502
0.5706117108778564	0.89061107924376
0.5707114507329304	0.8900387654941361
0.5708111905880043	0.890743865158191
0.5709109304430783	0.8857239069637804
0.5710106702981521	0.8882472287446167
0.5711104101532261	0.8909949330081306
0.5712101500083	0.8883729388258627
0.5713098898633739	0.8907825232711959
0.5714096297184478	0.884769995120316
0.5715093695735217	0.8837524877638702
0.5716091094285957	0.8828364112511747
0.5717088492836695	0.8858008077445222
0.5718085891387434	0.8910918325515295
0.5719083289938174	0.8853782036461098
0.5720080688488913	0.8862727988595169
0.5721078087039652	0.8892271878394366
0.5722075485590391	0.8882886861285467
0.572307288414113	0.8881590981294176
0.5724070282691869	0.8905481686242691
0.5725067681242608	0.8843307284527039
0.5726065079793348	0.8874739697890448
0.5727062478344087	0.8870123829189861
0.5728059876894825	0.8936107389642363
0.5729057275445565	0.8848310784502422
0.5730054673996304	0.8828846860286669
0.5731052072547044	0.8826849601400889
0.5732049471097782	0.8873239220712388
0.5733046869648522	0.8929703993285494
0.5734044268199261	0.8874135047578111
0.5735041666749999	0.8836508008439591
0.5736039065300739	0.8903827793216862
0.5737036463851478	0.8907879733042215
0.5738033862402218	0.8884680622189651
0.5739031260952956	0.8885716272772652
0.5740028659503695	0.8874755948997262
0.5741026058054435	0.8824518030910313
0.5742023456605174	0.8926543471558255
0.5743020855155913	0.8858589488520863
0.5744018253706652	0.8897431542976337
0.5745015652257391	0.8882892292088111
0.574601305080813	0.8823380106395762
0.5747010449358869	0.888347108772355
0.5748007847909609	0.894530773129225
0.5749005246460348	0.8861145729303522
0.5750002645011086	0.8889181791970927
0.5751000043561826	0.8820897732169714
0.5751997442112565	0.8947159942922496
0.5752994840663304	0.8867434944231783
0.5753992239214043	0.8916053783585542
0.5754989637764782	0.8946279115882942
0.5755987036315522	0.8889172213845519
0.575698443486626	0.8853639683906264
0.5757981833417	0.8843712710072663
0.5758979231967739	0.8880331440606953
0.5759976630518479	0.8938953066783246
0.5760974029069217	0.89498128748877
0.5761971427619956	0.8885548582908481
0.5762968826170696	0.8869374796695594
0.5763966224721434	0.8892936068111887
0.5764963623272173	0.8941743871572264
0.5765961021822913	0.8925845136577409
0.5766958420373652	0.8948207422938262
0.5767955818924391	0.8887000613097212
0.576895321747513	0.8841036786939335
0.576995061602587	0.8835713386669697
0.5770948014576609	0.8906658728291869
0.5771945413127347	0.8939200368648281
0.5772942811678087	0.8884637321190598
0.5773940210228826	0.8926243123924665
0.5774937608779565	0.8908797908355611
0.5775935007330304	0.8895340258801734
0.5776932405881043	0.8847368159010738
0.5777929804431783	0.8832527741718731
0.5778927202982521	0.8933708477126182
0.5779924601533261	0.8924183260911489
0.5780922000084	0.8950546065390248
0.5781919398634738	0.8825479092076306
0.5782916797185478	0.8925046937788618
0.5783914195736217	0.8857323416584548
0.5784911594286957	0.8855044642935381
0.5785908992837695	0.8933680381688732
0.5786906391388434	0.8819689088095795
0.5787903789939174	0.8862372685259302
0.5788901188489913	0.8846395365914989
0.5789898587040652	0.8916372732431165
0.5790895985591391	0.8896684906722524
0.579189338414213	0.8940642769117995
0.5792890782692869	0.8839410762200497
0.5793888181243608	0.8913439537711649
0.5794885579794348	0.8829030808371383
0.5795882978345087	0.8950283548727336
0.5796880376895825	0.8876616149841481
0.5797877775446565	0.8911026502850738
0.5798875173997304	0.890182815372052
0.5799872572548044	0.8851122548034661
0.5800869971098782	0.8822370793900078
0.5801867369649522	0.884899904294839
0.5802864768200261	0.8884996781505169
0.5803862166750999	0.8897260947352499
0.5804859565301739	0.8855547639919223
0.5805856963852478	0.8940440963979208
0.5806854362403218	0.8867249845498705
0.5807851760953956	0.8930849814860519
0.5808849159504695	0.8885588446713998
0.5809846558055435	0.8819064642982838
0.5810843956606173	0.8943948461440636
0.5811841355156913	0.8904682500837556
0.5812838753707652	0.8945790705138299
0.5813836152258391	0.8933097944610657
0.581483355080913	0.8893089358836129
0.5815830949359869	0.890270697365369
0.5816828347910609	0.8847856641388743
0.5817825746461348	0.8935090135640984
0.5818823145012086	0.8860064012628127
0.5819820543562826	0.893313254144266
0.5820817942113565	0.8870651710787161
0.5821815340664304	0.8828204907268973
0.5822812739215043	0.884502534401529
0.5823810137765782	0.894629662604565
0.5824807536316522	0.8847574701005789
0.582580493486726	0.894673517343379
0.5826802333418	0.890979195651433
0.5827799731968739	0.8922265466185579
0.5828797130519479	0.8860581156255868
0.5829794529070217	0.894783136431879
0.5830791927620956	0.8819044686845255
0.5831789326171696	0.8932872691952012
0.5832786724722434	0.8837258124992746
0.5833784123273174	0.8882437311086235
0.5834781521823913	0.8879803381191875
0.5835778920374652	0.8870049620422223
0.5836776318925391	0.8870813850213227
0.583777371747613	0.8884673545139383
0.583877111602687	0.8828084073764308
0.5839768514577608	0.8896871142034758
0.5840765913128347	0.8833500641301918
0.5841763311679087	0.892300571724748
0.5842760710229826	0.8828834296730343
0.5843758108780565	0.8844633464040822
0.5844755507331304	0.8851785715744758
0.5845752905882043	0.8873300981681116
0.5846750304432783	0.8881306039034643
0.5847747702983521	0.8915924422006137
0.5848745101534261	0.8946172606982454
0.5849742500085	0.8855771709756847
0.5850739898635738	0.8864484218067048
0.5851737297186478	0.8865552857795985
0.5852734695737217	0.8860120504356481
0.5853732094287957	0.8914711723985395
0.5854729492838695	0.8877996505850959
0.5855726891389434	0.8849431717235986
0.5856724289940174	0.8865830161967917
0.5857721688490913	0.8873684428460312
0.5858719087041652	0.8843237050616475
0.5859716485592391	0.8891478041368617
0.586071388414313	0.8867726262794443
0.5861711282693869	0.8879761204138215
0.5862708681244608	0.8879995713718983
0.5863706079795348	0.8943218084298853
0.5864703478346087	0.8880634382841792
0.5865700876896826	0.8907898250710171
0.5866698275447565	0.8825595644732143
0.5867695673998304	0.8836896366116908
0.5868693072549043	0.8869102734628553
0.5869690471099782	0.8896180297067334
0.5870687869650522	0.8934009551435369
0.5871685268201261	0.8858589244209956
0.5872682666751999	0.8848032966278766
0.5873680065302739	0.8884428249107019
0.5874677463853478	0.8845407307641686
0.5875674862404218	0.8848164429369919
0.5876672260954956	0.8919979427543442
0.5877669659505695	0.8946165508297843
0.5878667058056435	0.8949180301522025
0.5879664456607173	0.882374272022302
0.5880661855157913	0.8915372357077697
0.5881659253708652	0.8882055101192351
0.5882656652259391	0.8872152832217304
0.588365405081013	0.8939167634662681
0.5884651449360869	0.8911267998544573
0.5885648847911609	0.8874631167626725
0.5886646246462348	0.8950324561947252
0.5887643645013086	0.8943678438548988
0.5888641043563826	0.8890030464629409
0.5889638442114565	0.8861792770023864
0.5890635840665304	0.8817445367392609
0.5891633239216043	0.8904062386094285
0.5892630637766783	0.8900388445777169
0.5893628036317522	0.8835949425269275
0.589462543486826	0.8883670027755908
0.5895622833419	0.8869450532186275
0.5896620231969739	0.8926111484188223
0.5897617630520477	0.8939251757869082
0.5898615029071217	0.88999332364807
0.5899612427621956	0.8818350725159488
0.5900609826172696	0.8851388157819693
0.5901607224723434	0.8887671227399951
0.5902604623274174	0.8831936770388054
0.5903602021824913	0.8941860583028854
0.5904599420375652	0.8917618693284449
0.5905596818926391	0.8838991912695556
0.590659421747713	0.8830986805792886
0.590759161602787	0.8882997526527185
0.5908589014578608	0.8939462141906273
0.5909586413129347	0.8903203746492004
0.5910583811680087	0.8862303832648071
0.5911581210230826	0.881861240061033
0.5912578608781565	0.8851718737796093
0.5913576007332304	0.8836769506769587
0.5914573405883043	0.8818819192628152
0.5915570804433783	0.8854391519012756
0.5916568202984521	0.8834175434145464
0.5917565601535261	0.8943061200929912
0.5918563000086	0.8945090580794668
0.5919560398636738	0.8941960321696103
0.5920557797187478	0.8837715662414276
0.5921555195738217	0.8944432526653872
0.5922552594288957	0.8896418259013799
0.5923549992839695	0.8873556700656778
0.5924547391390435	0.8935819518883873
0.5925544789941174	0.8848390409339809
0.5926542188491912	0.886163692955758
0.5927539587042652	0.8818678022677958
0.5928536985593391	0.8866407194842627
0.5929534384144131	0.8931528874820184
0.5930531782694869	0.883061445490847
0.5931529181245608	0.8877905208939395
0.5932526579796348	0.8830238108806331
0.5933523978347087	0.8839844300525713
0.5934521376897826	0.8857343935744655
0.5935518775448565	0.8932381466394002
0.5936516173999304	0.8923661275735513
0.5937513572550043	0.8884740201166602
0.5938510971100782	0.8941915538699843
0.5939508369651522	0.8854560456607223
0.5940505768202261	0.8847228018668765
0.5941503166752999	0.883496723732678
0.5942500565303739	0.8945491227307917
0.5943497963854478	0.89096818726739
0.5944495362405218	0.882917148497028
0.5945492760955956	0.8823814198082811
0.5946490159506695	0.8835590219502841
0.5947487558057435	0.8835872016849651
0.5948484956608173	0.8865258618754497
0.5949482355158913	0.892148131308745
0.5950479753709652	0.8885168794364744
0.5951477152260392	0.8946164207737014
0.595247455081113	0.8934154846918965
0.5953471949361869	0.8935604170656802
0.5954469347912609	0.8949192823076423
0.5955466746463347	0.8859703594916105
0.5956464145014086	0.8877271904218723
0.5957461543564826	0.8825000983225503
0.5958458942115565	0.8836676575945136
0.5959456340666304	0.8895652078745819
0.5960453739217043	0.8934594115947772
0.5961451137767783	0.8854859544970124
0.5962448536318522	0.8850195975022749
0.596344593486926	0.8902536278383281
0.596444333342	0.8934527361239408
0.5965440731970739	0.8929826209395095
0.5966438130521478	0.8933639591621578
0.5967435529072217	0.8948879425158985
0.5968432927622956	0.8914772117742236
0.5969430326173696	0.8855373082476546
0.5970427724724434	0.8833934328549627
0.5971425123275174	0.8874212500647187
0.5972422521825913	0.8938558489246877
0.5973419920376652	0.8867866890273128
0.5974417318927391	0.8880947879269185
0.597541471747813	0.886971261952448
0.597641211602887	0.8893999925941998
0.5977409514579608	0.8885354788209981
0.5978406913130347	0.8901490251311117
0.5979404311681087	0.8926923892256192
0.5980401710231826	0.8829865353407318
0.5981399108782565	0.8876076697360421
0.5982396507333304	0.8942648451327679
0.5983393905884044	0.8869587355215693
0.5984391304434782	0.8904765279046071
0.5985388702985521	0.8940434513496056
0.5986386101536261	0.883660468804785
0.5987383500087	0.8910962830610794
0.5988380898637738	0.8894231750544275
0.5989378297188478	0.8911992141420283
0.5990375695739217	0.8891503939454843
0.5991373094289957	0.8936966165428929
0.5992370492840695	0.8897867989312549
0.5993367891391435	0.8912945707448967
0.5994365289942174	0.8945162477941577
0.5995362688492912	0.8929499029321581
0.5996360087043652	0.89414442600038
0.5997357485594391	0.8869947873469158
0.5998354884145131	0.8865577250941541
0.5999352282695869	0.8816902316381895
0.6000349681246608	0.8946701446164329
0.6001347079797348	0.8818523867854675
0.6002344478348087	0.887754268018313
0.6003341876898826	0.8862248263819685
0.6004339275449565	0.8822772752556826
0.6005336674000304	0.8829384796588697
0.6006334072551043	0.8948196571499921
0.6007331471101782	0.8942532413356675
0.6008328869652522	0.8837954678976326
0.6009326268203261	0.8910333180517617
0.6010323666753999	0.8821115997431406
0.6011321065304739	0.883389691968894
0.6012318463855478	0.8858395981002213
0.6013315862406217	0.891129961580611
0.6014313260956956	0.889648903061981
0.6015310659507696	0.8848919701016579
0.6016308058058435	0.8920971913173429
0.6017305456609173	0.8870706987125299
0.6018302855159913	0.8895817847758436
0.6019300253710652	0.8928125274958069
0.6020297652261392	0.8883760496461736
0.602129505081213	0.891276748976132
0.6022292449362869	0.8845891902496986
0.6023289847913609	0.8947572356820526
0.6024287246464347	0.8898704233119092
0.6025284645015087	0.8823244067035384
0.6026282043565826	0.8835115857993828
0.6027279442116565	0.8822237568918043
0.6028276840667304	0.8939346403084637
0.6029274239218043	0.8870812446599107
0.6030271637768783	0.8826876926031612
0.6031269036319522	0.8839028572135905
0.603226643487026	0.8823986812791953
0.6033263833421	0.8839861092100891
0.6034261231971739	0.881698243293484
0.6035258630522478	0.8909495571826015
0.6036256029073217	0.888691779187033
0.6037253427623956	0.8933042451941345
0.6038250826174696	0.8916143173313382
0.6039248224725434	0.8841382603001412
0.6040245623276174	0.8863937071233113
0.6041243021826913	0.8829185920039846
0.6042240420377651	0.8931338216002425
0.6043237818928391	0.8881369327216587
0.604423521747913	0.8911966860629367
0.604523261602987	0.8928195208316522
0.6046230014580608	0.885883485558865
0.6047227413131347	0.8913860756392072
0.6048224811682087	0.8947910905948022
0.6049222210232826	0.8929544417416445
0.6050219608783565	0.8927663802517272
0.6051217007334304	0.8927010643127762
0.6052214405885044	0.893623597537029
0.6053211804435782	0.8895317580450314
0.6054209202986521	0.8916446232586951
0.6055206601537261	0.8946422826960041
0.6056204000088	0.8851333079295203
0.6057201398638739	0.8844919914059497
0.6058198797189478	0.8843694986134144
0.6059196195740217	0.8851688573572264
0.6060193594290957	0.8850456503203524
0.6061190992841695	0.8818315098293824
0.6062188391392435	0.8932190263629732
0.6063185789943174	0.8870254953637655
0.6064183188493912	0.8871601735793403
0.6065180587044652	0.890801202701136
0.6066177985595391	0.888102775175728
0.6067175384146131	0.8871062787040439
0.6068172782696869	0.8913029701579462
0.6069170181247608	0.8892672518358101
0.6070167579798348	0.8834869899472989
0.6071164978349086	0.8874292042571645
0.6072162376899826	0.8904449265537647
0.6073159775450565	0.8941960826591412
0.6074157174001305	0.8892940929850016
0.6075154572552043	0.8832089397556344
0.6076151971102782	0.8850329259601653
0.6077149369653522	0.8867951963937352
0.6078146768204261	0.8913489185237872
0.6079144166755	0.8924787220546405
0.6080141565305739	0.8941042489390267
0.6081138963856478	0.8894036260737064
0.6082136362407217	0.8826746524662318
0.6083133760957956	0.8817051499608186
0.6084131159508696	0.8918745506463276
0.6085128558059435	0.883560243790839
0.6086125956610173	0.8838958054210658
0.6087123355160913	0.8859952123881966
0.6088120753711652	0.8849067754102802
0.6089118152262392	0.8859694841504652
0.609011555081313	0.882957519474814
0.6091112949363869	0.8850973233553673
0.6092110347914609	0.8848420892935814
0.6093107746465347	0.8904878702272605
0.6094105145016087	0.8848643734839364
0.6095102543566826	0.8834412940113967
0.6096099942117565	0.8827015093549642
0.6097097340668304	0.894563196198401
0.6098094739219043	0.8847423954954724
0.6099092137769783	0.8942459718025499
0.6100089536320521	0.8932583624401367
0.610108693487126	0.8895173013147422
0.6102084333422	0.8896290722935586
0.6103081731972739	0.8905021518620724
0.6104079130523478	0.8834216814476503
0.6105076529074217	0.8908287112643792
0.6106073927624956	0.8915669412784146
0.6107071326175696	0.8828499550378892
0.6108068724726434	0.8875840363445414
0.6109066123277174	0.8828576185190968
0.6110063521827913	0.8828715561750027
0.6111060920378651	0.894096663997794
0.6112058318929391	0.8899692113038056
0.611305571748013	0.8878560888531162
0.611405311603087	0.8818915375776901
0.6115050514581608	0.8844525907535832
0.6116047913132348	0.8854888146827335
0.6117045311683087	0.88669616063798
0.6118042710233826	0.8832890939091139
0.6119040108784565	0.8898799663565042
0.6120037507335304	0.8939061139401353
0.6121034905886044	0.8853702980438244
0.6122032304436782	0.887502823092886
0.6123029702987521	0.8914231249835453
0.6124027101538261	0.8840518963116534
0.6125024500089	0.8871625950569687
0.6126021898639739	0.8885098897319461
0.6127019297190478	0.8880089533998711
0.6128016695741217	0.8924012645472233
0.6129014094291957	0.8878448145673727
0.6130011492842695	0.8842193631388988
0.6131008891393435	0.8848800847747765
0.6132006289944174	0.8899596266727737
0.6133003688494914	0.8883497453856178
0.6134001087045652	0.8859254335317714
0.6134998485596391	0.8868470977006222
0.6135995884147131	0.8918928253005409
0.613699328269787	0.8900336069461035
0.6137990681248608	0.8893285873987942
0.6138988079799348	0.8867966792031571
0.6139985478350087	0.8921039553945184
0.6140982876900826	0.8922113773310575
0.6141980275451565	0.8889744936668483
0.6142977674002305	0.8842245643860941
0.6143975072553044	0.8924440437866107
0.6144972471103782	0.8850912653256598
0.6145969869654522	0.8872465411440631
0.6146967268205261	0.8865955053846715
0.6147964666756	0.883693837001546
0.6148962065306739	0.8898438803407759
0.6149959463857478	0.8916044807120508
0.6150956862408218	0.887391881661848
0.6151954260958956	0.8887068177338086
0.6152951659509696	0.8901363180914724
0.6153949058060435	0.8915978607140586
0.6154946456611174	0.8943252349296851
0.6155943855161913	0.8856757645662596
0.6156941253712652	0.8880982238255614
0.6157938652263392	0.8864419239016409
0.615893605081413	0.8863674469827598
0.6159933449364869	0.8896699073218702
0.6160930847915609	0.8827630037097971
0.6161928246466348	0.8928072418043963
0.6162925645017087	0.8834683610937001
0.6163923043567826	0.8947312226494127
0.6164920442118565	0.8911614331276402
0.6165917840669305	0.8918214232706724
0.6166915239220043	0.8878603408791632
0.6167912637770783	0.8936622824025976
0.6168910036321522	0.8854871881917652
0.616990743487226	0.8909072370441206
0.6170904833423	0.8889335324156247
0.6171902231973739	0.8882030323871697
0.6172899630524479	0.8930292716709036
0.6173897029075217	0.8931988065798188
0.6174894427625957	0.8920903416164527
0.6175891826176696	0.8933388035589384
0.6176889224727434	0.8928520443915753
0.6177886623278174	0.8877710346472554
0.6178884021828913	0.8836726512236638
0.6179881420379653	0.8880895747457784
0.6180878818930391	0.8899787677597514
0.618187621748113	0.8901761435030476
0.618287361603187	0.8894393069488178
0.6183871014582609	0.8928521972915344
0.6184868413133348	0.8874889814212862
0.6185865811684087	0.8925413913402274
0.6186863210234826	0.881616888610844
0.6187860608785565	0.8932425810726858
0.6188858007336304	0.888449580554538
0.6189855405887044	0.893834072966524
0.6190852804437783	0.8920939759819863
0.6191850202988521	0.8937492489600541
0.6192847601539261	0.8915551255824767
0.619384500009	0.8872818814983164
0.619484239864074	0.8935566255318765
0.6195839797191478	0.8836685485034571
0.6196837195742217	0.8934709688410789
0.6197834594292957	0.889303156136549
0.6198831992843695	0.8833693596269285
0.6199829391394435	0.8815192883406957
0.6200826789945174	0.8868469499716485
0.6201824188495914	0.8892292844605506
0.6202821587046652	0.8902632749481652
0.6203818985597391	0.8927411818102048
0.6204816384148131	0.8845868073255075
0.6205813782698869	0.8842490477535809
0.6206811181249609	0.8941625445569227
0.6207808579800348	0.8835744597425534
0.6208805978351087	0.8857774556438096
0.6209803376901826	0.8837602137561136
0.6210800775452565	0.8928640665626715
0.6211798174003305	0.8856498132229399
0.6212795572554044	0.8840831331700915
0.6213792971104782	0.8876019342312891
0.6214790369655522	0.8932766692683344
0.6215787768206261	0.8925001314428385
0.6216785166757	0.8826028462978343
0.6217782565307739	0.8893637473406377
0.6218779963858478	0.8880007657435189
0.6219777362409218	0.8902441073767507
0.6220774760959956	0.8901784322799114
0.6221772159510696	0.8822473096735284
0.6222769558061435	0.894320277905901
0.6223766956612174	0.8881830418350427
0.6224764355162913	0.89357073187839
0.6225761753713652	0.8873142145348744
0.6226759152264392	0.8827378504679443
0.622775655081513	0.8880670260205032
0.622875394936587	0.8850623621700806
0.6229751347916609	0.8874525799072186
0.6230748746467348	0.8933698221066856
0.6231746145018087	0.894433094620254
0.6232743543568826	0.882145302742643
0.6233740942119566	0.8814671843849652
0.6234738340670304	0.8841536897735057
0.6235735739221043	0.8926082168748778
0.6236733137771783	0.8829464990871304
0.6237730536322522	0.8842076926067973
0.623872793487326	0.8942699726527178
0.6239725333424	0.8906753156881784
0.6240722731974739	0.884934337708115
0.6241720130525479	0.8911692249813908
0.6242717529076217	0.8852929469959308
0.6243714927626957	0.8922716445038491
0.6244712326177696	0.8833311962798979
0.6245709724728434	0.8834034023168793
0.6246707123279174	0.892718897945232
0.6247704521829913	0.8849231901758625
0.6248701920380653	0.8937793363398905
0.6249699318931391	0.8941465724038454
0.625069671748213	0.8851261807571811
0.625169411603287	0.8898644823026003
0.6252691514583609	0.8889561771258137
0.6253688913134348	0.8893678973380176
0.6254686311685087	0.8821220328073732
0.6255683710235826	0.8842050503024622
0.6256681108786565	0.8912713223663223
0.6257678507337304	0.8917546565466002
0.6258675905888044	0.8918743771248648
0.6259673304438783	0.8883095563891406
0.6260670702989521	0.8944873378573496
0.6261668101540261	0.8826865343080864
0.6262665500091	0.8919597921760637
0.6263662898641739	0.8885151573376275
0.6264660297192478	0.8885480068013144
0.6265657695743218	0.8931232616708262
0.6266655094293957	0.883133495454002
0.6267652492844695	0.8860035972049819
0.6268649891395435	0.8931510147409081
0.6269647289946174	0.8925176955365284
0.6270644688496914	0.8815546926605469
0.6271642087047652	0.8822200548282233
0.6272639485598391	0.8823085249260748
0.6273636884149131	0.8935707034718728
0.6274634282699869	0.8839924824218027
0.6275631681250609	0.891091023941958
0.6276629079801348	0.8945396889346235
0.6277626478352087	0.8908367877362213
0.6278623876902826	0.8925783441616493
0.6279621275453565	0.8916100459966252
0.6280618674004305	0.8875942717123412
0.6281616072555044	0.8908945464999758
0.6282613471105782	0.8925087177454847
0.6283610869656522	0.8945487406360811
0.6284608268207261	0.892110971540587
0.6285605666758	0.8868975279425141
0.6286603065308739	0.8932949902124427
0.6287600463859478	0.8914375046269342
0.6288597862410218	0.8821144903066138
0.6289595260960956	0.8919980224838895
0.6290592659511696	0.8909060749524259
0.6291590058062435	0.8943565965081565
0.6292587456613173	0.8900986226102996
0.6293584855163913	0.8863653422776517
0.6294582253714652	0.8876391363450219
0.6295579652265392	0.8821654526683474
0.629657705081613	0.8867039921838423
0.629757444936687	0.8884403333688328
0.6298571847917609	0.8843275139074813
0.6299569246468348	0.8883792912949782
0.6300566645019087	0.8822090196548467
0.6301564043569826	0.8850506048429619
0.6302561442120566	0.8897030990390447
0.6303558840671304	0.8848319150023357
0.6304556239222043	0.8943204400225523
0.6305553637772783	0.8890643270096171
0.6306551036323522	0.8876222899739088
0.630754843487426	0.8844813483783136
0.6308545833425	0.8915188804447078
0.6309543231975739	0.8867031294164601
0.6310540630526478	0.887016740433737
0.6311538029077217	0.8821377527250706
0.6312535427627957	0.8929933315202947
0.6313532826178696	0.8849807687148222
0.6314530224729434	0.883977534251487
0.6315527623280174	0.890709011877742
0.6316525021830913	0.8920775626775862
0.6317522420381653	0.8835768273514059
0.6318519818932391	0.8907917067158602
0.631951721748313	0.8920117454440637
0.632051461603387	0.8839457780066932
0.6321512014584608	0.8841292113654303
0.6322509413135348	0.8901532197085026
0.6323506811686087	0.891510631900135
0.6324504210236827	0.8856953899585426
0.6325501608787565	0.8828030983062768
0.6326499007338304	0.8899645450923738
0.6327496405889044	0.8876706779563786
0.6328493804439783	0.8837065239173016
0.6329491202990521	0.8855804121526614
0.6330488601541261	0.8865716569667259
0.6331486000092	0.8869561308287522
0.6332483398642739	0.8893983067767229
0.6333480797193478	0.8931683243686063
0.6334478195744218	0.8936646554523904
0.6335475594294957	0.8880822081429528
0.6336472992845695	0.8840699924097296
0.6337470391396435	0.8929127924302221
0.6338467789947174	0.8943890896015697
0.6339465188497913	0.8936438039489862
0.6340462587048652	0.8821462404376487
0.6341459985599391	0.8860309058137538
0.6342457384150131	0.8832365517721563
0.6343454782700869	0.8877682238340773
0.6344452181251609	0.8831825493316962
0.6345449579802348	0.8815324084633567
0.6346446978353087	0.8940260572095837
0.6347444376903826	0.8895586688728092
0.6348441775454565	0.8938814135447026
0.6349439174005305	0.8849085703807494
0.6350436572556043	0.8941855191281893
0.6351433971106782	0.8923092238209225
0.6352431369657522	0.8935632717118773
0.6353428768208261	0.8904361010958531
0.6354426166759	0.894647433434619
0.6355423565309739	0.883105437432035
0.6356420963860479	0.8833755048423461
0.6357418362411218	0.8880343191131808
0.6358415760961956	0.8817745842850062
0.6359413159512696	0.8890842280563432
0.6360410558063435	0.890865711788822
0.6361407956614173	0.8857769831489356
0.6362405355164913	0.8872385402860364
0.6363402753715652	0.8946594355915493
0.6364400152266392	0.8846384520390839
0.636539755081713	0.8835707336100467
0.636639494936787	0.8883193330268427
0.6367392347918609	0.8843227758041935
0.6368389746469347	0.8914146016051752
0.6369387145020087	0.8898159785694758
0.6370384543570826	0.8932877915133378
0.6371381942121566	0.8939317714225042
0.6372379340672304	0.8814930753007291
0.6373376739223043	0.8905996625735745
0.6374374137773783	0.8915826660097348
0.6375371536324522	0.8893602849473775
0.6376368934875261	0.8820939940727931
0.6377366333426	0.8831019868918855
0.637836373197674	0.887229805833868
0.6379361130527478	0.8913362494953597
0.6380358529078217	0.882170784201748
0.6381355927628957	0.8873741919038294
0.6382353326179696	0.8836875805087047
0.6383350724730434	0.8838854810546755
0.6384348123281174	0.8827749494073077
0.6385345521831913	0.8917716299424576
0.6386342920382653	0.889489292375459
0.6387340318933391	0.8845166246638799
0.638833771748413	0.8855447555864637
0.638933511603487	0.8876476269926895
0.6390332514585608	0.8815157774765338
0.6391329913136348	0.8941625532723543
0.6392327311687087	0.8921106315959197
0.6393324710237827	0.8831774027399003
0.6394322108788565	0.8888312307038364
0.6395319507339304	0.8926816875090693
0.6396316905890044	0.8870886022439908
0.6397314304440782	0.8926524822856783
0.6398311702991522	0.892820115669535
0.6399309101542261	0.8930208770120392
0.6400306500093	0.8938120077902468
0.6401303898643739	0.8922360180242036
0.6402301297194478	0.8929247274577264
0.6403298695745218	0.8813587682848364
0.6404296094295957	0.8871546439598079
0.6405293492846695	0.8880919205225198
0.6406290891397435	0.8851334175999247
0.6407288289948174	0.8865524428033826
0.6408285688498913	0.8831584489147046
0.6409283087049652	0.8926167770758136
0.6410280485600391	0.883439976232297
0.6411277884151131	0.8814930256545387
0.6412275282701869	0.8915456842684868
0.6413272681252609	0.8899293978571985
0.6414270079803348	0.8942818173693454
0.6415267478354088	0.8814823434118252
0.6416264876904826	0.8943572995619348
0.6417262275455565	0.8877010586966837
0.6418259674006305	0.8934323837476623
0.6419257072557043	0.8942371134192455
0.6420254471107782	0.8938274106141822
0.6421251869658522	0.8862136765784432
0.6422249268209261	0.8822668437244126
0.642324666676	0.8823092906822004
0.6424244065310739	0.8917137308091618
0.6425241463861479	0.8873526371239777
0.6426238862412217	0.8814780076857929
0.6427236260962956	0.8851647094715107
0.6428233659513696	0.8855540917361474
0.6429231058064435	0.8874375026343445
0.6430228456615174	0.8820889349874401
0.6431225855165913	0.8859973029812601
0.6432223253716652	0.8866241474014147
0.6433220652267392	0.8936599805798314
0.643421805081813	0.8914228317886752
0.643521544936887	0.8942942716041447
0.6436212847919609	0.8846472748915228
0.6437210246470347	0.8925134584426025
0.6438207645021087	0.8892356388601619
0.6439205043571826	0.8892796039591083
0.6440202442122566	0.8815620691947175
0.6441199840673304	0.8819769015802823
0.6442197239224043	0.8918865362123468
0.6443194637774783	0.8816939315024629
0.6444192036325522	0.8865000185763401
0.6445189434876261	0.8931295033556098
0.6446186833427	0.8887754806690624
0.644718423197774	0.8862495813255977
0.6448181630528478	0.8876684021126388
0.6449179029079217	0.8829966847833581
0.6450176427629957	0.8915330770564492
0.6451173826180696	0.8872684700872913
0.6452171224731434	0.8826614465815462
0.6453168623282174	0.8904925483443284
0.6454166021832913	0.8924274951626637
0.6455163420383652	0.8873181114299326
0.6456160818934391	0.8890091277438488
0.645715821748513	0.8924630324354287
0.645815561603587	0.8839502481153447
0.6459153014586608	0.8930514213761844
0.6460150413137348	0.8922114265930312
0.6461147811688087	0.8826678210269028
0.6462145210238827	0.8933321228427479
0.6463142608789565	0.8883258941635266
0.6464140007340304	0.8872896500480604
0.6465137405891044	0.8918776034309349
0.6466134804441783	0.8894531709823099
0.6467132202992522	0.8945860861547297
0.6468129601543261	0.8898221026581679
0.6469127000094	0.8945685767050654
0.6470124398644739	0.8867916200384757
0.6471121797195478	0.8828706334151136
0.6472119195746218	0.8920863694406849
0.6473116594296957	0.8840135762763341
0.6474113992847695	0.8832664581545137
0.6475111391398435	0.8813801733394055
0.6476108789949174	0.883557824039225
0.6477106188499913	0.8814521408960091
0.6478103587050652	0.8904924800881932
0.6479100985601391	0.8935123979451528
0.6480098384152131	0.8909649602954792
0.6481095782702869	0.8885764181343989
0.6482093181253609	0.8825720795051277
0.6483090579804348	0.8875625449568636
0.6484087978355086	0.8872292345741019
0.6485085376905826	0.8874608097247276
0.6486082775456565	0.8910844056769791
0.6487080174007305	0.8858898059137679
0.6488077572558043	0.8901103378385553
0.6489074971108783	0.8883919110319142
0.6490072369659522	0.8817437601879984
0.6491069768210261	0.8943593343098607
0.6492067166761	0.8872848298764112
0.6493064565311739	0.8915031247528221
0.6494061963862479	0.885407224504644
0.6495059362413218	0.8859841949054582
0.6496056760963956	0.8938323331288255
0.6497054159514696	0.8914929534921474
0.6498051558065435	0.8862962131721482
0.6499048956616174	0.8877185659543427
0.6500046355166913	0.8817741575769499
0.6501043753717652	0.8822507854558835
0.6502041152268392	0.8942822361157406
0.650303855081913	0.8907222720999072
0.650403594936987	0.8901274847428104
0.6505033347920609	0.8927066726873878
0.6506030746471347	0.8830491156354217
0.6507028145022087	0.8872946980976372
0.6508025543572826	0.8913312662531822
0.6509022942123566	0.8863622848250529
0.6510020340674304	0.8846299499400859
0.6511017739225043	0.8898052625007045
0.6512015137775783	0.8837279966702228
0.6513012536326521	0.8822494891814014
0.6514009934877261	0.8871450128738295
0.6515007333428	0.8915141021978301
0.651600473197874	0.886647059235587
0.6517002130529478	0.8874631494120869
0.6517999529080217	0.8907612496267988
0.6518996927630957	0.8866330478207302
0.6519994326181696	0.8897569652040928
0.6520991724732434	0.8922779927855958
0.6521989123283174	0.8907771572662022
0.6522986521833913	0.890562618835807
0.6523983920384653	0.8900127715685733
0.6524981318935391	0.8926570443848435
0.6525978717486131	0.8879328916657954
0.652697611603687	0.8927660354647048
0.6527973514587608	0.8850571271179485
0.6528970913138348	0.8936583655819785
0.6529968311689087	0.8916620840991806
0.6530965710239827	0.8822829757522915
0.6531963108790565	0.8896824106905127
0.6532960507341304	0.8861643965156354
0.6533957905892044	0.8892029883171515
0.6534955304442782	0.8912766540914631
0.6535952702993522	0.8864283360483767
0.6536950101544261	0.8855909606853652
0.6537947500095	0.882911593778263
0.6538944898645739	0.8827482692561988
0.6539942297196478	0.8901387058582142
0.6540939695747218	0.8896883333761785
0.6541937094297956	0.8906132309163977
0.6542934492848695	0.8937480537784545
0.6543931891399435	0.8864800400571805
0.6544929289950174	0.8913226703813182
0.6545926688500913	0.883748166271516
0.6546924087051652	0.8846162145058394
0.6547921485602392	0.8905967500147263
0.6548918884153131	0.8871174139900857
0.6549916282703869	0.8924283546736206
0.6550913681254609	0.8858731383724129
0.6551911079805348	0.8924056867178362
0.6552908478356088	0.8916610204256666
0.6553905876906826	0.8832353363184529
0.6554903275457565	0.892644455418413
0.6555900674008305	0.8850260153986506
0.6556898072559043	0.8910352272589248
0.6557895471109783	0.8867966258089239
0.6558892869660522	0.8832668286362775
0.6559890268211261	0.8871168121359795
0.6560887666762	0.8897328719398213
0.6561885065312739	0.8817327826302656
0.6562882463863479	0.8873609304116019
0.6563879862414217	0.8860149459046104
0.6564877260964956	0.8836098440189617
0.6565874659515696	0.8937192781817589
0.6566872058066435	0.8906290223782017
0.6567869456617174	0.8858141665570798
0.6568866855167913	0.8859231536693599
0.6569864253718652	0.8931207337480324
0.6570861652269391	0.8845370233226537
0.657185905082013	0.8911676147039392
0.657285644937087	0.8938343455701846
0.6573853847921609	0.8945615759664312
0.6574851246472347	0.8904299792173147
0.6575848645023087	0.8886492718087075
0.6576846043573826	0.8848269890945981
0.6577843442124566	0.8849582298058185
0.6578840840675304	0.8890807650294484
0.6579838239226043	0.8921792716956095
0.6580835637776783	0.8925530572334462
0.6581833036327522	0.8926754577869471
0.6582830434878261	0.8815514850413886
0.6583827833429	0.8842557463665874
0.658482523197974	0.8835198933711954
0.6585822630530478	0.8815087233919344
0.6586820029081217	0.8827608040691981
0.6587817427631957	0.8864490682276656
0.6588814826182696	0.8835725880575946
0.6589812224733435	0.8855287181344335
0.6590809623284174	0.887843509598474
0.6591807021834913	0.8856809462059991
0.6592804420385652	0.8881391628578029
0.6593801818936391	0.8900674692679904
0.6594799217487131	0.8847775814799222
0.659579661603787	0.8856856672899287
0.6596794014588608	0.8836567739371844
0.6597791413139348	0.8936969590049902
0.6598788811690087	0.8873465848800063
0.6599786210240826	0.8914874351035587
0.6600783608791565	0.8907661561507949
0.6601781007342304	0.8889138232690103
0.6602778405893044	0.8936083300656845
0.6603775804443782	0.8818384822182759
0.6604773202994522	0.8876904008869831
0.6605770601545261	0.8846449582822019
0.6606768000096	0.8891050545873397
0.6607765398646739	0.8833792435364817
0.6608762797197478	0.8906367471285936
0.6609760195748218	0.8900852210356026
0.6610757594298957	0.8870286808176086
0.6611754992849695	0.89221529826074
0.6612752391400435	0.8821015948760191
0.6613749789951174	0.8857771829593794
0.6614747188501913	0.8849892513494985
0.6615744587052652	0.8925830339827566
0.6616741985603392	0.8869933359810802
0.6617739384154131	0.8913537562452087
0.6618736782704869	0.8931989125173826
0.6619734181255609	0.8899568341086019
0.6620731579806348	0.8895507839754013
0.6621728978357087	0.8893517018787606
0.6622726376907826	0.8871818938544964
0.6623723775458565	0.8892207559295643
0.6624721174009305	0.8869956464002299
0.6625718572560043	0.8909606715237582
0.6626715971110783	0.8847482884826291
0.6627713369661522	0.8846581170015234
0.662871076821226	0.8858178539680606
0.6629708166763	0.8907919347061574
0.6630705565313739	0.886350376806557
0.6631702963864479	0.8842154431810471
0.6632700362415217	0.8863627851708882
0.6633697760965956	0.8931002258930508
0.6634695159516696	0.8931999161239897
0.6635692558067435	0.8902305185639476
0.6636689956618174	0.8844605640307956
0.6637687355168913	0.8941929073894771
0.6638684753719652	0.888513774188734
0.6639682152270392	0.8896665495283819
0.664067955082113	0.8896151963065175
0.664167694937187	0.8813642843004025
0.6642674347922609	0.8910202387981002
0.6643671746473349	0.884679518744243
0.6644669145024087	0.8899458700460556
0.6645666543574826	0.8835025571187025
0.6646663942125566	0.8831232815821507
0.6647661340676305	0.8868769149325376
0.6648658739227044	0.8904057341372541
0.6649656137777783	0.89222488196823
0.6650653536328522	0.883224742164825
0.6651650934879261	0.8927162958751045
0.665264833343	0.893963200412199
0.665364573198074	0.8815461478481257
0.6654643130531479	0.8855269250345749
0.6655640529082217	0.8862808791733704
0.6656637927632957	0.8899813685278303
0.6657635326183696	0.8932817803218758
0.6658632724734435	0.893211926342678
0.6659630123285174	0.8876939460228858
0.6660627521835913	0.8918656312091093
0.6661624920386653	0.8874714600914793
0.6662622318937391	0.8929370978819091
0.6663619717488131	0.8905652526912013
0.666461711603887	0.8923991824324318
0.666561451458961	0.8867833079470294
0.6666611913140348	0.8819120652259756
0.6667609311691087	0.887159249402455
0.6668606710241827	0.8853443257597374
0.6669604108792565	0.8817084225094564
0.6670601507343304	0.8812245992929204
0.6671598905894044	0.8926730165829883
0.6672596304444783	0.8881231383466829
0.6673593702995522	0.8825364078222713
0.6674591101546261	0.8822864459148234
0.6675588500097	0.8848126472520385
0.667658589864774	0.887954133397038
0.6677583297198478	0.8901317377969926
0.6678580695749218	0.8906418345289572
0.6679578094299957	0.8816782840256288
0.6680575492850696	0.8939704065535501
0.6681572891401435	0.8927432988895695
0.6682570289952174	0.8925991809312182
0.6683567688502914	0.88446074507368
0.6684565087053652	0.887555995818535
0.6685562485604392	0.8830935139460983
0.6686559884155131	0.8897050169529849
0.6687557282705869	0.887636849775925
0.6688554681256609	0.894153323569597
0.6689552079807348	0.885920645638852
0.6690549478358088	0.8851422213159454
0.6691546876908826	0.8933096247089849
0.6692544275459565	0.8922596989261049
0.6693541674010305	0.8932709762988414
0.6694539072561044	0.8922932533190608
0.6695536471111783	0.8879777191829149
0.6696533869662522	0.8812537289468075
0.6697531268213262	0.882139946652933
0.6698528666764	0.8832335613304013
0.6699526065314739	0.8916122522128154
0.6700523463865479	0.8878401426357482
0.6701520862416218	0.8855321258677328
0.6702518260966956	0.8936838692985691
0.6703515659517696	0.8906863299708332
0.6704513058068435	0.8894480944612345
0.6705510456619175	0.8942082547871891
0.6706507855169913	0.8833595031042887
0.6707505253720653	0.893726954159637
0.6708502652271392	0.8926956996825434
0.670950005082213	0.8825367093823667
0.671049744937287	0.881655683662519
0.6711494847923609	0.8918718895318294
0.6712492246474349	0.8855878710778353
0.6713489645025087	0.8834116924687766
0.6714487043575826	0.8886745086613069
0.6715484442126566	0.8912356921676524
0.6716481840677304	0.8845259883846831
0.6717479239228044	0.8888325708783306
0.6718476637778783	0.8907469539250016
0.6719474036329522	0.8910295159046144
0.6720471434880261	0.8864829639547187
0.6721468833431	0.8871246478448176
0.672246623198174	0.8916500373138211
0.6723463630532479	0.8899574921831157
0.6724461029083217	0.8925180604947763
0.6725458427633957	0.8869473775489202
0.6726455826184696	0.8851597900610173
0.6727453224735435	0.886312594823521
0.6728450623286174	0.8921495884193105
0.6729448021836913	0.8865795780427315
0.6730445420387653	0.8870746062911848
0.6731442818938391	0.8843148602009779
0.6732440217489131	0.8867287216250135
0.673343761603987	0.8923455807793453
0.673443501459061	0.8892157819904887
0.6735432413141348	0.8894232642909364
0.6736429811692087	0.8829146447876391
0.6737427210242827	0.8812262937391656
0.6738424608793565	0.8880788771268234
0.6739422007344305	0.8836373079099354
0.6740419405895044	0.8909407295194899
0.6741416804445783	0.8908362910951071
0.6742414202996522	0.884835742475337
0.6743411601547261	0.8890121570267154
0.6744409000098001	0.8834626558053834
0.6745406398648739	0.8816670851078792
0.6746403797199478	0.8862040816478483
0.6747401195750218	0.8829386256976253
0.6748398594300957	0.8846962620986548
0.6749395992851696	0.8930164592217672
0.6750393391402435	0.8929997404016374
0.6751390789953174	0.8863765819072228
0.6752388188503914	0.884186459020954
0.6753385587054652	0.8847770111362667
0.6754382985605392	0.8824479951308589
0.6755380384156131	0.8932189601979086
0.6756377782706869	0.8845097018232164
0.6757375181257609	0.8917701304010198
0.6758372579808348	0.8879545918529455
0.6759369978359088	0.8883988656397223
0.6760367376909826	0.8905607323107373
0.6761364775460565	0.8855858121460275
0.6762362174011305	0.8836881595540224
0.6763359572562044	0.890370484394712
0.6764356971112783	0.8901482857723764
0.6765354369663522	0.8868050076142215
0.6766351768214262	0.8891371543774208
0.6767349166765	0.8829175884110682
0.6768346565315739	0.8863300686375776
0.6769343963866479	0.8875262259447237
0.6770341362417218	0.8897021980758083
0.6771338760967957	0.8851895737770858
0.6772336159518696	0.8812056840795857
0.6773333558069435	0.8874511468272006
0.6774330956620174	0.8818629276528389
0.6775328355170913	0.8884401003847918
0.6776325753721653	0.8854208074996314
0.6777323152272392	0.8925492187780166
0.677832055082313	0.8931025573151101
0.677931794937387	0.8900474500133964
0.6780315347924609	0.893285795063449
0.6781312746475349	0.8855160022150497
0.6782310145026087	0.8818247842242333
0.6783307543576826	0.8854731945831509
0.6784304942127566	0.8851520682980246
0.6785302340678304	0.88698365604794
0.6786299739229044	0.8935684805620732
0.6787297137779783	0.8827232930716281
0.6788294536330522	0.883129047692572
0.6789291934881261	0.8862441842538542
0.6790289333432	0.882175395247236
0.679128673198274	0.8932627015329602
0.6792284130533479	0.8930918261956048
0.6793281529084217	0.8825363747676293
0.6794278927634957	0.8938469855364669
0.6795276326185696	0.8903313771539951
0.6796273724736435	0.8935035007824892
0.6797271123287174	0.8834555081164904
0.6798268521837914	0.8926789975562105
0.6799265920388653	0.8872515147550696
0.6800263318939391	0.8856516772862445
0.6801260717490131	0.8883556659655172
0.680225811604087	0.8836003063739614
0.6803255514591608	0.890404931792767
0.6804252913142348	0.8890794883090279
0.6805250311693087	0.8856924445550349
0.6806247710243827	0.894157936005167
0.6807245108794565	0.8890453945474317
0.6808242507345305	0.8938345966524619
0.6809239905896044	0.8853680122607329
0.6810237304446783	0.8927526284206747
0.6811234702997522	0.8858602517763907
0.6812232101548261	0.8851961558233001
0.6813229500099001	0.8914295800644619
0.6814226898649739	0.8902159337291157
0.6815224297200478	0.8829164864147901
0.6816221695751218	0.8812223109661772
0.6817219094301957	0.8843368917740755
0.6818216492852696	0.8909820330796241
0.6819213891403435	0.8850364324110389
0.6820211289954174	0.8843248240791943
0.6821208688504914	0.8844643296485235
0.6822206087055652	0.8827499299688542
0.6823203485606392	0.8845376030961578
0.6824200884157131	0.8892164259642703
0.6825198282707869	0.8867434145178822
0.6826195681258609	0.8831137280927984
0.6827193079809348	0.8941880853900616
0.6828190478360088	0.8893717714751975
0.6829187876910826	0.893609584568431
0.6830185275461566	0.8901307915429849
0.6831182674012305	0.8887352773636287
0.6832180072563043	0.884875587179677
0.6833177471113783	0.8835064720044957
0.6834174869664522	0.8861939810622684
0.6835172268215262	0.887052865252106
0.6836169666766	0.8818380016172206
0.6837167065316739	0.8874048279872385
0.6838164463867479	0.8915455043259769
0.6839161862418218	0.8906166502899614
0.6840159260968957	0.8922526370980453
0.6841156659519696	0.8821053216613799
0.6842154058070435	0.8913135438316679
0.6843151456621174	0.8818604268638514
0.6844148855171913	0.8915331849355272
0.6845146253722653	0.8927574456525199
0.6846143652273392	0.8889280605116107
0.684714105082413	0.8837313148371188
0.684813844937487	0.8915684511629006
0.6849135847925609	0.8895266103283875
0.6850133246476349	0.8854681538239828
0.6851130645027087	0.8836841890375583
0.6852128043577826	0.8869631229316804
0.6853125442128566	0.8828228341753255
0.6854122840679304	0.8935362120656278
0.6855120239230044	0.8831241832817935
0.6856117637780783	0.8855402294299072
0.6857115036331523	0.8886775685066832
0.6858112434882261	0.8897639332839312
0.6859109833433	0.8854619918955532
0.686010723198374	0.8878127978846986
0.6861104630534478	0.8842516441211867
0.6862102029085217	0.8853291361318035
0.6863099427635957	0.8837395810306652
0.6864096826186696	0.888372500745484
0.6865094224737435	0.8836762398191625
0.6866091623288174	0.8817979482221138
0.6867089021838914	0.884444270006864
0.6868086420389653	0.8941117222813075
0.6869083818940391	0.887380909713113
0.6870081217491131	0.8903864956527966
0.687107861604187	0.8858615351843565
0.6872076014592609	0.8868097075226751
0.6873073413143348	0.8835889968862793
0.6874070811694087	0.8862561099943308
0.6875068210244827	0.8910530740476311
0.6876065608795565	0.8883863637803309
0.6877063007346305	0.882028496147583
0.6878060405897044	0.8852103491610155
0.6879057804447783	0.8858267287149921
0.6880055202998522	0.8824295064982359
0.6881052601549261	0.8872118165917163
0.6882050000100001	0.8937997625351398
0.6883047398650739	0.8893606202078166
0.6884044797201478	0.8872391375825921
0.6885042195752218	0.8817810390376378
0.6886039594302957	0.8935511623521225
0.6887036992853696	0.8939746314023329
0.6888034391404435	0.8879124722916253
0.6889031789955175	0.8840384723386868
0.6890029188505913	0.8942782001763503
0.6891026587056652	0.8847946697388978
0.6892023985607392	0.8839231245626833
0.6893021384158131	0.8909936766697107
0.689401878270887	0.8852252721106226
0.6895016181259609	0.8939358137351894
0.6896013579810348	0.89068916048553
0.6897010978361088	0.8847951949808129
0.6898008376911826	0.8860582312861786
0.6899005775462566	0.8868763851797387
0.6900003174013305	0.8824100625909052
0.6901000572564043	0.8889551371316123
0.6901997971114783	0.8937810113180137
0.6902995369665522	0.8930404506761705
0.6903992768216262	0.8828513145637812
0.6904990166767	0.8925045269399255
0.6905987565317739	0.8922154426465775
0.6906984963868479	0.8851031669213593
0.6907982362419218	0.8819518270445342
0.6908979760969957	0.8825942871606967
0.6909977159520696	0.8862235430618789
0.6910974558071435	0.8829410071289135
0.6911971956622174	0.8862512033547439
0.6912969355172913	0.8892249799211255
0.6913966753723653	0.889491390622488
0.6914964152274392	0.8913907681166178
0.691596155082513	0.8858536364021486
0.691695894937587	0.8934348612623548
0.6917956347926609	0.8833555539055745
0.6918953746477348	0.8877427140228582
0.6919951145028087	0.8834717036823277
0.6920948543578826	0.8825660301040202
0.6921945942129566	0.8941665283362061
0.6922943340680304	0.8901020271089848
0.6923940739231044	0.8909794523574472
0.6924938137781783	0.8864753515381901
0.6925935536332523	0.8827116935335751
0.6926932934883261	0.8924631069373516
0.6927930333434	0.8886011732964316
0.692892773198474	0.8920070000206298
0.6929925130535478	0.8884008414274841
0.6930922529086218	0.8867038990612851
0.6931919927636957	0.8866273850088026
0.6932917326187696	0.8922638006017005
0.6933914724738435	0.8915321844133423
0.6934912123289174	0.8941461047373559
0.6935909521839914	0.8814376446832585
0.6936906920390653	0.8857564783814154
0.6937904318941391	0.884813085354091
0.6938901717492131	0.8842027677598027
0.693989911604287	0.8901169817408829
0.6940896514593609	0.8916557774969696
0.6941893913144348	0.8866667118190689
0.6942891311695087	0.886656675836009
0.6943888710245827	0.8848723930549264
0.6944886108796565	0.8860023695985895
0.6945883507347305	0.8863899059170794
0.6946880905898044	0.882243087979425
0.6947878304448782	0.8821144158733013
0.6948875702999522	0.8812703628160167
0.6949873101550261	0.8942977892343672
0.6950870500101001	0.8868747920730329
0.6951867898651739	0.8831056616519889
0.6952865297202478	0.8908367097656278
0.6953862695753218	0.8861994571199973
0.6954860094303957	0.8880590158457691
0.6955857492854696	0.8940078098632327
0.6956854891405435	0.8888324709739484
0.6957852289956175	0.8825964970766829
0.6958849688506913	0.8940368756842665
0.6959847087057652	0.8884617218346024
0.6960844485608392	0.8898487059984975
0.6961841884159131	0.8938780113987754
0.696283928270987	0.881584528151883
0.6963836681260609	0.8851146112391208
0.6964834079811348	0.8913109757528587
0.6965831478362088	0.8825577799556941
0.6966828876912826	0.8904804429125049
0.6967826275463566	0.8868677519088158
0.6968823674014305	0.890276926014884
0.6969821072565043	0.8883775244287596
0.6970818471115783	0.8921327115539872
0.6971815869666522	0.8879123296416314
0.6972813268217262	0.8832789581961862
0.6973810666768	0.8824353551832662
0.6974808065318739	0.8861107476442275
0.6975805463869479	0.8860695498807643
0.6976802862420217	0.8862076435806976
0.6977800260970957	0.8938284716554485
0.6978797659521696	0.8884032700413387
0.6979795058072435	0.886343523707048
0.6980792456623174	0.8895853274343429
0.6981789855173913	0.8877471797335307
0.6982787253724653	0.8895145046816005
0.6983784652275392	0.8913055435874463
0.698478205082613	0.891402023035017
0.698577944937687	0.8940259667193529
0.6986776847927609	0.8882827099245661
0.6987774246478348	0.8827791354303978
0.6988771645029087	0.893372505849154
0.6989769043579827	0.8834349812290966
0.6990766442130566	0.8840059334523771
0.6991763840681304	0.892266413157301
0.6992761239232044	0.88401563238319
0.6993758637782783	0.8930953099433013
0.6994756036333523	0.89282920650396
0.6995753434884261	0.8901639826498076
0.6996750833435	0.8917998234980005
0.699774823198574	0.8923269196149424
0.6998745630536478	0.8875008009556757
0.6999743029087218	0.8822414662442816
0.7000740427637957	0.8838575737514
0.7001737826188696	0.8902238227537175
0.7002735224739435	0.8885642020413012
0.7003732623290174	0.8932590636897378
0.7004730021840914	0.889809897158536
0.7005727420391652	0.892604986497951
0.7006724818942391	0.8832637926910155
0.7007722217493131	0.8910304956276004
0.700871961604387	0.8845379290237764
0.7009717014594609	0.8885682813848327
0.7010714413145348	0.8920892845412953
0.7011711811696087	0.8892840737745109
0.7012709210246827	0.8894868656159886
0.7013706608797565	0.8934919497403964
0.7014704007348305	0.8822823482078044
0.7015701405899044	0.8905038479351505
0.7016698804449782	0.8828327783538552
0.7017696203000522	0.8889613651447149
0.7018693601551261	0.8926064218971438
0.7019691000102001	0.8867288048293293
0.7020688398652739	0.8901888327374846
0.7021685797203479	0.8874965355647082
0.7022683195754218	0.8881597284164081
0.7023680594304957	0.8897906058957413
0.7024677992855696	0.8868971593244191
0.7025675391406435	0.8862593986978966
0.7026672789957175	0.8871632241779704
0.7027670188507913	0.8918618291493376
0.7028667587058652	0.8855462709677936
0.7029664985609392	0.891032070637584
0.7030662384160131	0.8934690148308241
0.703165978271087	0.8852152626119383
0.7032657181261609	0.8843362670642411
0.7033654579812348	0.8833667282214179
0.7034651978363087	0.8884194649214783
0.7035649376913826	0.8920176882676388
0.7036646775464566	0.8905108921089081
0.7037644174015305	0.8864577322963423
0.7038641572566043	0.890386943677064
0.7039638971116783	0.8811455779489995
0.7040636369667522	0.8886745778432131
0.7041633768218262	0.8893219103636597
0.7042631166769	0.8922934901329982
0.704362856531974	0.8820331289682674
0.7044625963870479	0.8901961918139991
0.7045623362421217	0.8927445879955708
0.7046620760971957	0.8815529970801028
0.7047618159522696	0.8825654529980544
0.7048615558073436	0.8871765843693861
0.7049612956624174	0.8860494066226842
0.7050610355174913	0.8854649699024483
0.7051607753725653	0.8818724666284342
0.7052605152276392	0.8814976496024657
0.705360255082713	0.8858047582469211
0.705459994937787	0.893352804181575
0.7055597347928609	0.8913171343804482
0.7056594746479348	0.8930492106251073
0.7057592145030087	0.8897358008806734
0.7058589543580827	0.8827330686932555
0.7059586942131566	0.8814561470844317
0.7060584340682304	0.8936448913122582
0.7061581739233044	0.8883128068751007
0.7062579137783783	0.8818303010390888
0.7063576536334522	0.8812196626563878
0.7064573934885261	0.883509723493178
0.7065571333436	0.8867676394337973
0.706656873198674	0.8815842844827848
0.7067566130537478	0.8936511045068675
0.7068563529088218	0.8863185277463135
0.7069560927638957	0.8829104812514291
0.7070558326189696	0.8834351504030253
0.7071555724740435	0.8814823187950724
0.7072553123291174	0.8829313536522967
0.7073550521841914	0.8937784905955822
0.7074547920392652	0.881078853878117
0.7075545318943391	0.8842588679622824
0.7076542717494131	0.8839146762254577
0.707754011604487	0.8844945655823968
0.7078537514595609	0.8893694224943083
0.7079534913146348	0.8919696726086609
0.7080532311697088	0.8826434304726954
0.7081529710247827	0.8891750802346275
0.7082527108798565	0.8839238317573115
0.7083524507349305	0.8883568919151803
0.7084521905900044	0.8914832399209978
0.7085519304450782	0.8891926907562867
0.7086516703001522	0.892353279077048
0.7087514101552261	0.8870079914359865
0.7088511500103001	0.8869126931870158
0.7089508898653739	0.8834270326959631
0.7090506297204479	0.8927174237277422
0.7091503695755218	0.8881579742969549
0.7092501094305956	0.8874589695165122
0.7093498492856696	0.8840971858552384
0.7094495891407435	0.8927126522482534
0.7095493289958175	0.888034054693501
0.7096490688508913	0.8934614926376454
0.7097488087059652	0.8927764620347648
0.7098485485610392	0.8885520551826603
0.7099482884161131	0.8890305292143339
0.710048028271187	0.8918499534719301
0.7101477681262609	0.8826184566392381
0.7102475079813348	0.8825062223574452
0.7103472478364087	0.8881624523870755
0.7104469876914826	0.8882502333322722
0.7105467275465566	0.8925054233872637
0.7106464674016305	0.882968272198448
0.7107462072567043	0.8816262959219686
0.7108459471117783	0.8938867115761128
0.7109456869668522	0.8904868858902154
0.7110454268219262	0.8893195034401973
0.711145166677	0.8837447200560339
0.711244906532074	0.8931634838794135
0.7113446463871479	0.8928899406265585
0.7114443862422217	0.8850914531150663
0.7115441260972957	0.8834382937756609
0.7116438659523696	0.8928581037194516
0.7117436058074436	0.8877600263132613
0.7118433456625174	0.8917126306413528
0.7119430855175913	0.8919073900082632
0.7120428253726653	0.8862583531119493
0.7121425652277391	0.8925952704809165
0.712242305082813	0.8866800056852944
0.712342044937887	0.888524353699885
0.7124417847929609	0.884426846790343
0.7125415246480348	0.8869880083971889
0.7126412645031087	0.8896682418485523
0.7127410043581827	0.8868987559910616
0.7128407442132566	0.8827729742532715
0.7129404840683304	0.8883601882375924
0.7130402239234044	0.8911282090782658
0.7131399637784783	0.8930490210555648
0.7132397036335522	0.8878278902391368
0.7133394434886261	0.891591384118073
0.7134391833437	0.885595484569887
0.713538923198774	0.8914748215530239
0.7136386630538478	0.8816639054743193
0.7137384029089218	0.8933820685621949
0.7138381427639957	0.8846998322145265
0.7139378826190697	0.8914954629871117
0.7140376224741435	0.8849623391039628
0.7141373623292174	0.8826472316346684
0.7142371021842914	0.8878283765406313
0.7143368420393652	0.8916186713148506
0.7144365818944391	0.8891078287996902
0.7145363217495131	0.8937030124308374
0.714636061604587	0.8906734129251903
0.7147358014596609	0.8868868028246284
0.7148355413147348	0.8824334124835855
0.7149352811698086	0.8933029597099463
0.7150350210248826	0.8914660812132578
0.7151347608799564	0.8882093016620123
0.7152345007350304	0.8839588230039095
0.7153342405901043	0.8848202865254041
0.7154339804451783	0.8842835447872395
0.7155337203002521	0.8829877867214716
0.715633460155326	0.8920260787800771
0.7157332000104	0.8912030288712482
0.7158329398654739	0.8817526884271565
0.7159326797205477	0.8811068518220104
0.7160324195756217	0.8878647232670505
0.7161321594306956	0.8932551064110387
0.7162318992857695	0.8909162081637174
0.7163316391408434	0.8938342329933029
0.7164313789959174	0.891231593938761
0.7165311188509913	0.8901275017022386
0.7166308587060651	0.8868593054830354
0.7167305985611391	0.8856132776017549
0.716830338416213	0.8904757240537866
0.7169300782712869	0.8891597714744461
0.7170298181263608	0.8850259392472547
0.7171295579814347	0.8811209912555862
0.7172292978365087	0.8929239549071213
0.7173290376915825	0.889487711491232
0.7174287775466565	0.8905650592559414
0.7175285174017304	0.8878751636494524
0.7176282572568043	0.8845182390648365
0.7177279971118782	0.8903998754896684
0.7178277369669521	0.8930224090942779
0.7179274768220261	0.8941876116790551
0.7180272166770999	0.8829592073407098
0.7181269565321738	0.8822235653476884
0.7182266963872478	0.8911079366612125
0.7183264362423217	0.8817516414149258
0.7184261760973956	0.8848292301234568
0.7185259159524695	0.886307186572656
0.7186256558075435	0.8909583365495788
0.7187253956626174	0.8881349096238477
0.7188251355176912	0.8937659732592157
0.7189248753727652	0.8818091041417729
0.7190246152278391	0.8934516763467655
0.719124355082913	0.8877711640138065
0.7192240949379869	0.8888119686745344
0.7193238347930608	0.8859430797292158
0.7194235746481348	0.8918381075857715
0.7195233145032086	0.8931459849035691
0.7196230543582826	0.8846832165366578
0.7197227942133565	0.8891579958972182
0.7198225340684303	0.8925862394364446
0.7199222739235043	0.8870466035460463
0.7200220137785782	0.8851536620959805
0.7201217536336522	0.8843754311312553
0.720221493488726	0.8809523949915995
0.7203212333437999	0.8823409637435823
0.7204209731988739	0.893158635558023
0.7205207130539478	0.8859421337817763
0.7206204529090217	0.8873125189914598
0.7207201927640956	0.8815345219826084
0.7208199326191695	0.8929174507847194
0.7209196724742434	0.883275563839305
0.7210194123293173	0.892504859538663
0.7211191521843913	0.8833547652501759
0.7212188920394652	0.8876475377395774
0.721318631894539	0.8874660167256713
0.721418371749613	0.8912565334458326
0.7215181116046869	0.8856242893206618
0.7216178514597609	0.8822250322685851
0.7217175913148347	0.8933796950123678
0.7218173311699086	0.8858235453755878
0.7219170710249826	0.8859104399055578
0.7220168108800564	0.8898185813757806
0.7221165507351304	0.8935968641297788
0.7222162905902043	0.883812984392163
0.7223160304452783	0.8890425337141004
0.7224157703003521	0.8855960592168842
0.722515510155426	0.8894846934272529
0.7226152500105	0.8934802876650293
0.7227149898655738	0.8915886788443325
0.7228147297206478	0.8838233349192959
0.7229144695757217	0.8829491414115163
0.7230142094307956	0.8854193662135571
0.7231139492858695	0.8884148745434782
0.7232136891409434	0.8841134313879047
0.7233134289960174	0.8915830422587818
0.7234131688510913	0.8831186475132307
0.7235129087061651	0.8837989756177795
0.7236126485612391	0.8853603514299946
0.723712388416313	0.8875242514759629
0.7238121282713869	0.8829719230341551
0.7239118681264608	0.8887504738550324
0.7240116079815347	0.8856503914724582
0.7241113478366087	0.8924499107073011
0.7242110876916825	0.8884903737270206
0.7243108275467565	0.883279834315247
0.7244105674018304	0.8876081299307244
0.7245103072569044	0.8818434637037013
0.7246100471119782	0.882537840500435
0.7247097869670521	0.8818103417764426
0.7248095268221261	0.8821099850463102
0.7249092666771999	0.8909601820760105
0.7250090065322738	0.8820545608475591
0.7251087463873478	0.8856179265833639
0.7252084862424217	0.8851859980599496
0.7253082260974956	0.8813754404469705
0.7254079659525695	0.8935352383968308
0.7255077058076435	0.8939625706785362
0.7256074456627173	0.8871039505057482
0.7257071855177912	0.8865292181217859
0.7258069253728652	0.8905293493587365
0.7259066652279391	0.8890945295728179
0.726006405083013	0.8935045840311978
0.7261061449380869	0.8846215673020704
0.7262058847931608	0.8935159531513273
0.7263056246482348	0.8834106530777688
0.7264053645033086	0.8891093476947817
0.7265051043583826	0.8852489770410662
0.7266048442134565	0.8901547783546716
0.7267045840685303	0.8830247139909688
0.7268043239236043	0.8919606655175764
0.7269040637786782	0.8941127476395836
0.7270038036337522	0.8829197800580909
0.727103543488826	0.8929569147440689
0.7272032833438999	0.8919320657195079
0.7273030231989739	0.8862012735761058
0.7274027630540478	0.8845993676415106
0.7275025029091217	0.8931052384814654
0.7276022427641956	0.8869418028390189
0.7277019826192695	0.8886305058578325
0.7278017224743434	0.8818197510889363
0.7279014623294173	0.8847539759732495
0.7280012021844913	0.8833893747821854
0.7281009420395652	0.8935799714504971
0.728200681894639	0.8876911834598122
0.728300421749713	0.8842736357310894
0.7284001616047869	0.890649649637869
0.7284999014598608	0.8908096081362546
0.7285996413149347	0.8935886049801695
0.7286993811700087	0.8833699888816814
0.7287991210250826	0.888009716028508
0.7288988608801564	0.8930310929116104
0.7289986007352304	0.8857101475311987
0.7290983405903043	0.8939477455084083
0.7291980804453783	0.8838892497716955
0.7292978203004521	0.8844539938226997
0.729397560155526	0.886144556527805
0.7294973000106	0.8812217223048019
0.7295970398656738	0.8829512133836876
0.7296967797207478	0.8811299868620864
0.7297965195758217	0.8880735417806965
0.7298962594308956	0.8822242364314449
0.7299959992859695	0.8859290064144096
0.7300957391410434	0.8857497973134855
0.7301954789961174	0.8901531858623856
0.7302952188511913	0.8814693619666074
0.7303949587062651	0.8842443957239235
0.7304946985613391	0.8920367270369371
0.730594438416413	0.8845317292399861
0.7306941782714869	0.8920292214575026
0.7307939181265608	0.8845280262883123
0.7308936579816347	0.8832091379866281
0.7309933978367087	0.8892966521974096
0.7310931376917825	0.8929302415626215
0.7311928775468565	0.8885865114196365
0.7312926174019304	0.8937843450910853
0.7313923572570042	0.8885522312918265
0.7314920971120782	0.8890641448683788
0.7315918369671521	0.8833468360072249
0.7316915768222261	0.8894105489911379
0.7317913166772999	0.8820046094373928
0.7318910565323739	0.8855736536114595
0.7319907963874478	0.8924883806577434
0.7320905362425217	0.8931074119257512
0.7321902760975956	0.8830075126315936
0.7322900159526695	0.8941051374579276
0.7323897558077435	0.8898550743553542
0.7324894956628173	0.886518242079282
0.7325892355178912	0.8856427808557309
0.7326889753729652	0.8854774715374186
0.7327887152280391	0.8892613973918524
0.732888455083113	0.8815024499430896
0.7329881949381869	0.8847465603547015
0.7330879347932608	0.883348436239439
0.7331876746483348	0.881883485306345
0.7332874145034086	0.8829591772660591
0.7333871543584826	0.8819911927466075
0.7334868942135565	0.8883186007148759
0.7335866340686303	0.8823657149273422
0.7336863739237043	0.8930121931093186
0.7337861137787782	0.8921148588976525
0.7338858536338522	0.882104001967841
0.733985593488926	0.8877671281888413
0.734085333344	0.8865409009609879
0.7341850731990739	0.8815579782443037
0.7342848130541477	0.8924521520661095
0.7343845529092217	0.8848923044015863
0.7344842927642956	0.8845079206661652
0.7345840326193696	0.8882360962113832
0.7346837724744434	0.8940477294622254
0.7347835123295173	0.8853647804052688
0.7348832521845913	0.8919118398105356
0.7349829920396652	0.8850438626049414
0.735082731894739	0.8886870764527536
0.735182471749813	0.8871254185046965
0.7352822116048869	0.8823272530774071
0.7353819514599608	0.8894774836512491
0.7354816913150347	0.884169353490088
0.7355814311701087	0.8901775193493703
0.7356811710251826	0.8849065013851862
0.7357809108802564	0.8884176548836564
0.7358806507353304	0.8888000080730122
0.7359803905904043	0.8933039878967688
0.7360801304454783	0.8903556814729086
0.7361798703005521	0.8824840919951263
0.736279610155626	0.8930936767120647
0.7363793500107	0.8873770053650587
0.7364790898657738	0.8924381216422507
0.7365788297208478	0.8838764489524423
0.7366785695759217	0.8932186146403066
0.7367783094309956	0.8820242944254518
0.7368780492860695	0.88630854126752
0.7369777891411434	0.8842986527200377
0.7370775289962174	0.8926357250295068
0.7371772688512912	0.8887781414975505
0.7372770087063651	0.8870316905698445
0.7373767485614391	0.8926837569443482
0.737476488416513	0.881895520002785
0.7375762282715869	0.8845937604022783
0.7376759681266608	0.882816846595749
0.7377757079817348	0.8905896392275914
0.7378754478368087	0.8858460232427191
0.7379751876918825	0.8907143607478919
0.7380749275469565	0.8932158482835273
0.7381746674020304	0.8883433032146953
0.7382744072571042	0.8937963846263506
0.7383741471121782	0.8875579055701308
0.7384738869672521	0.8879000899178726
0.7385736268223261	0.8829457867441246
0.7386733666773999	0.8841566636931013
0.7387731065324739	0.8879265455308473
0.7388728463875478	0.8932302928370529
0.7389725862426217	0.8866725105587224
0.7390723260976956	0.8924202782993665
0.7391720659527695	0.8824967198036857
0.7392718058078435	0.8826256530987906
0.7393715456629173	0.8864328879791559
0.7394712855179912	0.8856217010075303
0.7395710253730652	0.886494374932459
0.7396707652281391	0.8853498341413227
0.739770505083213	0.8841694040002077
0.7398702449382869	0.8896971882474853
0.7399699847933608	0.8936111740937701
0.7400697246484347	0.885975392116894
0.7401694645035086	0.889027392395273
0.7402692043585826	0.8923285637534759
0.7403689442136565	0.8924491098004869
0.7404686840687303	0.8859021944363029
0.7405684239238043	0.8930737170917084
0.7406681637788782	0.888423840246291
0.7407679036339522	0.8918528113233422
0.740867643489026	0.8857121882205009
0.7409673833441	0.8938597992301383
0.7410671231991739	0.882612811571358
0.7411668630542477	0.8865031383545998
0.7412666029093217	0.884179747066438
0.7413663427643956	0.8940589522760432
0.7414660826194696	0.8843227879192381
0.7415658224745434	0.8864564167195729
0.7416655623296173	0.8937456147258862
0.7417653021846913	0.8849784866313213
0.7418650420397652	0.8829840395874246
0.741964781894839	0.8810345602985435
0.742064521749913	0.892317901147474
0.7421642616049869	0.8870077823777178
0.7422640014600608	0.8825464005153556
0.7423637413151347	0.8864358415070404
0.7424634811702087	0.8913285114385054
0.7425632210252826	0.8888844556986685
0.7426629608803564	0.889860042781542
0.7427627007354304	0.8816958073947315
0.7428624405905043	0.8818385707624287
0.7429621804455782	0.8810617979118234
0.7430619203006521	0.8859606610205442
0.743161660155726	0.8835702178494903
0.7432614000108	0.8879959613745704
0.7433611398658738	0.8850969815867628
0.7434608797209478	0.8877301393657976
0.7435606195760217	0.8922852399010114
0.7436603594310957	0.8911639770386816
0.7437600992861695	0.8913854594082781
0.7438598391412434	0.8894392115828005
0.7439595789963174	0.892883630953167
0.7440593188513912	0.8893298956477199
0.7441590587064651	0.8821758640850399
0.7442587985615391	0.8905524787035983
0.744358538416613	0.8923389562687871
0.7444582782716869	0.8811674821253567
0.7445580181267608	0.8815306241815032
0.7446577579818348	0.888337686299716
0.7447574978369087	0.8874542031618047
0.7448572376919825	0.8829209333929591
0.7449569775470565	0.8893323793018844
0.7450567174021304	0.8819987423754165
0.7451564572572043	0.8833934875533607
0.7452561971122782	0.8847505288412998
0.7453559369673521	0.8919831956493369
0.7454556768224261	0.893162536297834
0.7455554166774999	0.8936980691808137
0.7456551565325739	0.8904217407882644
0.7457548963876478	0.8837927542018639
0.7458546362427216	0.8844360275951748
0.7459543760977956	0.888719328868724
0.7460541159528695	0.8874935276606819
0.7461538558079435	0.8884955378906065
0.7462535956630173	0.8888739759097768
0.7463533355180912	0.8932593093011235
0.7464530753731652	0.8882105613374356
0.7465528152282391	0.8823342540927334
0.746652555083313	0.8912123857705213
0.7467522949383869	0.8912842475807878
0.7468520347934609	0.8888018367379539
0.7469517746485347	0.8813178308562749
0.7470515145036086	0.8929762981401085
0.7471512543586826	0.8925591070020897
0.7472509942137565	0.8898007797454526
0.7473507340688303	0.882048428540952
0.7474504739239043	0.884546114943566
0.7475502137789782	0.8856493987643136
0.7476499536340522	0.8814277374925307
0.747749693489126	0.8920148524019919
0.7478494333442	0.8922072266174788
0.7479491731992739	0.8847064154511081
0.7480489130543477	0.8888056729026087
0.7481486529094217	0.8845108369705086
0.7482483927644956	0.8816295204916845
0.7483481326195696	0.8830037405438547
0.7484478724746434	0.8812735142776307
0.7485476123297173	0.8900241485345498
0.7486473521847913	0.8867108058209148
0.7487470920398651	0.8810006677343176
0.7488468318949391	0.8826726569141413
0.748946571750013	0.8928839415626412
0.749046311605087	0.8822248255558693
0.7491460514601608	0.884569255290547
0.7492457913152347	0.8861122704445893
0.7493455311703087	0.8940092234590322
0.7494452710253826	0.8827383348201342
0.7495450108804564	0.8815670637954941
0.7496447507355304	0.8873311223398465
0.7497444905906043	0.8920837392614169
0.7498442304456782	0.8862050351178653
0.7499439703007521	0.8835307392523997
0.750043710155826	0.8808496552643735
0.7501434500109	0.881380453004608
0.7502431898659738	0.8902480761058583
0.7503429297210478	0.8826737720515333
0.7504426695761217	0.8828792094204276
0.7505424094311957	0.8858754560220804
0.7506421492862695	0.8910694991642737
0.7507418891413434	0.8863529562396392
0.7508416289964174	0.8867672784731483
0.7509413688514912	0.8909614705276517
0.7510411087065652	0.8843639661040813
0.7511408485616391	0.8822801415914866
0.751240588416713	0.8853406065298985
0.7513403282717869	0.8906276367950257
0.7514400681268608	0.8849766163313648
0.7515398079819348	0.8844490023302682
0.7516395478370086	0.8822738264768759
0.7517392876920825	0.8901073297516682
0.7518390275471565	0.8862557552100117
0.7519387674022304	0.8820309705331819
0.7520385072573043	0.8861128671384829
0.7521382471123782	0.8853690354763705
0.7522379869674521	0.892710571287812
0.7523377268225261	0.88860652354285
0.7524374666775999	0.8819376364376993
0.7525372065326739	0.8938856259796605
0.7526369463877478	0.8837810048138454
0.7527366862428216	0.8923003088677874
0.7528364260978956	0.8869194831257423
0.7529361659529695	0.88920884127158
0.7530359058080435	0.8819755280419815
0.7531356456631173	0.893944074055552
0.7532353855181912	0.8853242817724443
0.7533351253732652	0.892221485426201
0.7534348652283391	0.8884993469152686
0.753534605083413	0.889804684381499
0.7536343449384869	0.8817782206774352
0.7537340847935609	0.8828050479847497
0.7538338246486347	0.8908529917559991
0.7539335645037086	0.8889375197336884
0.7540333043587826	0.8891293732196556
0.7541330442138565	0.8846418704020279
0.7542327840689304	0.8845117487448371
0.7543325239240043	0.8824766830278464
0.7544322637790782	0.8879108422777094
0.7545320036341521	0.8940470811922758
0.754631743489226	0.8935936838623341
0.7547314833443	0.8916012899097697
0.7548312231993739	0.8848989597329978
0.7549309630544477	0.8906453737801004
0.7550307029095217	0.8826460063877982
0.7551304427645956	0.8906602789043863
0.7552301826196696	0.8807951992178554
0.7553299224747434	0.893070208642193
0.7554296623298173	0.8930874467944998
0.7555294021848913	0.8877124668736714
0.7556291420399651	0.8841624423957963
0.7557288818950391	0.8848474936362523
0.755828621750113	0.8870263485848625
0.755928361605187	0.8840120465985222
0.7560281014602608	0.8809482673965281
0.7561278413153347	0.886837258235995
0.7562275811704087	0.8823905546886118
0.7563273210254826	0.8929464044587011
0.7564270608805564	0.888410087704895
0.7565268007356304	0.8937138205168356
0.7566265405907043	0.8921500168718198
0.7567262804457782	0.8840792828576084
0.7568260203008521	0.8866268003138646
0.756925760155926	0.893636007622944
0.757025500011	0.890540567964435
0.7571252398660738	0.8827151011505285
0.7572249797211478	0.8917037336342829
0.7573247195762217	0.8860177275377216
0.7574244594312955	0.8817790440214611
0.7575241992863695	0.8854308706103342
0.7576239391414434	0.8830390106343636
0.7577236789965174	0.8818916549176916
0.7578234188515912	0.883313715031019
0.7579231587066652	0.8875130373790519
0.7580228985617391	0.8879794525820448
0.758122638416813	0.8899117176062149
0.7582223782718869	0.8842168846631245
0.7583221181269608	0.8906954920952848
0.7584218579820348	0.8884219301076051
0.7585215978371086	0.8815418607886276
0.7586213376921825	0.8895232207197655
0.7587210775472565	0.8851696600727427
0.7588208174023304	0.8907463604504287
0.7589205572574043	0.8833819381705851
0.7590202971124782	0.8811627697375174
0.7591200369675521	0.893999590190619
0.7592197768226261	0.8808485636220912
0.7593195166776999	0.8890708533830711
0.7594192565327739	0.8911650942146419
0.7595189963878478	0.8863831886857233
0.7596187362429216	0.8883095402991603
0.7597184760979956	0.8834945351549236
0.7598182159530695	0.8808567718834219
0.7599179558081435	0.8880031455507567
0.7600176956632173	0.888506975071566
0.7601174355182913	0.8885251185555924
0.7602171753733652	0.8856366603574095
0.760316915228439	0.8908797093206787
0.760416655083513	0.8875659989489026
0.7605163949385869	0.8895554521216792
0.7606161347936609	0.8891361109294665
0.7607158746487347	0.8875017950701205
0.7608156145038086	0.8808778508133627
0.7609153543588826	0.8810756193078648
0.7610150942139565	0.883620987723363
0.7611148340690304	0.892542837254285
0.7612145739241043	0.8876481864503662
0.7613143137791782	0.8847267373165058
0.7614140536342521	0.8892328301303097
0.761513793489326	0.8916938388568382
0.7616135333444	0.8915360912555204
0.7617132731994739	0.8839774727355642
0.7618130130545477	0.8815121026491908
0.7619127529096217	0.8845369557445094
0.7620124927646956	0.882969864266048
0.7621122326197696	0.8939320822569664
0.7622119724748434	0.8857954431767036
0.7623117123299173	0.8846958213038023
0.7624114521849913	0.8889468569918383
0.7625111920400651	0.8808378773722106
0.7626109318951391	0.8869307459308481
0.762710671750213	0.8906645824725813
0.762810411605287	0.8850501621371248
0.7629101514603608	0.8929137761469911
0.7630098913154347	0.8837685926977388
0.7631096311705087	0.8891524117190461
0.7632093710255825	0.8902339117747705
0.7633091108806564	0.888202020315388
0.7634088507357304	0.8821611538081837
0.7635085905908043	0.8928263467880019
0.7636083304458782	0.8810599256215671
0.7637080703009521	0.8931708379524624
0.7638078101560261	0.8823337707325892
0.7639075500111	0.8904754613220806
0.7640072898661738	0.8914971028968075
0.7641070297212478	0.8842835867283436
0.7642067695763217	0.8893890561191493
0.7643065094313956	0.8829171643923557
0.7644062492864695	0.8931970478297926
0.7645059891415434	0.8934527674585383
0.7646057289966174	0.8827132865382818
0.7647054688516912	0.8898460237910265
0.7648052087067652	0.8901857534675867
0.7649049485618391	0.8807817342695246
0.765004688416913	0.8924169400311985
0.7651044282719869	0.8918599706310579
0.7652041681270608	0.889977386428678
0.7653039079821348	0.8904382426390534
0.7654036478372086	0.8838342998629153
0.7655033876922825	0.8839211039813629
0.7656031275473565	0.8861673802366123
0.7657028674024304	0.8834738176066562
0.7658026072575043	0.8932254952132663
0.7659023471125782	0.8928063220138266
0.7660020869676522	0.8910286267332843
0.7661018268227261	0.8919589666185975
0.7662015666777999	0.8929718428315421
0.7663013065328739	0.891465616336685
0.7664010463879478	0.893650513252719
0.7665007862430218	0.889854538512658
0.7666005260980956	0.889675274810104
0.7667002659531695	0.8851682389997951
0.7668000058082435	0.8903802557770963
0.7668997456633174	0.8854388707798025
0.7669994855183913	0.8869343409553171
0.7670992253734652	0.8873839261598949
0.7671989652285391	0.8889100053882271
0.767298705083613	0.8908700022950342
0.7673984449386869	0.8842585866538674
0.7674981847937609	0.8898057211221363
0.7675979246488348	0.8933388185248262
0.7676976645039086	0.8810187424564758
0.7677974043589826	0.891309745683847
0.7678971442140565	0.8829429523394338
0.7679968840691304	0.8824942052362331
0.7680966239242043	0.8938104979944171
0.7681963637792782	0.8826132424869232
0.7682961036343522	0.8907294170385589
0.768395843489426	0.8824976330091384
0.7684955833445	0.8866860987641325
0.7685953231995739	0.8869882275824963
0.7686950630546479	0.8862654358236449
0.7687948029097217	0.8917549494745578
0.7688945427647956	0.8873891603996742
0.7689942826198696	0.8904704040153809
0.7690940224749434	0.8812568025494891
0.7691937623300173	0.8813342119555159
0.7692935021850913	0.8906859610399912
0.7693932420401652	0.8920971691669751
0.7694929818952391	0.891562845064397
0.769592721750313	0.8808734256799693
0.769692461605387	0.8865962273989885
0.7697922014604609	0.890583442985524
0.7698919413155347	0.8865277217316587
0.7699916811706087	0.8836415551756974
0.7700914210256826	0.8866363077568788
0.7701911608807565	0.890148075591241
0.7702909007358304	0.8818880577861612
0.7703906405909043	0.8909121174994987
0.7704903804459783	0.8930506762773743
0.7705901203010521	0.8939280235300162
0.7706898601561261	0.8840492976428224
0.7707896000112	0.8826314926612714
0.7708893398662738	0.8858680342712357
0.7709890797213478	0.8876053564036344
0.7710888195764217	0.8830813477783163
0.7711885594314957	0.8933045579503704
0.7712882992865695	0.8934547376724135
0.7713880391416434	0.8820162379695798
0.7714877789967174	0.8825709660131758
0.7715875188517913	0.8851626535754785
0.7716872587068652	0.8927746112956025
0.7717869985619391	0.8891215606282749
0.771886738417013	0.8896861892709672
0.7719864782720869	0.8810824549594575
0.7720862181271608	0.8867060599749403
0.7721859579822348	0.8876817294849669
0.7722856978373087	0.8877430268083927
0.7723854376923825	0.886981309478511
0.7724851775474565	0.8815562151251514
0.7725849174025304	0.8934085045233603
0.7726846572576044	0.8849850578185846
0.7727843971126782	0.8840964002165049
0.7728841369677522	0.8927017719205855
0.7729838768228261	0.8828217625824722
0.7730836166778999	0.8932483238616138
0.7731833565329739	0.8870830315262496
0.7732830963880478	0.8845402691753839
0.7733828362431218	0.8930067824277328
0.7734825760981956	0.8936199614942705
0.7735823159532695	0.8844803771036056
0.7736820558083435	0.8862392536338339
0.7737817956634173	0.89079017245234
0.7738815355184913	0.8935548690086237
0.7739812753735652	0.88380152443888
0.7740810152286391	0.8850997205136681
0.774180755083713	0.8911791446787726
0.7742804949387869	0.8861723087317183
0.7743802347938609	0.8866440669557968
0.7744799746489348	0.8892958446190121
0.7745797145040086	0.8875068013491048
0.7746794543590826	0.8862361536725794
0.7747791942141565	0.8915590594155535
0.7748789340692304	0.8879436155071115
0.7749786739243043	0.8847212467132716
0.7750784137793783	0.8935339549932455
0.7751781536344522	0.8869367339812729
0.775277893489526	0.8910995713154144
0.7753776333446	0.8824682402436046
0.7754773731996739	0.8917796059711057
0.7755771130547479	0.8833710882747261
0.7756768529098217	0.8817974333518938
0.7757765927648956	0.8871751535953031
0.7758763326199696	0.8875341422296946
0.7759760724750434	0.8834364604473528
0.7760758123301174	0.8869384017306225
0.7761755521851913	0.8846017330626137
0.7762752920402652	0.8894598016535927
0.7763750318953391	0.8849493589062438
0.776474771750413	0.8858926544311675
0.776574511605487	0.8908033074141785
0.7766742514605608	0.8874932640013655
0.7767739913156347	0.8889275460180992
0.7768737311707087	0.8886264313279653
0.7769734710257826	0.8872428010492756
0.7770732108808565	0.8890447340503516
0.7771729507359304	0.8818746684101068
0.7772726905910043	0.8928358237045901
0.7773724304460783	0.8916981920022363
0.7774721703011521	0.8922300970684087
0.7775719101562261	0.8834631398797984
0.7776716500113	0.887333828441505
0.7777713898663738	0.8833762810505323
0.7778711297214478	0.8871313512161464
0.7779708695765217	0.8832888401583306
0.7780706094315957	0.8939386114801758
0.7781703492866695	0.893518471503969
0.7782700891417434	0.8873431505471628
0.7783698289968174	0.8827904742593271
0.7784695688518913	0.8877931398057921
0.7785693087069652	0.8879051803622825
0.7786690485620391	0.8828871767662398
0.7787687884171131	0.8838045148041019
0.7788685282721869	0.8807096336307592
0.7789682681272608	0.8886659388700522
0.7790680079823348	0.8896850681972283
0.7791677478374087	0.8834285661858757
0.7792674876924826	0.8813918894087568
0.7793672275475565	0.8910757196447792
0.7794669674026304	0.8850650417100904
0.7795667072577043	0.8908777474067354
0.7796664471127782	0.8838036536100685
0.7797661869678522	0.8861517061099451
0.7798659268229261	0.8886136619791438
0.7799656666779999	0.8896797237000165
0.7800654065330739	0.8928320258174327
0.7801651463881478	0.8889139133474859
0.7802648862432218	0.8806662636157473
0.7803646260982956	0.8814526625783996
0.7804643659533695	0.8878117449319521
0.7805641058084435	0.8901517396893966
0.7806638456635173	0.8933177669784734
0.7807635855185913	0.8927447568067381
0.7808633253736652	0.8850985340516391
0.7809630652287392	0.8806456669972816
0.781062805083813	0.886305305750794
0.7811625449388869	0.8873180214067996
0.7812622847939609	0.888001036130726
0.7813620246490348	0.8856397523986763
0.7814617645041086	0.8840876903039543
0.7815615043591826	0.8894677223938229
0.7816612442142565	0.8866000939467286
0.7817609840693304	0.8911662508725989
0.7818607239244043	0.8841986873680165
0.7819604637794783	0.8876178523844391
0.7820602036345522	0.8918567769425566
0.782159943489626	0.8933072265729167
0.7822596833447	0.8883699476297959
0.7823594231997739	0.8877912333788852
0.7824591630548478	0.8822595016989604
0.7825589029099217	0.8877481532361899
0.7826586427649956	0.8902166277347926
0.7827583826200696	0.8818723849024507
0.7828581224751434	0.8888837558498
0.7829578623302174	0.88839220516279
0.7830576021852913	0.8919538348622035
0.7831573420403652	0.8877976757536482
0.7832570818954391	0.8856864744231825
0.783356821750513	0.8874623657577155
0.783456561605587	0.8817334495725401
0.7835563014606608	0.8934500978131659
0.7836560413157347	0.8820477543534282
0.7837557811708087	0.8906696250359695
0.7838555210258826	0.8926856329888828
0.7839552608809565	0.8810841303188014
0.7840550007360304	0.8824692148005315
0.7841547405911043	0.8914361305588299
0.7842544804461782	0.8921373818654731
0.7843542203012521	0.8905337188169119
0.7844539601563261	0.8933279165087655
0.7845537000114	0.8843200099342845
0.7846534398664738	0.8937496638576757
0.7847531797215478	0.8807904421242057
0.7848529195766217	0.8820624397624419
0.7849526594316957	0.8830512280509735
0.7850523992867695	0.880958556351871
0.7851521391418435	0.8917486822749385
0.7852518789969174	0.881372844374672
0.7853516188519912	0.8895232600526962
0.7854513587070652	0.8904884486413779
0.7855510985621391	0.8897767665837928
0.7856508384172131	0.8900100588080981
0.7857505782722869	0.8853599713110668
0.7858503181273608	0.8832424320076171
0.7859500579824348	0.8932702000047671
0.7860497978375087	0.8876401205611263
0.7861495376925826	0.8916797250478619
0.7862492775476565	0.8914364763790908
0.7863490174027304	0.8906548955060531
0.7864487572578043	0.8929042175677488
0.7865484971128782	0.8872593811568327
0.7866482369679522	0.883906671518674
0.7867479768230261	0.8835226549532794
0.7868477166780999	0.8936562587604753
0.7869474565331739	0.8930008516191539
0.7870471963882478	0.8840828095258356
0.7871469362433217	0.885270317804843
0.7872466760983956	0.8922390399832332
0.7873464159534695	0.8917431194976645
0.7874461558085435	0.8859551937718567
0.7875458956636173	0.8889138761844643
0.7876456355186913	0.8822799056517119
0.7877453753737652	0.886118850451613
0.7878451152288392	0.8926951147770896
0.787944855083913	0.8847314768274945
0.7880445949389869	0.8915655693040576
0.7881443347940609	0.8820564409796646
0.7882440746491347	0.881788762329416
0.7883438145042087	0.8833694186939511
0.7884435543592826	0.8839653856293406
0.7885432942143565	0.8909213820167713
0.7886430340694304	0.8852656030368986
0.7887427739245043	0.8838937567187323
0.7888425137795783	0.8814057627750026
0.7889422536346522	0.893622903372803
0.789041993489726	0.88382570708129
0.7891417333448	0.8831589956975705
0.7892414731998739	0.8874935209414129
0.7893412130549478	0.8809306193577919
0.7894409529100217	0.8844798362113323
0.7895406927650956	0.8825818250183716
0.7896404326201696	0.881369448763631
0.7897401724752434	0.8908170268363542
0.7898399123303174	0.8915820649685253
0.7899396521853913	0.8917010481914698
0.7900393920404651	0.8896383236806017
0.7901391318955391	0.8925617782633504
0.790238871750613	0.8830583319841371
0.790338611605687	0.88700623467585
0.7904383514607608	0.8875597353500455
0.7905380913158347	0.8926096014671318
0.7906378311709087	0.8851301942949432
0.7907375710259826	0.8839364523491587
0.7908373108810565	0.8850696417993618
0.7909370507361304	0.8934895638998194
0.7910367905912044	0.8889444427722597
0.7911365304462782	0.886157556752783
0.7912362703013521	0.881091301532201
0.7913360101564261	0.891316328457174
0.7914357500115	0.8928289928481065
0.7915354898665738	0.8909567163620028
0.7916352297216478	0.8877341695326555
0.7917349695767217	0.8932811777198172
0.7918347094317957	0.8907809115413478
0.7919344492868695	0.887704853545635
0.7920341891419435	0.8931887974635888
0.7921339289970174	0.8912217369893797
0.7922336688520912	0.8896778310046676
0.7923334087071652	0.8934930202908782
0.7924331485622391	0.8812821615694129
0.7925328884173131	0.8867524934486841
0.7926326282723869	0.888120470080251
0.7927323681274608	0.880764364820297
0.7928321079825348	0.8931107827416173
0.7929318478376086	0.8936027855871186
0.7930315876926826	0.8872711723540628
0.7931313275477565	0.8929854539358344
0.7932310674028304	0.8878898619407518
0.7933308072579043	0.8815641280219823
0.7934305471129782	0.8847293551588867
0.7935302869680522	0.8859497934864229
0.7936300268231261	0.8865171476131146
0.7937297666781999	0.8933589810569221
0.7938295065332739	0.8923108066768493
0.7939292463883478	0.893123881167534
0.7940289862434217	0.8900498319235981
0.7941287260984956	0.8876565473411188
0.7942284659535696	0.8858619675220424
0.7943282058086435	0.8845078441036824
0.7944279456637173	0.8900752396922843
0.7945276855187913	0.8815170285565064
0.7946274253738652	0.8814130173878398
0.7947271652289392	0.883587352205612
0.794826905084013	0.8881687346372262
0.7949266449390869	0.8922177091292277
0.7950263847941609	0.8870631614543012
0.7951261246492347	0.890736306862456
0.7952258645043087	0.8914851010384524
0.7953256043593826	0.8844252179257688
0.7954253442144565	0.8843665404450277
0.7955250840695304	0.8870399933465875
0.7956248239246043	0.8919232849058084
0.7957245637796783	0.8863013679203083
0.7958243036347521	0.8920638084680119
0.795924043489826	0.8847011238352673
0.7960237833449	0.8840133962539454
0.7961235231999739	0.8813066008321777
0.7962232630550478	0.8880726790741951
0.7963230029101217	0.8931678403152045
0.7964227427651956	0.8855071429147486
0.7965224826202696	0.8911138399300025
0.7966222224753434	0.8853345083401699
0.7967219623304174	0.8937909521013374
0.7968217021854913	0.8869324250528376
0.7969214420405651	0.8807466097458064
0.7970211818956391	0.8921830514024724
0.797120921750713	0.8811975531909876
0.797220661605787	0.8890981295847016
0.7973204014608608	0.8907846854302034
0.7974201413159347	0.8916587165715115
0.7975198811710087	0.8820709381150454
0.7976196210260826	0.8831177104588985
0.7977193608811565	0.8913761368670998
0.7978191007362304	0.8825937939436247
0.7979188405913044	0.8860964935344597
0.7980185804463782	0.8910359104643726
0.7981183203014521	0.8914554608727738
0.7982180601565261	0.8855556120437397
0.7983178000116	0.8888261885839923
0.7984175398666739	0.8848294996623548
0.7985172797217478	0.884356279708483
0.7986170195768217	0.885553465320801
0.7987167594318956	0.8932895489316093
0.7988164992869695	0.8873628751397004
0.7989162391420435	0.8807821957095924
0.7990159789971174	0.8831220877972236
0.7991157188521912	0.8899644396206375
0.7992154587072652	0.8882841179326626
0.7993151985623391	0.8933799334832243
0.7994149384174131	0.8895580405922486
0.7995146782724869	0.8855589855053754
0.7996144181275608	0.8834941742909419
0.7997141579826348	0.8819325182507978
0.7998138978377087	0.893824567996908
0.7999136376927826	0.8890237222308345
0.8000133775478565	0.8924899002886434
0.8001131174029305	0.8816542808724493
0.8002128572580043	0.8857705803843373
0.8003125971130782	0.890886642351786
0.8004123369681522	0.8842567157498294
0.8005120768232261	0.8840419331534244
0.8006118166783	0.8841301193376938
0.8007115565333739	0.8866246800389901
0.8008112963884478	0.8899248908262543
0.8009110362435217	0.8833645369965815
0.8010107760985956	0.885567880917346
0.8011105159536696	0.8857532016508479
0.8012102558087435	0.8919996330549214
0.8013099956638173	0.8908022702450009
0.8014097355188913	0.8874567190416418
0.8015094753739652	0.888214989497529
0.801609215229039	0.8913964063518275
0.801708955084113	0.8931672350341228
0.8018086949391869	0.8919633133182051
0.8019084347942609	0.8834141666034744
0.8020081746493347	0.8836100855684192
0.8021079145044087	0.8903123798641757
0.8022076543594826	0.8819913600053017
0.8023073942145565	0.8858298216679332
0.8024071340696304	0.8932351695497831
0.8025068739247043	0.8841238228978897
0.8026066137797783	0.8877641182854445
0.8027063536348522	0.8891235687843267
0.802806093489926	0.8858599473505436
0.802905833345	0.8855497940514714
0.8030055732000739	0.8862568914211215
0.8031053130551478	0.884610574580274
0.8032050529102217	0.8872598263858139
0.8033047927652956	0.8833317427893759
0.8034045326203696	0.881421302588553
0.8035042724754434	0.8926436783907988
0.8036040123305174	0.8904189842488466
0.8037037521855913	0.8849553435904177
0.8038034920406651	0.8934987264207989
0.8039032318957391	0.8891846508954757
0.804002971750813	0.8880121139323772
0.804102711605887	0.8820030841027403
0.8042024514609608	0.8935880909487758
0.8043021913160348	0.8806516161778049
0.8044019311711087	0.8875369017626044
0.8045016710261825	0.8821036671492669
0.8046014108812565	0.8872038791432386
0.8047011507363304	0.8877136785664658
0.8048008905914044	0.884861413238574
0.8049006304464782	0.8915085416893281
0.8050003703015521	0.8833252941542377
0.8051001101566261	0.8816749349168665
0.8051998500117	0.8917513243828717
0.8052995898667739	0.8935687815499935
0.8053993297218478	0.89281143243341
0.8054990695769217	0.8910448739883885
0.8055988094319957	0.8926645044283378
0.8056985492870695	0.8886283591140635
0.8057982891421435	0.8892126750321265
0.8058980289972174	0.8877154409536379
0.8059977688522912	0.8903879734941902
0.8060975087073652	0.8835356179180495
0.8061972485624391	0.8847546934348061
0.8062969884175131	0.8855181397065113
0.8063967282725869	0.8917289832198673
0.8064964681276608	0.8847015169463381
0.8065962079827348	0.8835612883684947
0.8066959478378086	0.8810621963184481
0.8067956876928826	0.8858142756938038
0.8068954275479565	0.8920772112600057
0.8069951674030305	0.8850776166510288
0.8070949072581043	0.888486532491084
0.8071946471131782	0.8866921961170973
0.8072943869682522	0.8820908565894389
0.807394126823326	0.890568654380389
0.8074938666784	0.8817016267845876
0.8075936065334739	0.8834124198004935
0.8076933463885478	0.8891065451192192
0.8077930862436217	0.8904881908803207
0.8078928260986956	0.8839078461838096
0.8079925659537696	0.8914382524417304
0.8080923058088435	0.8829734033562877
0.8081920456639173	0.891676147188158
0.8082917855189913	0.8834434872711258
0.8083915253740652	0.8885561956548479
0.8084912652291392	0.8852088822615419
0.808591005084213	0.8911684972601082
0.8086907449392869	0.886552569118862
0.8087904847943609	0.885528252115517
0.8088902246494347	0.882140721826251
0.8089899645045087	0.884155472416204
0.8090897043595826	0.8863249265347403
0.8091894442146566	0.8861151142905056
0.8092891840697304	0.8876509185278186
0.8093889239248043	0.8863413356010473
0.8094886637798783	0.884412800266393
0.8095884036349521	0.8929659584003641
0.809688143490026	0.8877261906772836
0.8097878833451	0.8872015023926815
0.8098876232001739	0.8823450636044989
0.8099873630552478	0.8907440049613394
0.8100871029103217	0.882029210552836
0.8101868427653957	0.8929679682601407
0.8102865826204695	0.8813718995435276
0.8103863224755434	0.8819087822287907
0.8104860623306174	0.8844219049133221
0.8105858021856913	0.8872440861127016
0.8106855420407652	0.8873812465056263
0.8107852818958391	0.8822809150885861
0.810885021750913	0.8886658085382486
0.810984761605987	0.8920657290134751
0.8110845014610608	0.8925183966996546
0.8111842413161348	0.8918719247716955
0.8112839811712087	0.8869656246508628
0.8113837210262826	0.8852686294815827
0.8114834608813565	0.8816076261096145
0.8115832007364304	0.8902710273846849
0.8116829405915044	0.8883197801733665
0.8117826804465782	0.8911257399620237
0.8118824203016521	0.8936799891289638
0.8119821601567261	0.881040814184076
0.8120819000118	0.8866455883364894
0.8121816398668739	0.8884319463903255
0.8122813797219478	0.8852704530608735
0.8123811195770217	0.8916747474961573
0.8124808594320956	0.8827357908502098
0.8125805992871695	0.8880393746676787
0.8126803391422435	0.8808586698533692
0.8127800789973174	0.8818039385005435
0.8128798188523912	0.8841614874545032
0.8129795587074652	0.8812874145383881
0.8130792985625391	0.8931705355001066
0.813179038417613	0.8902690031421081
0.8132787782726869	0.8861128156718205
0.8133785181277609	0.8827908961917494
0.8134782579828348	0.8815004537689937
0.8135779978379086	0.8866811062484014
0.8136777376929826	0.882879457260442
0.8137774775480565	0.8851388134584409
0.8138772174031305	0.8878488967618087
0.8139769572582043	0.8818134022511496
0.8140766971132782	0.8916206163872107
0.8141764369683522	0.8900204198984312
0.8142761768234261	0.8842933206040214
0.8143759166785	0.8840585003137815
0.8144756565335739	0.8926284165433392
0.8145753963886478	0.8829427534368415
0.8146751362437217	0.8872574012928514
0.8147748760987956	0.8889819216795886
0.8148746159538696	0.8920891292968544
0.8149743558089435	0.8811075948787989
0.8150740956640173	0.8914510979760828
0.8151738355190913	0.8846759165128746
0.8152735753741652	0.8833656115791001
0.8153733152292391	0.88815345010901
0.815473055084313	0.8856254208636818
0.815572794939387	0.8905499128040735
0.8156725347944609	0.8874293425856181
0.8157722746495347	0.8874022192799026
0.8158720145046087	0.8838954312341945
0.8159717543596826	0.8878684295135739
0.8160714942147564	0.888252783686901
0.8161712340698304	0.8930593024037197
0.8162709739249043	0.8885540129665375
0.8163707137799783	0.8880140795520767
0.8164704536350521	0.8813031425824139
0.816570193490126	0.881127012928794
0.8166699333452	0.8886714021803712
0.8167696732002739	0.8901492688689232
0.8168694130553478	0.8834518911343647
0.8169691529104217	0.8868764316099743
0.8170688927654957	0.884098298046325
0.8171686326205696	0.8893542567209247
0.8172683724756434	0.8874656707400029
0.8173681123307174	0.8805626878035067
0.8174678521857913	0.8859573531510289
0.8175675920408653	0.8901333653194009
0.8176673318959391	0.8933777496675026
0.817767071751013	0.8842801007146147
0.817866811606087	0.8872387052928953
0.8179665514611609	0.8806254457821671
0.8180662913162348	0.8921625822891329
0.8181660311713087	0.8861959824744405
0.8182657710263826	0.8935698844190268
0.8183655108814565	0.888541061464312
0.8184652507365304	0.8837320951768587
0.8185649905916044	0.8812942640653817
0.8186647304466783	0.8886705884304332
0.8187644703017521	0.8915180241851602
0.8188642101568261	0.8936676708314751
0.8189639500119	0.8911933545565373
0.8190636898669739	0.8855372487324498
0.8191634297220478	0.8850026810815833
0.8192631695771218	0.8819725174282337
0.8193629094321957	0.88600207978733
0.8194626492872695	0.8810448255148355
0.8195623891423435	0.8869254106250373
0.8196621289974174	0.8897177776340178
0.8197618688524914	0.8850988276911248
0.8198616087075652	0.887015498652926
0.8199613485626391	0.8931424881268782
0.8200610884177131	0.88438213420981
0.8201608282727869	0.8878052362009258
0.8202605681278609	0.888376614269516
0.8203603079829348	0.8811546494453962
0.8204600478380087	0.8838841447395438
0.8205597876930826	0.883293084727572
0.8206595275481565	0.8835984331744549
0.8207592674032305	0.8833040153547307
0.8208590072583044	0.8893569379813587
0.8209587471133782	0.892121937294342
0.8210584869684522	0.8921973600197043
0.8211582268235261	0.8820172737207727
0.8212579666786	0.8858381133541472
0.8213577065336739	0.8883466991163596
0.8214574463887478	0.8922207536262743
0.8215571862438218	0.8836897271029309
0.8216569260988956	0.8927837339132723
0.8217566659539696	0.8808656978638827
0.8218564058090435	0.8823386502298718
0.8219561456641173	0.8902493893433914
0.8220558855191913	0.8805299857478383
0.8221556253742652	0.8851123195202678
0.8222553652293392	0.8837748379845696
0.822355105084413	0.8893268679220456
0.822454844939487	0.8869383523929032
0.8225545847945609	0.892323575546198
0.8226543246496348	0.8928633089722408
0.8227540645047087	0.8861663562357719
0.8228538043597826	0.8852642944861516
0.8229535442148566	0.880542991037615
0.8230532840699304	0.8905659287720806
0.8231530239250043	0.8807761471259119
0.8232527637800783	0.8865110056996444
0.8233525036351522	0.8823388241209511
0.823452243490226	0.8886749789445866
0.8235519833453	0.8880614475691981
0.8236517232003739	0.8857158778223521
0.8237514630554479	0.8913854365953952
0.8238512029105217	0.8909002830930538
0.8239509427655957	0.890151506352395
0.8240506826206696	0.88545090845742
0.8241504224757434	0.8923849678290449
0.8242501623308174	0.8826753130851914
0.8243499021858913	0.892830029413665
0.8244496420409653	0.8870279478318664
0.8245493818960391	0.8899923480859787
0.824649121751113	0.8900909149054543
0.824748861606187	0.8893441071199951
0.8248486014612608	0.8830210042211244
0.8249483413163348	0.8861953394251739
0.8250480811714087	0.8816056343228336
0.8251478210264827	0.8864150393096452
0.8252475608815565	0.8906780212951071
0.8253473007366304	0.8897900197392042
0.8254470405917044	0.8844538482740143
0.8255467804467783	0.8867285411002348
0.8256465203018521	0.8919631528435847
0.8257462601569261	0.8904657306217473
0.825846000012	0.8910060963051561
0.8259457398670739	0.881842531278755
0.8260454797221478	0.8830547668916969
0.8261452195772218	0.8890310657609565
0.8262449594322957	0.8924805461500607
0.8263446992873695	0.8841315999707234
0.8264444391424435	0.8856917494939498
0.8265441789975174	0.8918083594016813
0.8266439188525914	0.892960006757455
0.8267436587076652	0.8810419205601789
0.8268433985627391	0.8845590845163613
0.8269431384178131	0.88675907080913
0.8270428782728869	0.8845476590913675
0.8271426181279609	0.8810793718749643
0.8272423579830348	0.8835851461801391
0.8273420978381087	0.881737962361426
0.8274418376931826	0.884683026299079
0.8275415775482565	0.8914981410711895
0.8276413174033305	0.8913383577798146
0.8277410572584043	0.8842516892604176
0.8278407971134782	0.8805009936143163
0.8279405369685522	0.8812753995330578
0.8280402768236261	0.8899476121640802
0.8281400166787	0.8903121045797336
0.8282397565337739	0.883950089274434
0.8283394963888479	0.8811360326403019
0.8284392362439218	0.8871654511018927
0.8285389760989956	0.8837706552274046
0.8286387159540696	0.8883512275361981
0.8287384558091435	0.8925245049254422
0.8288381956642173	0.8806976087653057
0.8289379355192913	0.884004998419689
0.8290376753743652	0.8845389624515557
0.8291374152294392	0.8840141205849085
0.829237155084513	0.8821969754372396
0.829336894939587	0.8821636566960702
0.8294366347946609	0.8837227822921838
0.8295363746497348	0.8812075487387759
0.8296361145048087	0.8931356882159621
0.8297358543598826	0.8811665927041494
0.8298355942149566	0.8882935817520384
0.8299353340700304	0.8884024524565167
0.8300350739251043	0.8931690407484495
0.8301348137801783	0.8814977371813828
0.8302345536352522	0.8877579281353132
0.8303342934903261	0.8865287386178529
0.8304340333454	0.8854982049973427
0.830533773200474	0.8904379263240535
0.8306335130555478	0.8811876633535947
0.8307332529106217	0.8921786668455864
0.8308329927656957	0.8805849280666143
0.8309327326207696	0.8884001463152035
0.8310324724758434	0.8890912049064239
0.8311322123309174	0.8831649238207443
0.8312319521859913	0.880774208388346
0.8313316920410653	0.8809345824515417
0.8314314318961391	0.8854384754699471
0.831531171751213	0.8899522035983501
0.831630911606287	0.885697896484856
0.8317306514613608	0.8917684265421516
0.8318303913164348	0.8854250086589808
0.8319301311715087	0.8926423736695772
0.8320298710265827	0.8806511804416731
0.8321296108816565	0.8846319540913403
0.8322293507367304	0.8807899195128873
0.8323290905918044	0.8813057851435999
0.8324288304468783	0.8874124582327855
0.8325285703019522	0.8922178164814561
0.8326283101570261	0.8882606859921033
0.8327280500121	0.8891255005151358
0.8328277898671739	0.8911602179104532
0.8329275297222478	0.8903949176222545
0.8330272695773218	0.8863831541868791
0.8331270094323957	0.8858770981259048
0.8332267492874695	0.8906177853534567
0.8333264891425435	0.882571134163569
0.8334262289976174	0.8870172291644696
0.8335259688526913	0.8805679410111314
0.8336257087077652	0.8917238018566147
0.8337254485628391	0.8876168479952354
0.8338251884179131	0.8911209846459381
0.8339249282729869	0.8930047770506195
0.8340246681280609	0.8845243367140063
0.8341244079831348	0.8850774651926366
0.8342241478382088	0.8869944333933505
0.8343238876932826	0.8829059129178847
0.8344236275483565	0.8847410267940159
0.8345233674034305	0.893416773883699
0.8346231072585043	0.8873108441323985
0.8347228471135782	0.89029721375441
0.8348225869686522	0.8804418621420984
0.8349223268237261	0.8888297083448303
0.8350220666788	0.8867710229849837
0.8351218065338739	0.8899539303161894
0.8352215463889479	0.8885461669864463
0.8353212862440218	0.8865611444491027
0.8354210260990956	0.8924550163510147
0.8355207659541696	0.8909339843104518
0.8356205058092435	0.8863276907828961
0.8357202456643174	0.8917879632758438
0.8358199855193913	0.8862618584944374
0.8359197253744652	0.8880264289741188
0.8360194652295392	0.8917919120624971
0.836119205084613	0.8885499821597505
0.836218944939687	0.8920639320833726
0.8363186847947609	0.8843447189337421
0.8364184246498347	0.8877283061959997
0.8365181645049087	0.8902784701884839
0.8366179043599826	0.8922866210423143
0.8367176442150566	0.881878944413613
0.8368173840701304	0.8936025679335409
0.8369171239252043	0.8817935828246782
0.8370168637802783	0.8817744401275774
0.8371166036353522	0.8812164800037251
0.8372163434904261	0.8818796075893837
0.8373160833455	0.886608065788133
0.837415823200574	0.8889479064691193
0.8375155630556478	0.8886572776689117
0.8376153029107217	0.8874890090037338
0.8377150427657957	0.8804405341276936
0.8378147826208696	0.8805907079506691
0.8379145224759434	0.8904886898491006
0.8380142623310174	0.883284016208157
0.8381140021860913	0.8865526305433127
0.8382137420411653	0.8840591236564157
0.8383134818962391	0.885492042709408
0.838413221751313	0.8884368592520011
0.838512961606387	0.8858323863019231
0.8386127014614608	0.8925526206885948
0.8387124413165348	0.8861792207608715
0.8388121811716087	0.8924592625468767
0.8389119210266827	0.8885920135238713
0.8390116608817565	0.8934728971734426
0.8391114007368304	0.8898727418395658
0.8392111405919044	0.881761517836383
0.8393108804469782	0.886799182334601
0.8394106203020522	0.8848501839734741
0.8395103601571261	0.8856443384744599
0.8396101000122	0.8866341343948633
0.8397098398672739	0.8823222662894612
0.8398095797223478	0.8821852103727142
0.8399093195774218	0.8866067335308855
0.8400090594324957	0.8891517511549825
0.8401087992875695	0.8833518338824549
0.8402085391426435	0.8850376143036267
0.8403082789977174	0.8857845432182564
0.8404080188527913	0.8935425194313376
0.8405077587078652	0.8897110067428341
0.8406074985629391	0.8929982776938227
0.8407072384180131	0.8909472178431808
0.8408069782730869	0.8930974607270298
0.8409067181281609	0.8910767886020053
0.8410064579832348	0.8927436999409015
0.8411061978383088	0.8816364769709386
0.8412059376933826	0.8850410204534858
0.8413056775484565	0.884136814936305
0.8414054174035305	0.8843243627860276
0.8415051572586043	0.8914758360952474
0.8416048971136783	0.8900878267971003
0.8417046369687522	0.8845187946714935
0.8418043768238261	0.8872868595953706
0.8419041166789	0.8904015972982705
0.8420038565339739	0.8839099962491777
0.8421035963890479	0.893459686920287
0.8422033362441217	0.8902381642408033
0.8423030760991956	0.8820479695246
0.8424028159542696	0.8822591102178284
0.8425025558093435	0.8843036137342808
0.8426022956644174	0.8824954394491408
0.8427020355194913	0.8804916561227201
0.8428017753745652	0.8835663677830308
0.8429015152296392	0.8924726570777538
0.843001255084713	0.8861129255123833
0.843100994939787	0.8871364846659978
0.8432007347948609	0.8828562968865115
0.8433004746499347	0.8806895997320486
0.8434002145050087	0.8880191570632954
0.8434999543600826	0.8856954911460432
0.8435996942151566	0.8838737160542794
0.8436994340702304	0.8885414501256242
0.8437991739253043	0.8842626681827029
0.8438989137803783	0.8880668815311286
0.8439986536354522	0.8872820780379959
0.8440983934905261	0.8864033833437854
0.8441981333456	0.8919512746713587
0.844297873200674	0.8862184267958098
0.8443976130557478	0.8930622471846933
0.8444973529108217	0.887805826146749
0.8445970927658957	0.8872520390869543
0.8446968326209696	0.8836201996853158
0.8447965724760435	0.8841239414930321
0.8448963123311174	0.8877343917717813
0.8449960521861913	0.8896045322368751
0.8450957920412652	0.8812224644714279
0.8451955318963391	0.8932942750698691
0.8452952717514131	0.8810029938327855
0.845395011606487	0.8844814946936338
0.8454947514615608	0.8823532109507958
0.8455944913166348	0.8847152505475003
0.8456942311717087	0.8853913933044757
0.8457939710267827	0.8845260421537605
0.8458937108818565	0.888961437042534
0.8459934507369304	0.8909938793389548
0.8460931905920044	0.8902617848917371
0.8461929304470782	0.8859510209725705
0.8462926703021522	0.8831284403117757
0.8463924101572261	0.8878055190074078
0.8464921500123	0.8844447200749901
0.8465918898673739	0.8900096636565638
0.8466916297224478	0.8825182178167588
0.8467913695775218	0.8883957724565213
0.8468911094325957	0.8877900312405209
0.8469908492876695	0.8915858211067919
0.8470905891427435	0.8827513914629888
0.8471903289978174	0.8881249587148285
0.8472900688528913	0.886101268279741
0.8473898087079652	0.8892487834452618
0.8474895485630392	0.8865938908355435
0.8475892884181131	0.8851799040554912
0.8476890282731869	0.8873723440931803
0.8477887681282609	0.8836246439724604
0.8478885079833348	0.889732382880886
0.8479882478384086	0.8838842212472687
0.8480879876934826	0.8935262454371932
0.8481877275485565	0.890297712445207
0.8482874674036305	0.8872157594694025
0.8483872072587043	0.8821291171402472
0.8484869471137783	0.882478745388272
0.8485866869688522	0.8871330059647025
0.8486864268239261	0.8830360041516243
0.848786166679	0.8841384483527657
0.8488859065340739	0.8875994301600433
0.8489856463891479	0.893647107826304
0.8490853862442217	0.8908837359157281
0.8491851260992956	0.8833349136887089
0.8492848659543696	0.8916736201232415
0.8493846058094435	0.888041403156536
0.8494843456645174	0.8815391978833602
0.8495840855195913	0.8811606274493066
0.8496838253746652	0.8913722048674022
0.8497835652297392	0.8935849534787323
0.849883305084813	0.8813086329770504
0.849983044939887	0.8814639522254424
0.8500827847949609	0.8935717200299361
0.8501825246500347	0.8853289585371144
0.8502822645051087	0.886088940877647
0.8503820043601826	0.8911348121853953
0.8504817442152566	0.8914161900312375
0.8505814840703304	0.8816653615475263
0.8506812239254044	0.8877620696718826
0.8507809637804783	0.892721174688268
0.8508807036355521	0.8857837261134731
0.8509804434906261	0.8853310377055996
0.8510801833457	0.8899425251823921
0.851179923200774	0.8904215000783314
0.8512796630558478	0.881562645571181
0.8513794029109217	0.8809374340403329
0.8514791427659957	0.8856904907748697
0.8515788826210696	0.8933811370520803
0.8516786224761435	0.8902191579660322
0.8517783623312174	0.8820159319558099
0.8518781021862913	0.8865199011629649
0.8519778420413652	0.8902703122257181
0.8520775818964391	0.8823702876427502
0.8521773217515131	0.8847992434666005
0.852277061606587	0.8897081501343018
0.8523768014616608	0.8821804281398349
0.8524765413167348	0.8825819071157307
0.8525762811718087	0.8813697399726672
0.8526760210268827	0.8837047555698634
0.8527757608819565	0.8865371705554078
0.8528755007370304	0.8893351393967116
0.8529752405921044	0.8857450406101429
0.8530749804471782	0.8902933981786556
0.8531747203022522	0.8908094679072857
0.8532744601573261	0.8806149539166106
0.8533742000124	0.8929835613664389
0.8534739398674739	0.8873193037129818
0.8535736797225478	0.8863932570696303
0.8536734195776218	0.8854900164686386
0.8537731594326956	0.8871892820430991
0.8538728992877695	0.8810506037458129
0.8539726391428435	0.8812391454309217
0.8540723789979174	0.8879898024217617
0.8541721188529913	0.8870470023642905
0.8542718587080652	0.8869057630287897
0.8543715985631392	0.8850642051616816
0.8544713384182131	0.8883616138912414
0.8545710782732869	0.8908386779914518
0.8546708181283609	0.8861630545726473
0.8547705579834348	0.8819483796685493
0.8548702978385087	0.8809030621505853
0.8549700376935826	0.8853746385665353
0.8550697775486565	0.8894449518357059
0.8551695174037305	0.8872421663153526
0.8552692572588043	0.8807226752942418
0.8553689971138783	0.8854962198621291
0.8554687369689522	0.888795930669848
0.8555684768240261	0.8930576060207972
0.8556682166791	0.8852439681410684
0.8557679565341739	0.8833107834402452
0.8558676963892479	0.882199630566353
0.8559674362443217	0.8900276033756483
0.8560671760993956	0.8924468446575239
0.8561669159544696	0.8875981485302272
0.8562666558095435	0.8913047028788194
0.8563663956646174	0.8912657173428402
0.8564661355196913	0.8843168814166374
0.8565658753747653	0.8819466119311702
0.8566656152298391	0.8926946145392106
0.856765355084913	0.8860264267424053
0.856865094939987	0.8869168122799087
0.8569648347950609	0.8848115532092506
0.8570645746501347	0.8878471106560583
0.8571643145052087	0.8911169339389418
0.8572640543602826	0.8821488174105067
0.8573637942153566	0.8810114051836854
0.8574635340704304	0.8872216514369252
0.8575632739255044	0.8907886975487437
0.8576630137805783	0.8859717787577253
0.8577627536356521	0.891523294395183
0.8578624934907261	0.8879708453912607
0.8579622333458	0.88677535771925
0.858061973200874	0.8913052252982211
0.8581617130559478	0.8863084606674823
0.8582614529110217	0.8899813821331534
0.8583611927660957	0.8920752088415927
0.8584609326211696	0.8809792083794762
0.8585606724762435	0.8840507642464566
0.8586604123313174	0.881661767734979
0.8587601521863913	0.8821010807336371
0.8588598920414652	0.8867092155428573
0.8589596318965391	0.8832692488087079
0.8590593717516131	0.8846492828099035
0.859159111606687	0.8872422025335222
0.8592588514617608	0.893082126429734
0.8593585913168348	0.8860672707460517
0.8594583311719087	0.8831933021244998
0.8595580710269826	0.8847272577201525
0.8596578108820565	0.891795589408686
0.8597575507371304	0.8910968423142355
0.8598572905922044	0.8866499251735662
0.8599570304472782	0.8813557796739144
0.8600567703023522	0.8894036688313696
0.8601565101574261	0.8884218739567683
0.8602562500125001	0.8879575221981132
0.8603559898675739	0.8919828429933478
0.8604557297226478	0.8873430691144509
0.8605554695777218	0.8888570152810416
0.8606552094327956	0.8804118224754803
0.8607549492878696	0.8869244244195632
0.8608546891429435	0.8880410692977789
0.8609544289980174	0.8828200887662202
0.8610541688530913	0.8837999692520232
0.8611539087081652	0.8848001077678503
0.8612536485632392	0.8931055831462584
0.8613533884183131	0.8883073968516538
0.8614531282733869	0.8852854372274153
0.8615528681284609	0.8804621138755268
0.8616526079835348	0.8894784372785172
0.8617523478386087	0.8838699121369509
0.8618520876936826	0.8869753401450122
0.8619518275487565	0.8935583141252509
0.8620515674038305	0.8877792238129127
0.8621513072589043	0.8833486292280399
0.8622510471139783	0.8907658395866962
0.8623507869690522	0.8911482417009893
0.862450526824126	0.889913444866597
0.8625502666792	0.8886219410955168
0.8626500065342739	0.8893078844694582
0.8627497463893479	0.8826013580296901
0.8628494862444217	0.8821701115810777
0.8629492260994956	0.8927647085686594
0.8630489659545696	0.8818407553935562
0.8631487058096435	0.8893399377020648
0.8632484456647174	0.888893865170569
0.8633481855197913	0.8803277136261439
0.8634479253748653	0.8842543845682358
0.8635476652299391	0.890342331158408
0.863647405085013	0.88561359378505
0.863747144940087	0.88711228639405
0.8638468847951609	0.8925253967429407
0.8639466246502348	0.8853655515055852
0.8640463645053087	0.8901467606410955
0.8641461043603826	0.8905806597508595
0.8642458442154566	0.8862817962782449
0.8643455840705304	0.8809727884339302
0.8644453239256044	0.888433512094989
0.8645450637806783	0.8914748156154662
0.8646448036357521	0.8920285735603363
0.8647445434908261	0.8831084864381814
0.8648442833459	0.8821819124257125
0.864944023200974	0.8931902276001061
0.8650437630560478	0.8906687829185187
0.8651435029111217	0.8835431906853286
0.8652432427661957	0.8835725389216009
0.8653429826212695	0.8840530665251009
0.8654427224763435	0.8910641741603298
0.8655424623314174	0.8880183858079979
0.8656422021864913	0.8865646013013656
0.8657419420415652	0.8862941132926923
0.8658416818966391	0.8846503733479273
0.8659414217517131	0.8917198501519135
0.866041161606787	0.8915485930709836
0.8661409014618608	0.8874010502458934
0.8662406413169348	0.8918426369228941
0.8663403811720087	0.8902370853215422
0.8664401210270826	0.8858478731572096
0.8665398608821565	0.8913859005654973
0.8666396007372305	0.8863282514386656
0.8667393405923044	0.8892968074879811
0.8668390804473782	0.8861731131191622
0.8669388203024522	0.8907516801151669
0.8670385601575261	0.8842298439030923
0.8671383000126001	0.8815167761598527
0.8672380398676739	0.8922594329693069
0.8673377797227478	0.8905662060104665
0.8674375195778218	0.8892306193334506
0.8675372594328956	0.8837605849796258
0.8676369992879696	0.8811605913552039
0.8677367391430435	0.8912092117339222
0.8678364789981174	0.8929800417094433
0.8679362188531913	0.8895244429992847
0.8680359587082652	0.8898159414635926
0.8681356985633392	0.881464280482463
0.8682354384184131	0.892686843145624
0.8683351782734869	0.8933196580563422
0.8684349181285609	0.8899091500673559
0.8685346579836348	0.8911358792183032
0.8686343978387088	0.8869912356835111
0.8687341376937826	0.8896330373359441
0.8688338775488565	0.8911404811131437
0.8689336174039305	0.885599620444372
0.8690333572590044	0.8868139158416062
0.8691330971140783	0.8805049839239765
0.8692328369691522	0.8856264613292083
0.8693325768242262	0.8843973621474123
0.8694323166793	0.8927866906866566
0.8695320565343739	0.8920988471532835
0.8696317963894479	0.8862958487205842
0.8697315362445218	0.8850353480091451
0.8698312760995957	0.8812160219404949
0.8699310159546696	0.8830508042201548
0.8700307558097435	0.8847628693922815
0.8701304956648174	0.8899215038235017
0.8702302355198913	0.8929518196405537
0.8703299753749653	0.8850726895187142
0.8704297152300392	0.8844949583203601
0.870529455085113	0.8872584880950279
0.870629194940187	0.8848905266120094
0.8707289347952609	0.8849445461124886
0.8708286746503349	0.8935071396256146
0.8709284145054087	0.885023519405495
0.8710281543604826	0.8931912413689961
0.8711278942155566	0.881109768867126
0.8712276340706304	0.8804005522671514
0.8713273739257044	0.890067954609545
0.8714271137807783	0.8830017495861151
0.8715268536358522	0.8822990251509958
0.8716265934909261	0.8829262788347828
0.871726333346	0.8804559990725461
0.871826073201074	0.8887884966945477
0.8719258130561479	0.8838819128637665
0.8720255529112217	0.889725786542418
0.8721252927662957	0.8861693680494399
0.8722250326213696	0.8819710010615945
0.8723247724764435	0.8839306443500716
0.8724245123315174	0.8838570839112287
0.8725242521865914	0.8838516988555103
0.8726239920416653	0.8925732551827225
0.8727237318967391	0.8922970907750356
0.8728234717518131	0.8884922624670833
0.872923211606887	0.8842584608731727
0.8730229514619608	0.8920100995167298
0.8731226913170348	0.8810815954621926
0.8732224311721087	0.8897165739702734
0.8733221710271827	0.8916534362921542
0.8734219108822565	0.8831229043463681
0.8735216507373305	0.8851449679217092
0.8736213905924044	0.8827625634966596
0.8737211304474783	0.889565045656659
0.8738208703025522	0.8863980900588969
0.8739206101576261	0.8865524995669892
0.8740203500127001	0.8890664406107395
0.8741200898677739	0.884584493827864
0.8742198297228478	0.8894381873730147
0.8743195695779218	0.8892818576998818
0.8744193094329957	0.8826269520955546
0.8745190492880696	0.8874310489914833
0.8746187891431435	0.8931941136843999
0.8747185289982174	0.8860103048526662
0.8748182688532914	0.8860272259773438
0.8749180087083652	0.8814562835617099
0.8750177485634392	0.8896331938972315
0.8751174884185131	0.8878488405001769
0.875217228273587	0.8855127826413822
0.8753169681286609	0.8887678088985779
0.8754167079837348	0.882595434772068
0.8755164478388088	0.8906011147497439
0.8756161876938826	0.8808356926398914
0.8757159275489566	0.8836882482003205
0.8758156674040305	0.8849128040481675
0.8759154072591043	0.8832226803841735
0.8760151471141783	0.8818314555268421
0.8761148869692522	0.8917829628848197
0.8762146268243262	0.8828372242099388
0.8763143666794	0.8833053913136281
0.8764141065344739	0.8888273430877215
0.8765138463895479	0.8840051099163665
0.8766135862446218	0.8934341415690623
0.8767133260996957	0.889046613478491
0.8768130659547696	0.8859718478488754
0.8769128058098435	0.8907902177462623
0.8770125456649174	0.8823068627726304
0.8771122855199913	0.885255383165282
0.8772120253750653	0.8902382599528552
0.8773117652301392	0.888584554272258
0.877411505085213	0.8862803147307796
0.877511244940287	0.88761105581757
0.8776109847953609	0.8866995138587163
0.8777107246504349	0.8887152137668124
0.8778104645055087	0.8912110896702887
0.8779102043605826	0.8925494594696115
0.8780099442156566	0.8824873269720225
0.8781096840707304	0.8803448509199672
0.8782094239258044	0.8804830138292573
0.8783091637808783	0.8869276409883615
0.8784089036359523	0.8891640133148684
0.8785086434910261	0.8803382501396502
0.8786083833461	0.8809450688197655
0.878708123201174	0.891904382950245
0.8788078630562478	0.8926158771734163
0.8789076029113218	0.8808537861400695
0.8790073427663957	0.8900068638388845
0.8791070826214696	0.8931579917703328
0.8792068224765435	0.8844378227566784
0.8793065623316174	0.8841859357778821
0.8794063021866914	0.880896535987841
0.8795060420417653	0.8811189281189435
0.8796057818968391	0.8918910790869469
0.8797055217519131	0.8814373439091666
0.879805261606987	0.8830172335962952
0.8799050014620609	0.889930958856335
0.8800047413171348	0.8907382859313383
0.8801044811722087	0.8914547346249533
0.8802042210272827	0.8831694547149314
0.8803039608823565	0.8808611168662572
0.8804037007374305	0.8879612313283581
0.8805034405925044	0.8930057170154173
0.8806031804475783	0.8908380293831455
0.8807029203026522	0.891871194268421
0.8808026601577261	0.8882931124042489
0.8809024000128001	0.8904427680604245
0.8810021398678739	0.8825570734385154
0.8811018797229478	0.8924658264657668
0.8812016195780218	0.8891887644733765
0.8813013594330957	0.887726090861831
0.8814010992881696	0.8871694153743213
0.8815008391432435	0.8928273032912063
0.8816005789983175	0.8808804634148153
0.8817003188533913	0.8824271161329774
0.8818000587084652	0.8900014709142364
0.8818997985635392	0.8863131693851105
0.8819995384186131	0.8899178570186747
0.882099278273687	0.8918923827750503
0.8821990181287609	0.8832610414246562
0.8822987579838348	0.8878679801243392
0.8823984978389088	0.8804933827721216
0.8824982376939826	0.8865085545096371
0.8825979775490566	0.8802918412687529
0.8826977174041305	0.8825783008839417
0.8827974572592043	0.8829801819775965
0.8828971971142783	0.8836051427251143
0.8829969369693522	0.8852301266919673
0.8830966768244262	0.8915983071217697
0.8831964166795	0.888072929626334
0.8832961565345739	0.8900054514054506
0.8833958963896479	0.8916867965925215
0.8834956362447218	0.8899867824215313
0.8835953760997957	0.8905786082931072
0.8836951159548696	0.8879779649742486
0.8837948558099435	0.8920528062948696
0.8838945956650174	0.8918490664388169
0.8839943355200913	0.8869775235773298
0.8840940753751653	0.8917124412883172
0.8841938152302392	0.8881212749245169
0.884293555085313	0.8895050604419666
0.884393294940387	0.8868106079330282
0.8844930347954609	0.8914250986312582
0.8845927746505348	0.8836443408545377
0.8846925145056087	0.8848093781757103
0.8847922543606827	0.8887831090113597
0.8848919942157566	0.8933984648196506
0.8849917340708304	0.8861204679861773
0.8850914739259044	0.8816265401856598
0.8851912137809783	0.8925491915178837
0.8852909536360523	0.8918198856625723
0.8853906934911261	0.8905415068807635
0.8854904333462	0.8902364382414636
0.885590173201274	0.8929923824451218
0.8856899130563478	0.8931799303161596
0.8857896529114218	0.8849599916658933
0.8858893927664957	0.8930776156174834
0.8859891326215696	0.8925802841093149
0.8860888724766435	0.8878227195256796
0.8861886123317174	0.892970361713136
0.8862883521867914	0.8807269860616933
0.8863880920418652	0.8824191818912936
0.8864878318969391	0.8825378896251056
0.8865875717520131	0.8825749215517533
0.886687311607087	0.8822590021369648
0.8867870514621609	0.8929702317493704
0.8868867913172348	0.8826339848160019
0.8869865311723087	0.8919535960874023
0.8870862710273827	0.882699977983774
0.8871860108824565	0.892330223619493
0.8872857507375305	0.8815024576402477
0.8873854905926044	0.8863243565677497
0.8874852304476782	0.8934259048845287
0.8875849703027522	0.887885853822882
0.8876847101578261	0.8810199994734824
0.8877844500129001	0.8809007699957095
0.8878841898679739	0.8879337438926812
0.8879839297230478	0.8877148395347783
0.8880836695781218	0.8897640514726498
0.8881834094331957	0.8879964514472322
0.8882831492882696	0.8825726437323819
0.8883828891433435	0.8853568395337124
0.8884826289984175	0.8818133586297047
0.8885823688534913	0.8898390011302857
0.8886821087085652	0.8905854180686731
0.8887818485636392	0.8851011669451564
0.8888815884187131	0.883510442421708
0.888981328273787	0.892576172625447
0.8890810681288609	0.8869619437334268
0.8891808079839348	0.8835310407384673
0.8892805478390087	0.8927466739618475
0.8893802876940826	0.8815474619016448
0.8894800275491566	0.8929340983716485
0.8895797674042305	0.8830647018042175
0.8896795072593043	0.8846340973268728
0.8897792471143783	0.885904177596043
0.8898789869694522	0.8872573062752827
0.8899787268245262	0.8915068031172736
0.8900784666796	0.8863132410778658
0.8901782065346739	0.8891230244524219
0.8902779463897479	0.8903296342866134
0.8903776862448217	0.8836328405086185
0.8904774260998957	0.8859051577219929
0.8905771659549696	0.881801782820131
0.8906769058100436	0.8888991442252959
0.8907766456651174	0.88296090245346
0.8908763855201913	0.888386232703889
0.8909761253752653	0.8865306605581856
0.8910758652303392	0.8852541536402415
0.891175605085413	0.8864834346857909
0.891275344940487	0.8909035643202391
0.8913750847955609	0.8859034223619189
0.8914748246506348	0.8922707517941645
0.8915745645057087	0.8819546774454071
0.8916743043607827	0.8904675414824242
0.8917740442158566	0.8906634320009233
0.8918737840709304	0.892158205336168
0.8919735239260044	0.8886541690081773
0.8920732637810783	0.8819487977538655
0.8921730036361522	0.8898137850318062
0.8922727434912261	0.8850399238270478
0.8923724833463	0.8843491872375369
0.892472223201374	0.8878710443568165
0.8925719630564478	0.8840938502828533
0.8926717029115218	0.8890270178779939
0.8927714427665957	0.8858535658014597
0.8928711826216696	0.8932127537954
0.8929709224767435	0.882269063258761
0.8930706623318174	0.8826992457462942
0.8931704021868914	0.8904599894450814
0.8932701420419652	0.8853854819876782
0.8933698818970391	0.8830778461826931
0.8934696217521131	0.8920488816300056
0.893569361607187	0.8869232442631519
0.8936691014622609	0.8902991887091297
0.8937688413173348	0.8807660119427003
0.8938685811724087	0.8911442982483933
0.8939683210274827	0.8886616466324232
0.8940680608825565	0.8815836383375866
0.8941678007376305	0.8917243249505622
0.8942675405927044	0.8913963288902086
0.8943672804477782	0.881075127935257
0.8944670203028522	0.8909642515021723
0.8945667601579261	0.8824139112421931
0.8946665000130001	0.8838024245856994
0.8947662398680739	0.8804970553234285
0.8948659797231479	0.8867408850514695
0.8949657195782218	0.8856659849608033
0.8950654594332956	0.8872469043642626
0.8951651992883696	0.8923415513178516
0.8952649391434435	0.880877355443722
0.8953646789985175	0.8884071515448457
0.8954644188535913	0.8872166835126992
0.8955641587086652	0.8902856088221266
0.8956638985637392	0.8818862762055664
0.8957636384188131	0.8816898811607846
0.895863378273887	0.8893076228159816
0.8959631181289609	0.8867680511512755
0.8960628579840348	0.8917609859368105
0.8961625978391087	0.8867873410043305
0.8962623376941826	0.8875778092726557
0.8963620775492566	0.8807635910284568
0.8964618174043305	0.8918640134485072
0.8965615572594043	0.8845690806134459
0.8966612971144783	0.8809648219046611
0.8967610369695522	0.8920373136269727
0.8968607768246262	0.8880147814238621
0.8969605166797	0.8814546460884599
0.897060256534774	0.8883498800458303
0.8971599963898479	0.8826000400544217
0.8972597362449217	0.8912426071983683
0.8973594760999957	0.8893345357516427
0.8974592159550696	0.8828033328786679
0.8975589558101436	0.8811684221939646
0.8976586956652174	0.8920058801828614
0.8977584355202913	0.8915023587522755
0.8978581753753653	0.8880582893310549
0.8979579152304391	0.8878313627459845
0.898057655085513	0.8871284121561749
0.898157394940587	0.8825194824484531
0.8982571347956609	0.8826929361819871
0.8983568746507348	0.88482117711794
0.8984566145058087	0.8844375714522625
0.8985563543608827	0.8807987092455992
0.8986560942159566	0.8828758273004855
0.8987558340710304	0.881321900949252
0.8988555739261044	0.8900053303191223
0.8989553137811783	0.8819764203781549
0.8990550536362522	0.8853713665779042
0.8991547934913261	0.8814735373346431
0.8992545333464	0.8841642670136848
0.899354273201474	0.8812403081183224
0.8994540130565478	0.8897248486976891
0.8995537529116218	0.8908479563279074
0.8996534927666957	0.8900453387714329
0.8997532326217696	0.8818023442841134
0.8998529724768435	0.882758218640847
0.8999527123319174	0.8829113925855642
0.9000524521869914	0.8842780300980193
0.9001521920420652	0.8926850613300896
0.9002519318971391	0.8907526792867589
0.9003516717522131	0.8902489104253991
0.900451411607287	0.8927602933035669
0.9005511514623609	0.8840091249342377
0.9006508913174348	0.8879459475615035
0.9007506311725088	0.8926553925384799
0.9008503710275826	0.8806628256127866
0.9009501108826565	0.8870995101363451
0.9010498507377305	0.8925758408009816
0.9011495905928044	0.8835369307240826
0.9012493304478782	0.8836414917819253
0.9013490703029522	0.8863914773433978
0.9014488101580261	0.8891052507895953
0.9015485500131001	0.8866977912954688
0.9016482898681739	0.8889684636247525
0.9017480297232479	0.8860564782160518
0.9018477695783218	0.8890145580062105
0.9019475094333957	0.885933596921569
0.9020472492884696	0.8807825998723796
0.9021469891435435	0.8892568702808926
0.9022467289986175	0.891418552440546
0.9023464688536913	0.8825379340309197
0.9024462087087652	0.8835363178426486
0.9025459485638392	0.8845400549517825
0.9026456884189131	0.8905881478707579
0.902745428273987	0.8854288065578322
0.9028451681290609	0.881446692295206
0.9029449079841348	0.8930552090118757
0.9030446478392087	0.8901726357858049
0.9031443876942826	0.883566062954655
0.9032441275493566	0.8916576794984804
0.9033438674044305	0.8862835408064675
0.9034436072595043	0.8887761457725049
0.9035433471145783	0.8915954184217756
0.9036430869696522	0.8834092953718539
0.9037428268247261	0.8916649408183055
0.9038425666798	0.8827504913193088
0.903942306534874	0.8911555259250279
0.9040420463899479	0.8904002747014673
0.9041417862450217	0.8873908466528972
0.9042415261000957	0.8815868683264028
0.9043412659551696	0.8875596220364249
0.9044410058102436	0.8928478429638651
0.9045407456653174	0.8890365662536223
0.9046404855203913	0.8926641051561642
0.9047402253754653	0.8824250249264037
0.9048399652305392	0.8806835606135308
0.904939705085613	0.8909600464737212
0.905039444940687	0.889108597799761
0.9051391847957609	0.8921037648981661
0.9052389246508348	0.8890224508702542
0.9053386645059087	0.8894990307934941
0.9054384043609827	0.8880762768245568
0.9055381442160566	0.8868470248378001
0.9056378840711304	0.887180719338497
0.9057376239262044	0.8833964562251114
0.9058373637812783	0.8892866407560589
0.9059371036363522	0.8840917203511858
0.9060368434914261	0.8925276838837067
0.9061365833465	0.8852727299618096
0.906236323201574	0.8896918736425924
0.9063360630566478	0.8888811117781893
0.9064358029117218	0.8918787360970681
0.9065355427667957	0.8910502590379916
0.9066352826218695	0.8880946806706079
0.9067350224769435	0.8934894020644377
0.9068347623320174	0.883655405589386
0.9069345021870914	0.8932983181113839
0.9070342420421652	0.8899127862018006
0.9071339818972391	0.8839182494820759
0.9072337217523131	0.8855988675473245
0.907333461607387	0.8873493128936264
0.9074332014624609	0.8857241613905146
0.9075329413175348	0.8832276356900134
0.9076326811726088	0.8835470662121161
0.9077324210276827	0.891313025118969
0.9078321608827565	0.8934139037057075
0.9079319007378305	0.8924975675489363
0.9080316405929044	0.8805050914452218
0.9081313804479783	0.8878214421596133
0.9082311203030522	0.8826249938368055
0.9083308601581261	0.8895051419983756
0.9084306000132001	0.8900131259195646
0.9085303398682739	0.8845401338221364
0.9086300797233479	0.8875282224084697
0.9087298195784218	0.8898962687458477
0.9088295594334956	0.8851196729011316
0.9089292992885696	0.8850155368225346
0.9090290391436435	0.8875187205808197
0.9091287789987175	0.8887307425321055
0.9092285188537913	0.8873894964895
0.9093282587088652	0.8869596669195396
0.9094279985639392	0.8928590702639433
0.909527738419013	0.8860913130738316
0.909627478274087	0.8906355457835624
0.9097272181291609	0.8856555539414132
0.9098269579842349	0.8910562298271782
0.9099266978393087	0.8843939052742871
0.9100264376943826	0.8815141144771678
0.9101261775494566	0.8911185469841854
0.9102259174045305	0.8851529332231544
0.9103256572596043	0.8915564232194969
0.9104253971146783	0.8915059362319514
0.9105251369697522	0.8813275754630728
0.9106248768248262	0.8826112250696913
0.9107246166799	0.8875622834981589
0.910824356534974	0.8854214683011113
0.9109240963900479	0.8803916817426944
0.9110238362451217	0.8933447616734868
0.9111235761001957	0.8814223173290648
0.9112233159552696	0.8836000484071426
0.9113230558103436	0.8901747667764157
0.9114227956654174	0.8881329543727248
0.9115225355204913	0.8918847574132289
0.9116222753755653	0.8896006507633457
0.9117220152306391	0.8840600702412401
0.9118217550857131	0.8885644857525488
0.911921494940787	0.8820600687886443
0.912021234795861	0.8919272321050445
0.9121209746509348	0.8893204733925626
0.9122207145060087	0.8924851391772642
0.9123204543610827	0.8875042661055265
0.9124201942161565	0.8909011112127991
0.9125199340712304	0.8881461103398564
0.9126196739263044	0.8874540987653315
0.9127194137813783	0.8841822036216062
0.9128191536364522	0.8824413017652
0.9129188934915261	0.8830232501238504
0.9130186333466	0.8891641731629107
0.913118373201674	0.8897834758272718
0.9132181130567478	0.881703523443078
0.9133178529118218	0.888164419467915
0.9134175927668957	0.8844585309288437
0.9135173326219697	0.8914388809845327
0.9136170724770435	0.8909379901936046
0.9137168123321174	0.8830483169536874
0.9138165521871914	0.8832907052205073
0.9139162920422652	0.8839684196991375
0.9140160318973392	0.8892705273885053
0.9141157717524131	0.8888742891058022
0.914215511607487	0.8838710939793305
0.9143152514625609	0.8892949589412765
0.9144149913176348	0.8916934288316823
0.9145147311727088	0.8878342008647832
0.9146144710277826	0.8918068049370268
0.9147142108828565	0.8927136776078364
0.9148139507379305	0.885676777383156
0.9149136905930044	0.886352224473463
0.9150134304480783	0.885821142426998
0.9151131703031522	0.8896877453948514
0.9152129101582261	0.887486095977207
0.9153126500133	0.8815182316852753
0.9154123898683739	0.8812721934758136
0.9155121297234479	0.8906312578137024
0.9156118695785218	0.8855753955567756
0.9157116094335956	0.8915741926865555
0.9158113492886696	0.8862585964053602
0.9159110891437435	0.8870152208802748
0.9160108289988175	0.8925386830238693
0.9161105688538913	0.8889454486937346
0.9162103087089652	0.8839833413742997
0.9163100485640392	0.8860034915988834
0.9164097884191131	0.890944485791388
0.916509528274187	0.8845126779142739
0.9166092681292609	0.8828511718023111
0.9167090079843349	0.8815810778500681
0.9168087478394087	0.8816965401520652
0.9169084876944826	0.8838302243114237
0.9170082275495566	0.8803784288583353
0.9171079674046305	0.8928712673835427
0.9172077072597044	0.8878176612588808
0.9173074471147783	0.8849822565826275
0.9174071869698522	0.8818730955959608
0.9175069268249261	0.8859717935691745
0.91760666668	0.8893580288710284
0.917706406535074	0.8835885910339843
0.9178061463901479	0.8918356902833424
0.9179058862452217	0.8903319476428107
0.9180056261002957	0.8842105249024947
0.9181053659553696	0.8901338996134368
0.9182051058104435	0.8915654950548269
0.9183048456655174	0.8896548491751602
0.9184045855205913	0.8922704063301037
0.9185043253756653	0.8929453156701508
0.9186040652307391	0.8863309789204402
0.9187038050858131	0.8841543176104006
0.918803544940887	0.8883855885355756
0.918903284795961	0.883080292688343
0.9190030246510348	0.8901257812551917
0.9191027645061087	0.88209489575925
0.9192025043611827	0.880277581270213
0.9193022442162566	0.8862282371684431
0.9194019840713304	0.8802047431916813
0.9195017239264044	0.8878678481763146
0.9196014637814783	0.893305711371803
0.9197012036365523	0.8927863804078637
0.9198009434916261	0.8925863590524873
0.9199006833467	0.8816471717456555
0.920000423201774	0.8806943830465825
0.9201001630568479	0.885812627197474
0.9201999029119218	0.8863533333166634
0.9202996427669957	0.8907041090781151
0.9203993826220697	0.8849090857000134
0.9204991224771435	0.8877170328508208
0.9205988623322174	0.88168293326378
0.9206986021872914	0.8808526759805576
0.9207983420423653	0.8911376669658168
0.9208980818974392	0.8810194905674033
0.9209978217525131	0.8897841571749018
0.921097561607587	0.8868724165937272
0.9211973014626609	0.890286001607907
0.9212970413177348	0.8877814925663671
0.9213967811728088	0.8832764309920158
0.9214965210278827	0.8811300984789382
0.9215962608829565	0.893444456399522
0.9216960007380305	0.889892646834437
0.9217957405931044	0.8881584763557401
0.9218954804481784	0.8904178099613868
0.9219952203032522	0.8899664110254812
0.9220949601583261	0.8840218719309366
0.9221947000134001	0.8840224791736753
0.9222944398684739	0.8803313355163214
0.9223941797235479	0.8911453676125487
0.9224939195786218	0.8908553408305685
0.9225936594336958	0.8819012893223664
0.9226933992887696	0.888071193142019
0.9227931391438435	0.8857335900181192
0.9228928789989175	0.8887520258384806
0.9229926188539914	0.8868819762733349
0.9230923587090653	0.8869482726687028
0.9231920985641392	0.8923107918321964
0.9232918384192131	0.8909723367903216
0.923391578274287	0.8809132684255753
0.9234913181293609	0.8887557876696388
0.9235910579844349	0.882294318744136
0.9236907978395088	0.8900241446200394
0.9237905376945826	0.8896401478816789
0.9238902775496566	0.8890480942996424
0.9239900174047305	0.8801806397362534
0.9240897572598044	0.8847188658157421
0.9241894971148783	0.8908124523125884
0.9242892369699522	0.884535781051229
0.9243889768250262	0.8890160639222443
0.9244887166801	0.8821638366372285
0.924588456535174	0.8802979061734704
0.9246881963902479	0.8865272136738235
0.9247879362453219	0.8805976475826525
0.9248876761003957	0.8921319488834665
0.9249874159554696	0.8903888044476239
0.9250871558105436	0.890750811502387
0.9251868956656174	0.8845937222827053
0.9252866355206913	0.8851985613646836
0.9253863753757653	0.8806283390868191
0.9254861152308392	0.8844021351597453
0.9255858550859131	0.8922037288651303
0.925685594940987	0.881657162410117
0.925785334796061	0.8929191593874417
0.9258850746511349	0.8923479116885982
0.9259848145062087	0.8923336267333423
0.9260845543612827	0.8815962378551873
0.9261842942163566	0.8826307928496088
0.9262840340714305	0.8931558296100535
0.9263837739265044	0.8887108868258746
0.9264835137815783	0.8923184505698999
0.9265832536366523	0.8926762054058608
0.9266829934917261	0.8878152387879504
0.9267827333468001	0.8915447572381511
0.926882473201874	0.8895750675468521
0.9269822130569478	0.8835761962144271
0.9270819529120218	0.8924515881374863
0.9271816927670957	0.8818125670212735
0.9272814326221697	0.8830130871312304
0.9273811724772435	0.8820969115681713
0.9274809123323174	0.8911864058115202
0.9275806521873914	0.8810396586794431
0.9276803920424653	0.8811261661401917
0.9277801318975392	0.8869614125910018
0.9278798717526131	0.8873121624653387
0.927979611607687	0.8863709651081316
0.9280793514627609	0.8829194455999506
0.9281790913178348	0.8801584515100015
0.9282788311729088	0.8862882064338652
0.9283785710279827	0.8802652986255549
0.9284783108830565	0.8867738252755365
0.9285780507381305	0.8845404703475984
0.9286777905932044	0.886232615565171
0.9287775304482784	0.8924952360815107
0.9288772703033522	0.8844467897618197
0.9289770101584262	0.8921712241735018
0.9290767500135001	0.8835429947414473
0.9291764898685739	0.8819986006233492
0.9292762297236479	0.8833557144627456
0.9293759695787218	0.8891002812128168
0.9294757094337958	0.8856137951191988
0.9295754492888696	0.8905809370033481
0.9296751891439435	0.8866604190033934
0.9297749289990175	0.8878985802958056
0.9298746688540913	0.8921678832276391
0.9299744087091653	0.8840246038899595
0.9300741485642392	0.8913437237885178
0.9301738884193131	0.8867517140910584
0.930273628274387	0.8853981871509741
0.9303733681294609	0.8807591636734932
0.9304731079845349	0.8818949965648746
0.9305728478396088	0.8869445289039789
0.9306725876946826	0.884091551856844
0.9307723275497566	0.8848889209577825
0.9308720674048305	0.8928924696298581
0.9309718072599044	0.8802579823777469
0.9310715471149783	0.8859587838989402
0.9311712869700522	0.8903817981636297
0.9312710268251262	0.8906120830942627
0.9313707666802	0.8922575206280197
0.931470506535274	0.893024174776543
0.9315702463903479	0.8887870884422321
0.9316699862454219	0.8930527606627532
0.9317697261004957	0.8915952372349047
0.9318694659555696	0.8897411968395842
0.9319692058106436	0.8917145970847093
0.9320689456657174	0.8883745414608519
0.9321686855207914	0.8840718364777703
0.9322684253758653	0.8903842083896877
0.9323681652309392	0.8844572359843299
0.9324679050860131	0.8918776046993295
0.932567644941087	0.8890559982069891
0.932667384796161	0.8835440774490098
0.9327671246512348	0.8847482113301796
0.9328668645063087	0.8898137260044927
0.9329666043613827	0.8878315364683624
0.9330663442164566	0.8856553406325965
0.9331660840715305	0.8923583857210055
0.9332658239266044	0.8902525357457843
0.9333655637816783	0.8917645904339285
0.9334653036367523	0.8909587023446205
0.9335650434918261	0.8918542775510013
0.9336647833469001	0.8825342415556738
0.933764523201974	0.8927095059689751
0.9338642630570478	0.8930494923568068
0.9339640029121218	0.8929043957034515
0.9340637427671957	0.8930908185640075
0.9341634826222697	0.8805719488212805
0.9342632224773435	0.8921903108609562
0.9343629623324174	0.8836327277732864
0.9344627021874914	0.8866757101894871
0.9345624420425653	0.886292031769705
0.9346621818976392	0.8895218014658571
0.9347619217527131	0.8820611774353676
0.934861661607787	0.8919747841091268
0.9349614014628609	0.8826467424370621
0.9350611413179348	0.8881608356409572
0.9351608811730088	0.8856305507796248
0.9352606210280827	0.8801750419194754
0.9353603608831565	0.8830623766265483
0.9354601007382305	0.8850706394107334
0.9355598405933044	0.8858979507076743
0.9356595804483783	0.8910072870004896
0.9357593203034522	0.8853403414712142
0.9358590601585262	0.8811335992742042
0.9359588000136001	0.8917700868545508
0.9360585398686739	0.8912919241960331
0.9361582797237479	0.8860616624871309
0.9362580195788218	0.889445007858322
0.9363577594338958	0.8801174179998671
0.9364574992889696	0.8870444688974346
0.9365572391440435	0.8929553526242857
0.9366569789991175	0.8913013379918929
0.9367567188541913	0.8926474569460843
0.9368564587092653	0.8843467906636694
0.9369561985643392	0.8827508840288061
0.9370559384194131	0.8820502870242672
0.937155678274487	0.8874072896467609
0.9372554181295609	0.8864357832889516
0.9373551579846349	0.89180650459069
0.9374548978397088	0.8872879560756451
0.9375546376947826	0.8859385670427806
0.9376543775498566	0.8808226861505721
0.9377541174049305	0.8803321988432682
0.9378538572600044	0.8828292956713799
0.9379535971150783	0.8846167501625498
0.9380533369701523	0.8921677069007445
0.9381530768252262	0.8812173387473168
0.9382528166803	0.8930416271229186
0.938352556535374	0.889019684427671
0.9384522963904479	0.8879565116755642
0.9385520362455217	0.888867075732088
0.9386517761005957	0.8916705576827404
0.9387515159556696	0.8882437351697882
0.9388512558107436	0.8822215613851825
0.9389509956658174	0.8815603035869807
0.9390507355208914	0.886133604273522
0.9391504753759653	0.8926375332114846
0.9392502152310392	0.8878259377996642
0.9393499550861131	0.889180784196951
0.939449694941187	0.8872510775647298
0.939549434796261	0.8933408877165183
0.9396491746513348	0.8893342012413086
0.9397489145064087	0.8886010121209734
0.9398486543614827	0.8883122921002654
0.9399483942165566	0.8836798610030842
0.9400481340716305	0.892067451620265
0.9401478739267044	0.890589861419528
0.9402476137817783	0.8881835192826555
0.9403473536368523	0.8906940804535126
0.9404470934919261	0.8930064806156915
0.9405468333470001	0.8840803347395211
0.940646573202074	0.8930415595625707
0.9407463130571478	0.8890656044346418
0.9408460529122218	0.89196654572382
0.9409457927672957	0.8876364167290658
0.9410455326223697	0.8840549967022451
0.9411452724774435	0.8851470552317369
0.9412450123325175	0.8855328984419267
0.9413447521875914	0.8865428963453151
0.9414444920426652	0.891542627387942
0.9415442318977392	0.8811506354647528
0.9416439717528131	0.8859346648153036
0.9417437116078871	0.8866915940262936
0.9418434514629609	0.8886108604095269
0.9419431913180348	0.8806510270565032
0.9420429311731088	0.8926753493124213
0.9421426710281827	0.8916083654857662
0.9422424108832566	0.8904402529904147
0.9423421507383305	0.8841689657337712
0.9424418905934044	0.8933739583127196
0.9425416304484783	0.8860834483897909
0.9426413703035522	0.8917959930252767
0.9427411101586262	0.8892836794596674
0.9428408500137001	0.8845768604422392
0.9429405898687739	0.8892522962056733
0.9430403297238479	0.8804581048902038
0.9431400695789218	0.8920492930064783
0.9432398094339958	0.8905909761340152
0.9433395492890696	0.8884101992355482
0.9434392891441435	0.8917472965903952
0.9435390289992175	0.8927164775211843
0.9436387688542913	0.8844016566133427
0.9437385087093653	0.8928643919109298
0.9438382485644392	0.8848771312240699
0.9439379884195132	0.8833415718822099
0.944037728274587	0.8929663053630058
0.9441374681296609	0.8852134325378795
0.9442372079847349	0.8853515015052452
0.9443369478398087	0.8807122829935071
0.9444366876948826	0.8901847306405449
0.9445364275499566	0.8841865334387977
0.9446361674050305	0.8880983753462078
0.9447359072601044	0.889143282370058
0.9448356471151783	0.8884907277679048
0.9449353869702523	0.8864122084356516
0.9450351268253262	0.88208716196754
0.9451348666804	0.8919038445018831
0.945234606535474	0.8883030314615922
0.9453343463905479	0.8901273388685805
0.9454340862456218	0.8821497512930921
0.9455338261006957	0.8902399104528202
0.9456335659557696	0.8849262276046329
0.9457333058108436	0.885487476110781
0.9458330456659174	0.8857914701698336
0.9459327855209914	0.8865840775759151
0.9460325253760653	0.8837755198136541
0.9461322652311392	0.8866118726767775
0.9462320050862131	0.8902692643202028
0.946331744941287	0.8836115263833927
0.946431484796361	0.8869318597768285
0.9465312246514348	0.8809528123036863
0.9466309645065087	0.886361407894273
0.9467307043615827	0.8922990373348041
0.9468304442166566	0.8896511624117535
0.9469301840717305	0.886620335750835
0.9470299239268044	0.8920361323280107
0.9471296637818784	0.8900473028754526
0.9472294036369522	0.8928001092714
0.9473291434920261	0.8852885485650109
0.9474288833471001	0.8862116261383842
0.947528623202174	0.887692514041595
0.9476283630572478	0.8876609632117839
0.9477281029123218	0.8925668543720874
0.9478278427673957	0.8899315814195334
0.9479275826224697	0.8866119391967036
0.9480273224775435	0.8883158615723212
0.9481270623326175	0.8891002812779492
0.9482268021876914	0.8924541144110649
0.9483265420427652	0.8845312010148112
0.9484262818978392	0.8811068549226269
0.9485260217529131	0.8844294171370598
0.9486257616079871	0.8890098206970477
0.9487255014630609	0.8911137713915679
0.9488252413181348	0.8912037651563219
0.9489249811732088	0.8894277484558866
0.9490247210282827	0.8884944677467403
0.9491244608833566	0.889150760183426
0.9492242007384305	0.8864923437089576
0.9493239405935044	0.885123044283603
0.9494236804485783	0.8827244829586848
0.9495234203036522	0.8812105638755281
0.9496231601587262	0.8824456862753923
0.9497229000138001	0.8834648754499131
0.9498226398688739	0.8865708276954574
0.9499223797239479	0.8919099121096674
0.9500221195790218	0.8845937100641
0.9501218594340957	0.8800769437958589
0.9502215992891696	0.8845996077511888
0.9503213391442435	0.8864803482912175
0.9504210789993175	0.8899396824396881
0.9505208188543913	0.8892447446487366
0.9506205587094653	0.8805812895909508
0.9507202985645392	0.8922660677834432
0.9508200384196132	0.8856650077931758
0.950919778274687	0.888232212676043
0.9510195181297609	0.8861811688543615
0.9511192579848349	0.8835827944740149
0.9512189978399087	0.8807857065970538
0.9513187376949827	0.8850490324718715
0.9514184775500566	0.8819999596025394
0.9515182174051305	0.8849554225603188
0.9516179572602044	0.8911149615820224
0.9517176971152783	0.8825503339022356
0.9518174369703523	0.8821991881354021
0.9519171768254262	0.8801413445857089
0.9520169166805	0.8919493842063269
0.952116656535574	0.8825735207747631
0.9522163963906479	0.8911863185667891
0.9523161362457218	0.8909399343823519
0.9524158761007957	0.8893252718288922
0.9525156159558696	0.8821976841688473
0.9526153558109436	0.8908336505041884
0.9527150956660174	0.8896186271570653
0.9528148355210914	0.8874496955989247
0.9529145753761653	0.8829170632159244
0.9530143152312391	0.8856254493243858
0.9531140550863131	0.8911508105394538
0.953213794941387	0.8894100689844738
0.953313534796461	0.882247813506093
0.9534132746515348	0.8812453813746427
0.9535130145066087	0.8902799439669746
0.9536127543616827	0.8870362810373745
0.9537124942167566	0.8853290132316631
0.9538122340718305	0.891124596549799
0.9539119739269044	0.8822562323953529
0.9540117137819784	0.8898010028925498
0.9541114536370522	0.8824429266791355
0.9542111934921261	0.8912074158738538
0.9543109333472001	0.8884025529442863
0.954410673202274	0.8878531009391055
0.9545104130573479	0.883949532292288
0.9546101529124218	0.8912613747971516
0.9547098927674957	0.891603765810632
0.9548096326225697	0.8907072478879547
0.9549093724776435	0.887477023848391
0.9550091123327175	0.8901834254511056
0.9551088521877914	0.8901827858343568
0.9552085920428652	0.8816687572470077
0.9553083318979392	0.885388175614557
0.9554080717530131	0.8882535872087074
0.9555078116080871	0.8911087041768532
0.9556075514631609	0.8843315485625182
0.9557072913182348	0.8886197879065154
0.9558070311733088	0.8806455006101175
0.9559067710283826	0.8930690611220486
0.9560065108834566	0.8913873695859902
0.9561062507385305	0.8922842985923007
0.9562059905936044	0.8803306642549946
0.9563057304486783	0.8854606010127732
0.9564054703037522	0.8851564377529417
0.9565052101588262	0.8807734007975505
0.9566049500139001	0.8820070646699726
0.956704689868974	0.8873205569537925
0.9568044297240479	0.883025570304874
0.9569041695791218	0.8887156557413243
0.9570039094341957	0.8828022646928777
0.9571036492892696	0.8854673154854031
0.9572033891443436	0.8828522162676766
0.9573031289994175	0.8882075415290541
0.9574028688544913	0.8912117192051053
0.9575026087095653	0.880543402040031
0.9576023485646392	0.887268169903276
0.9577020884197132	0.890961315812634
0.957801828274787	0.892228369754239
0.9579015681298609	0.8864964510966797
0.9580013079849349	0.8872563942048727
0.9581010478400087	0.8914050274947152
0.9582007876950827	0.884554646954029
0.9583005275501566	0.8906165933222542
0.9584002674052305	0.8905563353920295
0.9585000072603044	0.8925298992808738
0.9585997471153783	0.881310223862951
0.9586994869704523	0.8873929561649613
0.9587992268255261	0.8812563721253779
0.9588989666806	0.884202426086047
0.958998706535674	0.884709142299328
0.9590984463907479	0.8922903219157992
0.9591981862458218	0.8813842985749739
0.9592979261008957	0.8843132552870444
0.9593976659559696	0.8888467695793447
0.9594974058110436	0.8913469447075539
0.9595971456661174	0.8841116741142409
0.9596968855211914	0.886994386427935
0.9597966253762653	0.8819881662242177
0.9598963652313391	0.8823063547153716
0.9599961050864131	0.889656420920202
0.960095844941487	0.8847740591857599
0.960195584796561	0.8846985534906787
0.9602953246516348	0.8863452919954025
0.9603950645067088	0.890474380782063
0.9604948043617827	0.8909413786230669
0.9605945442168566	0.8871119810992939
0.9606942840719305	0.8845396101008535
0.9607940239270044	0.8821174079942169
0.9608937637820784	0.8898918564760178
0.9609935036371522	0.8884765933366341
0.9610932434922261	0.8814046932787284
0.9611929833473001	0.8884688812423533
0.961292723202374	0.8906928375411597
0.9613924630574479	0.8831982336794765
0.9614922029125218	0.8881347585855986
0.9615919427675957	0.8804355347532484
0.9616916826226696	0.8860821033802332
0.9617914224777435	0.8800317394634953
0.9618911623328175	0.8915372796714084
0.9619909021878914	0.8823672879184995
0.9620906420429652	0.8914860135381459
0.9621903818980392	0.8932097850177598
0.9622901217531131	0.891587227189267
0.9623898616081871	0.8836141624539925
0.9624896014632609	0.8907682919457537
0.9625893413183348	0.8831668662665583
0.9626890811734088	0.8865377255511054
0.9627888210284826	0.8839984482267181
0.9628885608835566	0.8897786177588085
0.9629883007386305	0.8882704201674099
0.9630880405937045	0.8901276047329011
0.9631877804487783	0.8853620364597519
0.9632875203038522	0.8848091378539581
0.9633872601589262	0.8851088556386317
0.9634870000140001	0.8823904306659603
0.963586739869074	0.8805220847792272
0.9636864797241479	0.8913202317818574
0.9637862195792218	0.889403712991983
0.9638859594342957	0.8886072147947479
0.9639856992893696	0.8825527410346907
0.9640854391444436	0.8860308525370361
0.9641851789995175	0.8861385425636963
0.9642849188545913	0.8868776241657622
0.9643846587096653	0.8890534717514281
0.9644843985647392	0.8829909701346101
0.964584138419813	0.8898560658484018
0.964683878274887	0.8802098574189043
0.9647836181299609	0.8910193189365329
0.9648833579850349	0.890981106236053
0.9649830978401087	0.8932300062286056
0.9650828376951827	0.8899436720664037
0.9651825775502566	0.8879697645670832
0.9652823174053305	0.8832060733579504
0.9653820572604044	0.8840596983019379
0.9654817971154783	0.8828757104427524
0.9655815369705523	0.8904422482660288
0.9656812768256261	0.881079641384069
0.9657810166807	0.8820555728496979
0.965880756535774	0.8892859433928587
0.9659804963908479	0.8894471598625523
0.9660802362459218	0.8804792194853321
0.9661799761009957	0.8914404338757389
0.9662797159560697	0.8890465708383484
0.9663794558111436	0.8810477106183109
0.9664791956662174	0.8831246586952823
0.9665789355212914	0.8850902496088386
0.9666786753763653	0.8924056925332164
0.9667784152314391	0.8868210828671245
0.9668781550865131	0.8881362335920268
0.966977894941587	0.8853455886293725
0.967077634796661	0.8914720378899543
0.9671773746517348	0.8809802099001364
0.9672771145068088	0.8816645646080995
0.9673768543618827	0.8859200380211892
0.9674765942169565	0.8912734442378908
0.9675763340720305	0.8853260951578855
0.9676760739271044	0.8924713370147522
0.9677758137821784	0.8914735813638264
0.9678755536372522	0.8802539930934545
0.9679752934923261	0.8839796899301279
0.9680750333474001	0.8876050572345395
0.968174773202474	0.8926875813172275
0.9682745130575479	0.8847252916250495
0.9683742529126218	0.8907415963285621
0.9684739927676957	0.8834721738515235
0.9685737326227696	0.8856232607084034
0.9686734724778435	0.8841333692326202
0.9687732123329175	0.8888756094347955
0.9688729521879914	0.8879673510325755
0.9689726920430652	0.8819218662731632
0.9690724318981392	0.8801531612808245
0.9691721717532131	0.8928812931647636
0.9692719116082871	0.8902191325767559
0.9693716514633609	0.8918529585713963
0.9694713913184348	0.8899503064893363
0.9695711311735088	0.8811544293097909
0.9696708710285826	0.891694126410817
0.9697706108836566	0.8851846633021515
0.9698703507387305	0.8826396469813382
0.9699700905938045	0.8904462559368989
0.9700698304488783	0.8865357084683834
0.9701695703039522	0.8884910295062796
0.9702693101590261	0.8909913762863128
0.9703690500141	0.890481144985709
0.9704687898691738	0.8912912729516366
0.9705685297242478	0.8871501809095967
0.9706682695793217	0.891652979373876
0.9707680094343957	0.8822054974760678
0.9708677492894695	0.8810855409692133
0.9709674891445434	0.8817837301759064
0.9710672289996174	0.8804793599162574
0.9711669688546913	0.8920823375605272
0.9712667087097652	0.8903394402410054
0.9713664485648391	0.8914050187810358
0.9714661884199131	0.8899207284229986
0.9715659282749869	0.8818117824682474
0.9716656681300608	0.8887518499737898
0.9717654079851348	0.889355725252882
0.9718651478402087	0.8849809984570409
0.9719648876952826	0.8858312538680209
0.9720646275503565	0.8852562308748982
0.9721643674054304	0.8915567272971151
0.9722641072605043	0.8818091882574896
0.9723638471155782	0.8805581787786066
0.9724635869706522	0.8892822370880674
0.9725633268257261	0.8871344777620916
0.9726630666807999	0.8896632408577774
0.9727628065358739	0.8859735561976496
0.9728625463909478	0.8877618659270773
0.9729622862460218	0.8861059132453212
0.9730620261010956	0.8812802814969668
0.9731617659561695	0.8816299610971607
0.9732615058112435	0.8910851232954267
0.9733612456663173	0.8894079496270838
0.9734609855213913	0.8896681838324743
0.9735607253764652	0.8925435596293674
0.9736604652315392	0.8839294079203084
0.973760205086613	0.891732529028766
0.9738599449416869	0.8880342445707016
0.9739596847967609	0.8891415332386026
0.9740594246518348	0.8886675104359902
0.9741591645069086	0.886397346858592
0.9742589043619826	0.8922663751728811
0.9743586442170565	0.8921794551536381
0.9744583840721304	0.8845991571211405
0.9745581239272043	0.8824206800302699
0.9746578637822783	0.8897891816710729
0.9747576036373522	0.8902308977870174
0.974857343492426	0.8897562683925562
0.9749570833475	0.8882853240585392
0.9750568232025739	0.8922302869668965
0.9751565630576478	0.8834256799008025
0.9752563029127217	0.8826872819800052
0.9753560427677956	0.8919063145895938
0.9754557826228696	0.8808032156209139
0.9755555224779434	0.8806744459196719
0.9756552623330174	0.8843402524434554
0.9757550021880913	0.8892556092662334
0.9758547420431652	0.8813832144619498
0.9759544818982391	0.8804317173289222
0.976054221753313	0.8828939090793327
0.976153961608387	0.8883144025720325
0.9762537014634608	0.8925250156883531
0.9763534413185347	0.8838552218977243
0.9764531811736087	0.8820250903442455
0.9765529210286826	0.8850404827801526
0.9766526608837565	0.8839090896132767
0.9767524007388304	0.8901981540389615
0.9768521405939044	0.8801098597666012
0.9769518804489783	0.881207205421373
0.9770516203040521	0.884953568892069
0.9771513601591261	0.8849265406045722
0.9772511000142	0.881493430489191
0.9773508398692738	0.8891478467364906
0.9774505797243478	0.8845910645362894
0.9775503195794217	0.8924713337217823
0.9776500594344957	0.8822514499553764
0.9777497992895695	0.8898830487639604
0.9778495391446435	0.8860372331271094
0.9779492789997174	0.8841365605922679
0.9780490188547912	0.8839420858732098
0.9781487587098652	0.8801078293693212
0.9782484985649391	0.882442357845407
0.9783482384200131	0.8815502618151739
0.9784479782750869	0.8919300205524281
0.9785477181301608	0.8851187379805473
0.9786474579852348	0.8924000586290638
0.9787471978403087	0.8824438333158705
0.9788469376953826	0.8851623342938012
0.9789466775504565	0.8852012413866448
0.9790464174055304	0.8913867639116727
0.9791461572606043	0.8852346502384252
0.9792458971156782	0.886450782798588
0.9793456369707522	0.8915486336742118
0.9794453768258261	0.8856598159461168
0.9795451166808999	0.8800640776338908
0.9796448565359739	0.886438740399979
0.9797445963910478	0.8806850351980717
0.9798443362461218	0.8890761760470891
0.9799440761011956	0.8843193973733637
0.9800438159562695	0.8805471868995551
0.9801435558113435	0.8901163812122531
0.9802432956664173	0.8859419997640684
0.9803430355214913	0.8923652568849144
0.9804427753765652	0.8851012488883173
0.9805425152316392	0.8894996477361281
0.980642255086713	0.8903226824371949
0.9807419949417869	0.8855772264499935
0.9808417347968609	0.8837878791967996
0.9809414746519347	0.8841576549125642
0.9810412145070087	0.8869833691261152
0.9811409543620826	0.8838793332075641
0.9812406942171565	0.8817253639012135
0.9813404340722304	0.8847956079079604
0.9814401739273043	0.8816714535575977
0.9815399137823783	0.8886778097985164
0.9816396536374522	0.8922880868998019
0.981739393492526	0.8856587768403984
0.9818391333476	0.8876250051334245
0.9819388732026739	0.8841299739915217
0.9820386130577478	0.8840020886011972
0.9821383529128217	0.8803448079597501
0.9822380927678956	0.8820193657463055
0.9823378326229696	0.8909218642726974
0.9824375724780434	0.8858830400030702
0.9825373123331174	0.8863408560893774
0.9826370521881913	0.8852784404231617
0.9827367920432653	0.8835389426561208
0.9828365318983391	0.8902462816617687
0.982936271753413	0.8908960941140047
0.983036011608487	0.8838986964912017
0.9831357514635608	0.8853686859087482
0.9832354913186347	0.8854502568571638
0.9833352311737087	0.8843530992386234
0.9834349710287826	0.8921366853256649
0.9835347108838565	0.8860065215329282
0.9836344507389304	0.8845910304866085
0.9837341905940044	0.8818384599637107
0.9838339304490782	0.8806087793636832
0.9839336703041521	0.8834562526715686
0.9840334101592261	0.8822678796523019
0.9841331500143	0.8921067699044117
0.9842328898693739	0.8802399049236443
0.9843326297244478	0.887281406885969
0.9844323695795217	0.8834152157986617
0.9845321094345957	0.8838470262259623
0.9846318492896695	0.8909822529200696
0.9847315891447435	0.8904049454824108
0.9848313289998174	0.8826527071755829
0.9849310688548912	0.8809917091248571
0.9850308087099652	0.8911048124808664
0.9851305485650391	0.8872240877004336
0.9852302884201131	0.891303352220666
0.9853300282751869	0.8845285902473213
0.9854297681302608	0.8808448609471194
0.9855295079853348	0.8875168337560189
0.9856292478404087	0.8813428448240697
0.9857289876954826	0.8849623163404278
0.9858287275505565	0.8891155675603942
0.9859284674056304	0.8911240176814789
0.9860282072607043	0.8931393833907463
0.9861279471157782	0.8903614396413433
0.9862276869708522	0.8829423448351013
0.9863274268259261	0.8912423099915209
0.986427166681	0.8861190403256824
0.9865269065360739	0.8842677339742308
0.9866266463911478	0.8886653526403147
0.9867263862462217	0.8857009840573676
0.9868261261012956	0.8878327497304541
0.9869258659563696	0.8889539974539247
0.9870256058114435	0.8858646084513471
0.9871253456665173	0.8901786515947705
0.9872250855215913	0.8880172269094382
0.9873248253766652	0.8924617470736109
0.9874245652317392	0.8917296446440952
0.987524305086813	0.8884128707148862
0.9876240449418869	0.8822557571162761
0.9877237847969609	0.8813243847133758
0.9878235246520347	0.8846816070735845
0.9879232645071087	0.8896130240003959
0.9880230043621826	0.8912288909662693
0.9881227442172565	0.8831864068531775
0.9882224840723304	0.8901543602270429
0.9883222239274043	0.8821633102560302
0.9884219637824783	0.886145566153501
0.9885217036375522	0.8929305018022123
0.988621443492626	0.8901380165212751
0.9887211833477	0.885096049344957
0.9888209232027739	0.8875546135346564
0.9889206630578478	0.8882433103301636
0.9890204029129217	0.8890340444458024
0.9891201427679956	0.881308609914252
0.9892198826230696	0.8873017097732945
0.9893196224781434	0.8837432512518276
0.9894193623332174	0.8886376394509328
0.9895191021882913	0.8919598644338986
0.9896188420433651	0.8860919790900523
0.9897185818984391	0.8910291215003306
0.989818321753513	0.8922419704218477
0.989918061608587	0.8808436896125292
0.9900178014636608	0.8887057379617759
0.9901175413187348	0.8881831221712593
0.9902172811738087	0.8850373367201839
0.9903170210288826	0.879998026216583
0.9904167608839565	0.8871401459914007
0.9905165007390304	0.8915274769316581
0.9906162405941044	0.8817341939956422
0.9907159804491782	0.8832042747696677
0.9908157203042521	0.883735532282169
0.9909154601593261	0.8909734148102905
0.9910152000144	0.8888579402028952
0.9911149398694739	0.8907686848578992
0.9912146797245478	0.8871708197878468
0.9913144195796217	0.888214010599573
0.9914141594346957	0.8884387828326333
0.9915138992897695	0.8812861816838613
0.9916136391448435	0.8887995121226804
0.9917133789999174	0.8861737164657135
0.9918131188549912	0.8821366692507435
0.9919128587100652	0.8920825528646845
0.9920125985651391	0.8883933362746526
0.9921123384202131	0.8827338777816177
0.9922120782752869	0.8893956181270564
0.9923118181303608	0.8855198534375395
0.9924115579854348	0.8848689666195622
0.9925112978405086	0.8830154547840372
0.9926110376955826	0.8858305266330126
0.9927107775506565	0.8856496940890494
0.9928105174057305	0.8912378827172852
0.9929102572608043	0.8845705117805152
0.9930099971158782	0.8928758182032273
0.9931097369709522	0.8855016710339141
0.9932094768260261	0.8866534578999583
0.9933092166811	0.8888370211617462
0.9934089565361739	0.8900139598295406
0.9935086963912478	0.8876173868059738
0.9936084362463217	0.8854303665138559
0.9937081761013956	0.8894515173458923
0.9938079159564696	0.8865335781892191
0.9939076558115435	0.8830135826543821
0.9940073956666173	0.8842671515100147
0.9941071355216913	0.8857109890627798
0.9942068753767652	0.8810695834328193
0.9943066152318392	0.8927098419637627
0.994406355086913	0.8896402751835274
0.9945060949419869	0.883904578931435
0.9946058347970609	0.8915872817209882
0.9947055746521347	0.8868963180018927
0.9948053145072087	0.8823905807944482
0.9949050543622826	0.8926627313729045
0.9950047942173565	0.8803416751475228
0.9951045340724304	0.8889454889871904
0.9952042739275043	0.8883028280055288
0.9953040137825783	0.8802494477807254
0.9954037536376521	0.8822297863259558
0.995503493492726	0.8816857324665407
0.9956032333478	0.893196139282111
0.9957029732028739	0.8884460127576598
0.9958027130579478	0.892077351965579
0.9959024529130217	0.8812314932110509
0.9960021927680957	0.8897978504122418
0.9961019326231696	0.892257352510778
0.9962016724782434	0.8843427126382273
0.9963014123333174	0.8838410664699489
0.9964011521883913	0.890758263726688
0.9965008920434651	0.8902660013644947
0.9966006318985391	0.8814370971898307
0.996700371753613	0.8844330804315826
0.996800111608687	0.8925681245148145
0.9968998514637608	0.892920367696219
0.9969995913188348	0.8837378685442524
0.9970993311739087	0.8832031770245438
0.9971990710289826	0.8815720236794243
0.9972988108840565	0.8799994804604286
0.9973985507391304	0.88102706926568
0.9974982905942044	0.8874574814030027
0.9975980304492782	0.8806053775494205
0.9976977703043521	0.8818215852610878
0.9977975101594261	0.8911837772793388
0.9978972500145	0.8857470922408067
0.9979969898695739	0.8886637398771455
0.9980967297246478	0.8863543327735792
0.9981964695797217	0.8906026665799617
0.9982962094347956	0.8899005931081849
0.9983959492898695	0.8895904459270091
0.9984956891449435	0.8849261143148521
0.9985954290000174	0.8886801199833299
0.9986951688550912	0.8909903449299976
0.9987949087101652	0.8855486578719549
0.9988946485652391	0.8862368881046488
0.9989943884203131	0.8922942645065113
0.9990941282753869	0.8914171619467657
0.9991938681304608	0.8841884029978672
0.9992936079855348	0.8799618680486897
0.9993933478406086	0.889154374586259
0.9994930876956826	0.8869916922715394
0.9995928275507565	0.884150236950479
0.9996925674058305	0.8865054735009559
0.9997923072609043	0.8826254582846047
0.9998920471159782	0.8819784768907241
0.9999917869710522	0.8915153465908866